2026-08-17 14:01:10 Starting Lynis 3.0.8 with PID 76, build date 2022-05-17
2026-08-17 14:01:10 ====
2026-08-17 14:01:10 ### 2007-2021, CISOfy - https://cisofy.com/lynis/ ###
2026-08-17 14:01:10 Checking permissions of /usr/share/lynis/include/profiles
2026-08-17 14:01:10 File permissions are OK
2026-08-17 14:01:10 Reading profile/configuration /etc/lynis/default.prf
2026-08-17 14:01:10 Action: created temporary file /tmp/lynis.j8AwkBtE1l
2026-08-17 14:01:11 Language set via profile to ''
2026-08-17 14:01:11 Plugin 'authentication' enabled according profile (/etc/lynis/default.prf)
2026-08-17 14:01:11 Plugin 'compliance' enabled according profile (/etc/lynis/default.prf)
2026-08-17 14:01:11 Plugin 'configuration' enabled according profile (/etc/lynis/default.prf)
2026-08-17 14:01:11 Plugin 'control-panels' enabled according profile (/etc/lynis/default.prf)
2026-08-17 14:01:11 Plugin 'crypto' enabled according profile (/etc/lynis/default.prf)
2026-08-17 14:01:11 Plugin 'dns' enabled according profile (/etc/lynis/default.prf)
2026-08-17 14:01:11 Plugin 'docker' enabled according profile (/etc/lynis/default.prf)
2026-08-17 14:01:11 Plugin 'file-integrity' enabled according profile (/etc/lynis/default.prf)
2026-08-17 14:01:11 Plugin 'file-systems' enabled according profile (/etc/lynis/default.prf)
2026-08-17 14:01:11 Plugin 'firewalls' enabled according profile (/etc/lynis/default.prf)
2026-08-17 14:01:11 Plugin 'forensics' enabled according profile (/etc/lynis/default.prf)
2026-08-17 14:01:11 Plugin 'hardware' enabled according profile (/etc/lynis/default.prf)
2026-08-17 14:01:11 Plugin 'intrusion-detection' enabled according profile (/etc/lynis/default.prf)
2026-08-17 14:01:11 Plugin 'intrusion-prevention' enabled according profile (/etc/lynis/default.prf)
2026-08-17 14:01:11 Plugin 'kernel' enabled according profile (/etc/lynis/default.prf)
2026-08-17 14:01:11 Plugin 'malware' enabled according profile (/etc/lynis/default.prf)
2026-08-17 14:01:11 Plugin 'memory' enabled according profile (/etc/lynis/default.prf)
2026-08-17 14:01:11 Plugin 'nginx' enabled according profile (/etc/lynis/default.prf)
2026-08-17 14:01:11 Plugin 'pam' enabled according profile (/etc/lynis/default.prf)
2026-08-17 14:01:11 Plugin 'processes' enabled according profile (/etc/lynis/default.prf)
2026-08-17 14:01:11 Plugin 'security-modules' enabled according profile (/etc/lynis/default.prf)
2026-08-17 14:01:11 Plugin 'software' enabled according profile (/etc/lynis/default.prf)
2026-08-17 14:01:11 Plugin 'system-integrity' enabled according profile (/etc/lynis/default.prf)
2026-08-17 14:01:11 Plugin 'systemd' enabled according profile (/etc/lynis/default.prf)
2026-08-17 14:01:11 Plugin 'users' enabled according profile (/etc/lynis/default.prf)
2026-08-17 14:01:11 Plugin 'debian' enabled according profile (/etc/lynis/default.prf)
2026-08-17 14:01:11 Set option to default value: NTPD_ROLE --> client
2026-08-17 14:01:11 ====
2026-08-17 14:01:11 EOL check: 255
2026-08-17 14:01:11 Note: the end-of-life of 'Debian GNU/Linux 12 (bookworm)' could not be checked. Entry missing in software-eol.db?
2026-08-17 14:01:11 Program version:           3.0.8
2026-08-17 14:01:11 Operating system:          Linux
2026-08-17 14:01:11 Operating system name:     Debian
2026-08-17 14:01:11 Operating system version:  12
2026-08-17 14:01:11 Kernel version:            6.8.0
2026-08-17 14:01:11 Kernel version (full):     6.8.0-136-generic
2026-08-17 14:01:11 Hardware platform:         x86_64
2026-08-17 14:01:11 -----------------------------------------------------
2026-08-17 14:01:11 Hostname:                  webh034
2026-08-17 14:01:11 Auditor:                   [Not Specified]
2026-08-17 14:01:11 Profiles:                  /etc/lynis/default.prf
2026-08-17 14:01:11 Work directory:            /app
2026-08-17 14:01:11 Include directory:         /usr/share/lynis/include
2026-08-17 14:01:11 Plugin directory:          /etc/lynis/plugins
2026-08-17 14:01:11 -----------------------------------------------------
2026-08-17 14:01:11 Log file:                  /app/reports/2026-08-17T140026Z/lynis.log
2026-08-17 14:01:11 Report file:               /app/reports/2026-08-17T140026Z/lynis-report.dat
2026-08-17 14:01:11 Report version:            1.0
2026-08-17 14:01:11 -----------------------------------------------------
2026-08-17 14:01:11 Test category:             all
2026-08-17 14:01:11 Test group:                all
2026-08-17 14:01:11 BusyBox used:              0
2026-08-17 14:01:11 ====
2026-08-17 14:01:11 Test: Checking for program update...
2026-08-17 14:01:11 Upgrade test skipped due profile option set (skip_upgrade_test)
2026-08-17 14:01:11 Current installed version  : 308
2026-08-17 14:01:11 Latest stable version      : 308
2026-08-17 14:01:11 No Lynis update available.
2026-08-17 14:01:11 Suggestion: This release is more than 4 months old. Check the website or GitHub to see if there is an update available. [test:LYNIS] [details:-] [solution:-]
2026-08-17 14:01:11 ====
2026-08-17 14:01:11 Checking permissions of /usr/share/lynis/include/binaries
2026-08-17 14:01:11 File permissions are OK
2026-08-17 14:01:11 ====
2026-08-17 14:01:11 Action: Performing tests from category: System tools
2026-08-17 14:01:11 Start scanning for available audit binaries and tools...
2026-08-17 14:01:11 ====
2026-08-17 14:01:11 Performing test ID CORE-1000 (Check all system binaries)
2026-08-17 14:01:11 Status: Starting binary scan...
2026-08-17 14:01:12 Test: Checking binaries in directory /bin
2026-08-17 14:01:12 Result: directory exists, but is actually a symlink
2026-08-17 14:01:12 Action: checking symlink for file /bin
2026-08-17 14:01:12 Setting temporary readlinkbinary variable
2026-08-17 14:01:12 Note: Using real readlink binary to determine symlink on /bin
2026-08-17 14:01:12 Result: readlink shows /usr/bin as output
2026-08-17 14:01:12 Result: symlink found, pointing to directory /usr/bin
2026-08-17 14:01:12 Result: found the path behind this symlink (/bin --> /usr/bin)
2026-08-17 14:01:12 Directory /usr/bin exists. Starting directory scanning...
2026-08-17 14:01:12   Found known binary: apt (package manager) - /usr/bin/apt
2026-08-17 14:01:12   Found known binary: awk (string tool) - /usr/bin/awk
2026-08-17 14:01:12   Found known binary: base64 (encoding tool) - /usr/bin/base64
2026-08-17 14:01:12   Found known binary: cat (generic file handling) - /usr/bin/cat
2026-08-17 14:01:12   Found known binary: comm (file compare) - /usr/bin/comm
2026-08-17 14:01:12   Found known binary: curl (browser, download utility) - /usr/bin/curl
2026-08-17 14:01:12   Found known binary: cut (text stream editor) - /usr/bin/cut
2026-08-17 14:01:12   Found known binary: debsecan (package vulnerability checking) - /usr/bin/debsecan
2026-08-17 14:01:12   Found known binary: dig (network/dns tool) - /usr/bin/dig
2026-08-17 14:01:12   Found known binary: dnsdomainname (DNS domain) - /usr/bin/dnsdomainname
2026-08-17 14:01:12   Found known binary: domainname (NIS domain) - /usr/bin/domainname
2026-08-17 14:01:12   Found known binary: dpkg (package management) - /usr/bin/dpkg
2026-08-17 14:01:12   Found known binary: egrep (text search) - /usr/bin/egrep
2026-08-17 14:01:12   Found known binary: find (search tool) - /usr/bin/find
2026-08-17 14:01:12   Found known binary: getent (query tool for name service switch libraries) - /usr/bin/getent
2026-08-17 14:01:12   Found known binary: grep (text search) - /usr/bin/grep
2026-08-17 14:01:12   Found known binary: gzip (compressing utility) - /usr/bin/gzip
2026-08-17 14:01:12   Found known binary: head (text filter) - /usr/bin/head
2026-08-17 14:01:12   Found known binary: ip (IP configuration) - /usr/bin/ip
2026-08-17 14:01:12   Found known binary: ls (file listing) - /usr/bin/ls
2026-08-17 14:01:12   Found known binary: lsattr (file attributes) - /usr/bin/lsattr
2026-08-17 14:01:12   Found known binary: lsblk (block devices) - /usr/bin/lsblk
2026-08-17 14:01:12   Found known binary: md5sum (hash tool) - /usr/bin/md5sum
2026-08-17 14:01:12   Found known binary: mount (disk utility) - /usr/bin/mount
2026-08-17 14:01:12 Found /usr/bin/nmap (version 7.93)
2026-08-17 14:01:12 Found /usr/bin/openssl (version 3.0.20)
2026-08-17 14:01:12 Found /usr/bin/perl (version 5.36.0)
2026-08-17 14:01:12 Found known binary: python3 (programming language interpreter) - /usr/bin/python3 (version 3.11.2)
2026-08-17 14:01:12   Found known binary: readlink (follows symlinks) - /usr/bin/readlink
2026-08-17 14:01:12   Found known binary: sed (text stream editor) - /usr/bin/sed
2026-08-17 14:01:12   Found known binary: sha1/sha1sum/shasum (crypto hashing) - /usr/bin/sha1sum
2026-08-17 14:01:12   Found known binary: sha256/sha256sum (crypto hashing) - /usr/bin/sha256sum
2026-08-17 14:01:12   Found known binary: sha1/sha1sum/shasum (crypto hashing) - /usr/bin/shasum
2026-08-17 14:01:12   Found known binary: sort (sort data streams) - /usr/bin/sort
2026-08-17 14:01:12   Found known binary: ss (show sockets) - /usr/bin/ss
2026-08-17 14:01:12   Found known binary: stat (file information) - /usr/bin/stat
2026-08-17 14:01:12   Found known binary: tail (text filter) - /usr/bin/tail
2026-08-17 14:01:12   Found known binary: tr (text transformation) - /usr/bin/tr
2026-08-17 14:01:12   Found known binary: uname (operating system details) - /usr/bin/uname
2026-08-17 14:01:12   Found known binary: uniq (text manipulation utility) - /usr/bin/uniq
2026-08-17 14:01:12   Found known binary: wc (word count) - /usr/bin/wc
2026-08-17 14:01:12   Found known binary: xargs (command output redirection) - /usr/bin/xargs
2026-08-17 14:01:12   Found known binary: zgrep (text search for compressed files) - /usr/bin/zgrep
2026-08-17 14:01:12 Test: Checking binaries in directory /sbin
2026-08-17 14:01:12 Result: directory exists, but is actually a symlink
2026-08-17 14:01:12 Action: checking symlink for file /sbin
2026-08-17 14:01:12 Note: Using real readlink binary to determine symlink on /sbin
2026-08-17 14:01:12 Result: readlink shows /usr/sbin as output
2026-08-17 14:01:12 Result: symlink found, pointing to directory /usr/sbin
2026-08-17 14:01:12 Result: found the path behind this symlink (/sbin --> /usr/sbin)
2026-08-17 14:01:12 Directory /usr/sbin exists. Starting directory scanning...
2026-08-17 14:01:12   Found known binary: blkid (information about block devices) - /usr/sbin/blkid
2026-08-17 14:01:12   Found known binary: getcap (kernel capabilities) - /usr/sbin/getcap
2026-08-17 14:01:12   Found known binary: grpck (consistency checker) - /usr/sbin/grpck
2026-08-17 14:01:12   Found known binary: ip (IP configuration) - /usr/sbin/ip
2026-08-17 14:01:12   Found known binary: iptables (firewall) - /usr/sbin/iptables
2026-08-17 14:01:12   Found known binary: iptables-save (firewall) - /usr/sbin/iptables-save
2026-08-17 14:01:12   Found known binary: nft (nftables client) - /usr/sbin/nft
2026-08-17 14:01:12   Found known binary: service (system services) - /usr/sbin/service
2026-08-17 14:01:12   Found known binary: swapon (swap device tool) - /usr/sbin/swapon
2026-08-17 14:01:12   Found known binary: tune2fs (file system tool) - /usr/sbin/tune2fs
2026-08-17 14:01:12 Test: Checking binaries in directory /usr/bin
2026-08-17 14:01:12 Result: Skipping this directory as it was already scanned
2026-08-17 14:01:12 Result: Directory /usr/bin skipped
2026-08-17 14:01:12 Test: Checking binaries in directory /usr/sbin
2026-08-17 14:01:12 Result: Skipping this directory as it was already scanned
2026-08-17 14:01:12 Result: Directory /usr/sbin skipped
2026-08-17 14:01:12 Test: Checking binaries in directory /usr/local/bin
2026-08-17 14:01:12 Directory /usr/local/bin exists. Starting directory scanning...
2026-08-17 14:01:12 Test: Checking binaries in directory /usr/local/sbin
2026-08-17 14:01:12 Directory /usr/local/sbin exists. Starting directory scanning...
2026-08-17 14:01:12 Discovered directories: /usr/bin,/usr/sbin,/usr/local/bin,/usr/local/sbin
2026-08-17 14:01:12 Result: found 557 binaries including 9 set-uid and 4 set-gid
2026-08-17 14:01:12 Result: set-uid binaries: /usr/bin/chfn /usr/bin/chsh /usr/bin/gpasswd /usr/bin/mount /usr/bin/newgrp /usr/bin/passwd /usr/bin/sg /usr/bin/su /usr/bin/umount 
2026-08-17 14:01:12 Result: set-gid binaries: /usr/bin/chage /usr/bin/crontab /usr/bin/expiry /usr/sbin/unix_chkpwd 
2026-08-17 14:01:12 ====
2026-08-17 14:01:12 Informational: package manager is used
2026-08-17 14:01:12 Test: Determine if this system is a virtual machine
2026-08-17 14:01:12 Result: facter utility not found
2026-08-17 14:01:12 Result: systemd-detect-virt not found
2026-08-17 14:01:12 Test: trying to guess virtualization with lscpu
2026-08-17 14:01:12 Result: can't find hypervisor vendor with lscpu
2026-08-17 14:01:12 Result: dmidecode not found (or no access)
2026-08-17 14:01:12 Test: trying to guess virtual machine type by running processes
2026-08-17 14:01:12 Performing ps scan using partial match and without uid
2026-08-17 14:01:12 IsRunning: process 'vmware-guestd' not found
2026-08-17 14:01:12 Performing ps scan using partial match and without uid
2026-08-17 14:01:12 IsRunning: process 'vmtoolsd' not found
2026-08-17 14:01:12 Performing ps scan using partial match and without uid
2026-08-17 14:01:12 IsRunning: process 'vboxguest-service' not found
2026-08-17 14:01:12 Performing ps scan using partial match and without uid
2026-08-17 14:01:12 IsRunning: process 'VBoxClient' not found
2026-08-17 14:01:12 Performing ps scan using partial match and without uid
2026-08-17 14:01:12 IsRunning: process 'VBoxService' not found
2026-08-17 14:01:12 Test: checking specific files for Amazon
2026-08-17 14:01:12 Result: system not hosted on Amazon
2026-08-17 14:01:12 Test: trying to guess virtual machine type by sysctl keys
2026-08-17 14:01:12 Result: skipped lshw test, as we are non-privileged and need more permissions to run lshw
2026-08-17 14:01:12 Result: unknown if this system is a virtual machine
2026-08-17 14:01:12 Result: Lynis is not running in container
2026-08-17 14:01:12 Result: systemd not found
2026-08-17 14:01:12 ====
2026-08-17 14:01:12 Action: Performing plugin tests
2026-08-17 14:01:12 Searching plugins...
2026-08-17 14:01:12 Found plugin file: /etc/lynis/plugins/plugin_debian_phase1
2026-08-17 14:01:12 Action: checking plugin status in profile: /etc/lynis/default.prf
2026-08-17 14:01:12 Result: plugin enabled in profile (/etc/lynis/default.prf)
2026-08-17 14:01:12 Result: plugin debian is enabled
2026-08-17 14:01:12 Checking permissions of /etc/lynis/plugins/plugin_debian_phase1
2026-08-17 14:01:12 File permissions are OK
2026-08-17 14:01:12 Including plugin file: /etc/lynis/plugins/plugin_debian_phase1 (version: 1.0.1)
2026-08-17 14:01:12 ====
2026-08-17 14:01:12 Action: Performing tests from category: Debian Tests
2026-08-17 14:01:12 ====
2026-08-17 14:01:12 Performing test ID DEB-0001 (Check for system binaries required by Debian Tests)
2026-08-17 14:01:12 Status: Starting binary scan...
2026-08-17 14:01:12 Test: Checking binaries in directory /bin
2026-08-17 14:01:12 Directory /bin exists. Starting directory scanning...
2026-08-17 14:01:12 Binary: /bin/[
2026-08-17 14:01:12 Binary: /bin/addpart
2026-08-17 14:01:12 Binary: /bin/apt
2026-08-17 14:01:12 Binary: /bin/apt-cache
2026-08-17 14:01:12 Binary: /bin/apt-cdrom
2026-08-17 14:01:12 Binary: /bin/apt-config
2026-08-17 14:01:12 Binary: /bin/apt-get
2026-08-17 14:01:12 Binary: /bin/apt-key
2026-08-17 14:01:12 Binary: /bin/apt-mark
2026-08-17 14:01:12 Binary: /bin/arch
2026-08-17 14:01:12 Binary: /bin/awk
2026-08-17 14:01:12 Binary: /bin/b2sum
2026-08-17 14:01:12 Binary: /bin/base32
2026-08-17 14:01:12 Binary: /bin/base64
2026-08-17 14:01:12 Binary: /bin/basename
2026-08-17 14:01:12 Binary: /bin/basenc
2026-08-17 14:01:12 Binary: /bin/bash
2026-08-17 14:01:12 Binary: /bin/bashbug
2026-08-17 14:01:12 Binary: /bin/c_rehash
2026-08-17 14:01:12 Binary: /bin/cal
2026-08-17 14:01:12 Binary: /bin/captoinfo
2026-08-17 14:01:12 Binary: /bin/cat
2026-08-17 14:01:12 Binary: /bin/chage
2026-08-17 14:01:12 Binary: /bin/chattr
2026-08-17 14:01:12 Binary: /bin/chcon
2026-08-17 14:01:12 Binary: /bin/chfn
2026-08-17 14:01:12 Binary: /bin/chgrp
2026-08-17 14:01:12 Binary: /bin/chmod
2026-08-17 14:01:12 Binary: /bin/choom
2026-08-17 14:01:12 Binary: /bin/chown
2026-08-17 14:01:12 Binary: /bin/chrt
2026-08-17 14:01:12 Binary: /bin/chsh
2026-08-17 14:01:12 Binary: /bin/cksum
2026-08-17 14:01:12 Binary: /bin/clear
2026-08-17 14:01:12 Binary: /bin/clear_console
2026-08-17 14:01:12 Binary: /bin/cmp
2026-08-17 14:01:12 Binary: /bin/col
2026-08-17 14:01:12 Binary: /bin/colcrt
2026-08-17 14:01:12 Binary: /bin/colrm
2026-08-17 14:01:12 Binary: /bin/column
2026-08-17 14:01:12 Binary: /bin/comm
2026-08-17 14:01:12 Binary: /bin/corelist
2026-08-17 14:01:12 Binary: /bin/cp
2026-08-17 14:01:12 Binary: /bin/cpan
2026-08-17 14:01:12 Binary: /bin/cpan5.36-x86_64-linux-gnu
2026-08-17 14:01:12 Binary: /bin/crontab
2026-08-17 14:01:12 Binary: /bin/csplit
2026-08-17 14:01:12 Binary: /bin/ctstat
2026-08-17 14:01:12 Binary: /bin/curl
2026-08-17 14:01:12 Binary: /bin/cut
2026-08-17 14:01:12 Binary: /bin/dash
2026-08-17 14:01:12 Binary: /bin/date
2026-08-17 14:01:12 Binary: /bin/dd
2026-08-17 14:01:12 Binary: /bin/deb-systemd-helper
2026-08-17 14:01:12 Binary: /bin/deb-systemd-invoke
2026-08-17 14:01:12 Binary: /bin/debconf
2026-08-17 14:01:12 Binary: /bin/debconf-apt-progress
2026-08-17 14:01:12 Binary: /bin/debconf-communicate
2026-08-17 14:01:12 Binary: /bin/debconf-copydb
2026-08-17 14:01:12 Binary: /bin/debconf-escape
2026-08-17 14:01:12 Binary: /bin/debconf-set-selections
2026-08-17 14:01:12 Binary: /bin/debconf-show
2026-08-17 14:01:12 Binary: /bin/debsecan
2026-08-17 14:01:12 Binary: /bin/delpart
2026-08-17 14:01:12 Binary: /bin/delv
2026-08-17 14:01:12 Binary: /bin/df
2026-08-17 14:01:12 Binary: /bin/diff
2026-08-17 14:01:12 Binary: /bin/diff3
2026-08-17 14:01:12 Binary: /bin/dig
2026-08-17 14:01:12 Binary: /bin/dir
2026-08-17 14:01:12 Binary: /bin/dircolors
2026-08-17 14:01:12 Binary: /bin/dirname
2026-08-17 14:01:12 Binary: /bin/dmesg
2026-08-17 14:01:12 Binary: /bin/dnsdomainname
2026-08-17 14:01:12 Binary: /bin/dnstap-read
2026-08-17 14:01:12 Binary: /bin/domainname
2026-08-17 14:01:12 Binary: /bin/dpkg
2026-08-17 14:01:12 Binary: /bin/dpkg-deb
2026-08-17 14:01:12 Binary: /bin/dpkg-divert
2026-08-17 14:01:12 Binary: /bin/dpkg-maintscript-helper
2026-08-17 14:01:12 Binary: /bin/dpkg-query
2026-08-17 14:01:12 Binary: /bin/dpkg-realpath
2026-08-17 14:01:12 Binary: /bin/dpkg-split
2026-08-17 14:01:12 Binary: /bin/dpkg-statoverride
2026-08-17 14:01:12 Binary: /bin/dpkg-trigger
2026-08-17 14:01:12 Binary: /bin/du
2026-08-17 14:01:12 Binary: /bin/echo
2026-08-17 14:01:12 Binary: /bin/egrep
2026-08-17 14:01:12 Binary: /bin/enc2xs
2026-08-17 14:01:12 Binary: /bin/encguess
2026-08-17 14:01:12 Binary: /bin/env
2026-08-17 14:01:12 Binary: /bin/expand
2026-08-17 14:01:12 Binary: /bin/expiry
2026-08-17 14:01:12 Binary: /bin/expr
2026-08-17 14:01:12 Binary: /bin/factor
2026-08-17 14:01:12 Binary: /bin/faillog
2026-08-17 14:01:12 Binary: /bin/fallocate
2026-08-17 14:01:12 Binary: /bin/false
2026-08-17 14:01:12 Binary: /bin/fgrep
2026-08-17 14:01:12 Binary: /bin/fincore
2026-08-17 14:01:12 Binary: /bin/find
2026-08-17 14:01:12 Binary: /bin/findmnt
2026-08-17 14:01:12 Binary: /bin/flock
2026-08-17 14:01:12 Binary: /bin/fmt
2026-08-17 14:01:12 Binary: /bin/fold
2026-08-17 14:01:12 Binary: /bin/getconf
2026-08-17 14:01:12 Binary: /bin/getent
2026-08-17 14:01:12 Binary: /bin/getopt
2026-08-17 14:01:12 Binary: /bin/git
2026-08-17 14:01:12 Binary: /bin/git-receive-pack
2026-08-17 14:01:12 Binary: /bin/git-shell
2026-08-17 14:01:12 Binary: /bin/git-upload-archive
2026-08-17 14:01:12 Binary: /bin/git-upload-pack
2026-08-17 14:01:12 Binary: /bin/gpasswd
2026-08-17 14:01:12 Binary: /bin/gpgv
2026-08-17 14:01:12 Binary: /bin/grep
2026-08-17 14:01:12 Binary: /bin/groups
2026-08-17 14:01:12 Binary: /bin/gunzip
2026-08-17 14:01:12 Binary: /bin/gzexe
2026-08-17 14:01:12 Binary: /bin/gzip
2026-08-17 14:01:12 Binary: /bin/h2ph
2026-08-17 14:01:12 Binary: /bin/h2xs
2026-08-17 14:01:12 Binary: /bin/hardlink
2026-08-17 14:01:12 Binary: /bin/hd
2026-08-17 14:01:12 Binary: /bin/head
2026-08-17 14:01:12 Binary: /bin/hexdump
2026-08-17 14:01:12 Binary: /bin/host
2026-08-17 14:01:12 Binary: /bin/hostid
2026-08-17 14:01:12 Binary: /bin/hostname
2026-08-17 14:01:12 Binary: /bin/i386
2026-08-17 14:01:12 Binary: /bin/iconv
2026-08-17 14:01:12 Binary: /bin/id
2026-08-17 14:01:12 Binary: /bin/infocmp
2026-08-17 14:01:12 Binary: /bin/infotocap
2026-08-17 14:01:12 Binary: /bin/install
2026-08-17 14:01:12 Binary: /bin/instmodsh
2026-08-17 14:01:12 Binary: /bin/ionice
2026-08-17 14:01:12 Binary: /bin/ip
2026-08-17 14:01:12 Binary: /bin/ipcmk
2026-08-17 14:01:12 Binary: /bin/ipcrm
2026-08-17 14:01:12 Binary: /bin/ipcs
2026-08-17 14:01:12 Binary: /bin/iptables-xml
2026-08-17 14:01:12 Binary: /bin/ischroot
2026-08-17 14:01:12 Binary: /bin/join
2026-08-17 14:01:12 Binary: /bin/jq
2026-08-17 14:01:12 Binary: /bin/json_pp
2026-08-17 14:01:12 Binary: /bin/last
2026-08-17 14:01:12 Binary: /bin/lastb
2026-08-17 14:01:12 Binary: /bin/lastlog
2026-08-17 14:01:12 Binary: /bin/lcf
2026-08-17 14:01:12 Binary: /bin/ld.so
2026-08-17 14:01:12 Binary: /bin/ldd
2026-08-17 14:01:12 Binary: /bin/libnetcfg
2026-08-17 14:01:12 Binary: /bin/link
2026-08-17 14:01:12 Binary: /bin/linux32
2026-08-17 14:01:12 Binary: /bin/linux64
2026-08-17 14:01:12 Binary: /bin/ln
2026-08-17 14:01:12 Binary: /bin/lnstat
2026-08-17 14:01:12 Binary: /bin/locale
2026-08-17 14:01:12 Binary: /bin/localedef
2026-08-17 14:01:12 Binary: /bin/logger
2026-08-17 14:01:12 Binary: /bin/login
2026-08-17 14:01:12 Binary: /bin/logname
2026-08-17 14:01:12 Binary: /bin/look
2026-08-17 14:01:12 Binary: /bin/ls
2026-08-17 14:01:12 Binary: /bin/lsattr
2026-08-17 14:01:12 Binary: /bin/lsblk
2026-08-17 14:01:12 Binary: /bin/lscpu
2026-08-17 14:01:12 Binary: /bin/lsfd
2026-08-17 14:01:12 Binary: /bin/lsipc
2026-08-17 14:01:12 Binary: /bin/lsirq
2026-08-17 14:01:12 Binary: /bin/lslocks
2026-08-17 14:01:12 Binary: /bin/lslogins
2026-08-17 14:01:12 Binary: /bin/lsmem
2026-08-17 14:01:12 Binary: /bin/lsns
2026-08-17 14:01:12 Binary: /bin/mawk
2026-08-17 14:01:12 Binary: /bin/mcookie
2026-08-17 14:01:12 Binary: /bin/md5sum
2026-08-17 14:01:12 Binary: /bin/md5sum.textutils
2026-08-17 14:01:12 Binary: /bin/mdig
2026-08-17 14:01:12 Binary: /bin/mesg
2026-08-17 14:01:12 Binary: /bin/mkdir
2026-08-17 14:01:12 Binary: /bin/mkfifo
2026-08-17 14:01:12 Binary: /bin/mknod
2026-08-17 14:01:12 Binary: /bin/mktemp
2026-08-17 14:01:12 Binary: /bin/more
2026-08-17 14:01:12 Binary: /bin/mount
2026-08-17 14:01:12   Fount known binary: mount (File system tool) - /bin/mount
2026-08-17 14:01:12 Binary: /bin/mountpoint
2026-08-17 14:01:12 Binary: /bin/mv
2026-08-17 14:01:12 Binary: /bin/namei
2026-08-17 14:01:12 Binary: /bin/nawk
2026-08-17 14:01:12 Binary: /bin/ncal
2026-08-17 14:01:12 Binary: /bin/newgrp
2026-08-17 14:01:12 Binary: /bin/nice
2026-08-17 14:01:12 Binary: /bin/nisdomainname
2026-08-17 14:01:12 Binary: /bin/nl
2026-08-17 14:01:12 Binary: /bin/nmap
2026-08-17 14:01:12 Binary: /bin/nohup
2026-08-17 14:01:12 Binary: /bin/nping
2026-08-17 14:01:12 Binary: /bin/nproc
2026-08-17 14:01:12 Binary: /bin/nsenter
2026-08-17 14:01:12 Binary: /bin/nslookup
2026-08-17 14:01:12 Binary: /bin/nstat
2026-08-17 14:01:12 Binary: /bin/nsupdate
2026-08-17 14:01:12 Binary: /bin/numfmt
2026-08-17 14:01:12 Binary: /bin/od
2026-08-17 14:01:12 Binary: /bin/openssl
2026-08-17 14:01:12 Binary: /bin/pager
2026-08-17 14:01:12 Binary: /bin/partx
2026-08-17 14:01:12 Binary: /bin/passwd
2026-08-17 14:01:12 Binary: /bin/paste
2026-08-17 14:01:12 Binary: /bin/pathchk
2026-08-17 14:01:12 Binary: /bin/pdb3
2026-08-17 14:01:12 Binary: /bin/pdb3.11
2026-08-17 14:01:12 Binary: /bin/perl
2026-08-17 14:01:12 Binary: /bin/perl5.36-x86_64-linux-gnu
2026-08-17 14:01:12 Binary: /bin/perl5.36.0
2026-08-17 14:01:12 Binary: /bin/perlbug
2026-08-17 14:01:12 Binary: /bin/perldoc
2026-08-17 14:01:12 Binary: /bin/perlivp
2026-08-17 14:01:12 Binary: /bin/perlthanks
2026-08-17 14:01:12 Binary: /bin/piconv
2026-08-17 14:01:12 Binary: /bin/pidof
2026-08-17 14:01:12 Binary: /bin/pinky
2026-08-17 14:01:12 Binary: /bin/pip
2026-08-17 14:01:12 Binary: /bin/pip3
2026-08-17 14:01:12 Binary: /bin/pip3.11
2026-08-17 14:01:12 Binary: /bin/pl2pm
2026-08-17 14:01:12 Binary: /bin/pldd
2026-08-17 14:01:12 Binary: /bin/pod2html
2026-08-17 14:01:12 Binary: /bin/pod2man
2026-08-17 14:01:12 Binary: /bin/pod2text
2026-08-17 14:01:12 Binary: /bin/pod2usage
2026-08-17 14:01:12 Binary: /bin/podchecker
2026-08-17 14:01:12 Binary: /bin/pr
2026-08-17 14:01:12 Binary: /bin/printenv
2026-08-17 14:01:12 Binary: /bin/printf
2026-08-17 14:01:12 Binary: /bin/prlimit
2026-08-17 14:01:12 Binary: /bin/prove
2026-08-17 14:01:12 Binary: /bin/ptar
2026-08-17 14:01:12 Binary: /bin/ptardiff
2026-08-17 14:01:12 Binary: /bin/ptargrep
2026-08-17 14:01:12 Binary: /bin/ptx
2026-08-17 14:01:12 Binary: /bin/pwd
2026-08-17 14:01:12 Binary: /bin/py3clean
2026-08-17 14:01:12 Binary: /bin/py3compile
2026-08-17 14:01:12 Binary: /bin/py3versions
2026-08-17 14:01:12 Binary: /bin/pydoc3
2026-08-17 14:01:12 Binary: /bin/pydoc3.11
2026-08-17 14:01:12 Binary: /bin/pygettext3
2026-08-17 14:01:12 Binary: /bin/pygettext3.11
2026-08-17 14:01:13 Binary: /bin/python3
2026-08-17 14:01:13 Binary: /bin/python3.11
2026-08-17 14:01:13 Binary: /bin/rbash
2026-08-17 14:01:13 Binary: /bin/rdma
2026-08-17 14:01:13 Binary: /bin/readlink
2026-08-17 14:01:13 Binary: /bin/realpath
2026-08-17 14:01:13 Binary: /bin/rename.ul
2026-08-17 14:01:13 Binary: /bin/renice
2026-08-17 14:01:13 Binary: /bin/reset
2026-08-17 14:01:13 Binary: /bin/resizepart
2026-08-17 14:01:13 Binary: /bin/rev
2026-08-17 14:01:13 Binary: /bin/rgrep
2026-08-17 14:01:13 Binary: /bin/rm
2026-08-17 14:01:13 Binary: /bin/rmdir
2026-08-17 14:01:13 Binary: /bin/routel
2026-08-17 14:01:13 Binary: /bin/rtstat
2026-08-17 14:01:13 Binary: /bin/run-parts
2026-08-17 14:01:13 Binary: /bin/runcon
2026-08-17 14:01:13 Binary: /bin/savelog
2026-08-17 14:01:13 Binary: /bin/scalar
2026-08-17 14:01:13 Binary: /bin/script
2026-08-17 14:01:13 Binary: /bin/scriptlive
2026-08-17 14:01:13 Binary: /bin/scriptreplay
2026-08-17 14:01:13 Binary: /bin/sdiff
2026-08-17 14:01:13 Binary: /bin/sed
2026-08-17 14:01:13 Binary: /bin/select-editor
2026-08-17 14:01:13 Binary: /bin/sensible-browser
2026-08-17 14:01:13 Binary: /bin/sensible-editor
2026-08-17 14:01:13 Binary: /bin/sensible-pager
2026-08-17 14:01:13 Binary: /bin/seq
2026-08-17 14:01:13 Binary: /bin/setarch
2026-08-17 14:01:13 Binary: /bin/setpriv
2026-08-17 14:01:13 Binary: /bin/setsid
2026-08-17 14:01:13 Binary: /bin/setterm
2026-08-17 14:01:13 Binary: /bin/sg
2026-08-17 14:01:13 Binary: /bin/sh
2026-08-17 14:01:13 Binary: /bin/sha1sum
2026-08-17 14:01:13 Binary: /bin/sha224sum
2026-08-17 14:01:13 Binary: /bin/sha256sum
2026-08-17 14:01:13 Binary: /bin/sha384sum
2026-08-17 14:01:13 Binary: /bin/sha512sum
2026-08-17 14:01:13 Binary: /bin/shasum
2026-08-17 14:01:13 Binary: /bin/shred
2026-08-17 14:01:13 Binary: /bin/shuf
2026-08-17 14:01:13 Binary: /bin/sleep
2026-08-17 14:01:13 Binary: /bin/sort
2026-08-17 14:01:13 Binary: /bin/splain
2026-08-17 14:01:13 Binary: /bin/split
2026-08-17 14:01:13 Binary: /bin/ss
2026-08-17 14:01:13 Binary: /bin/stat
2026-08-17 14:01:13 Binary: /bin/stdbuf
2026-08-17 14:01:13 Binary: /bin/streamzip
2026-08-17 14:01:13 Binary: /bin/stty
2026-08-17 14:01:13 Binary: /bin/su
2026-08-17 14:01:13 Binary: /bin/sum
2026-08-17 14:01:13 Binary: /bin/sync
2026-08-17 14:01:13 Binary: /bin/tabs
2026-08-17 14:01:13 Binary: /bin/tac
2026-08-17 14:01:13 Binary: /bin/tail
2026-08-17 14:01:13 Binary: /bin/tar
2026-08-17 14:01:13 Binary: /bin/taskset
2026-08-17 14:01:13 Binary: /bin/tee
2026-08-17 14:01:13 Binary: /bin/tempfile
2026-08-17 14:01:13 Binary: /bin/test
2026-08-17 14:01:13 Binary: /bin/tic
2026-08-17 14:01:13 Binary: /bin/timeout
2026-08-17 14:01:13 Binary: /bin/toe
2026-08-17 14:01:13 Binary: /bin/touch
2026-08-17 14:01:13 Binary: /bin/tput
2026-08-17 14:01:13 Binary: /bin/tr
2026-08-17 14:01:13 Binary: /bin/true
2026-08-17 14:01:13 Binary: /bin/truncate
2026-08-17 14:01:13 Binary: /bin/tset
2026-08-17 14:01:13 Binary: /bin/tsort
2026-08-17 14:01:13 Binary: /bin/tty
2026-08-17 14:01:13 Binary: /bin/tzselect
2026-08-17 14:01:13 Binary: /bin/ucf
2026-08-17 14:01:13 Binary: /bin/ucfq
2026-08-17 14:01:13 Binary: /bin/ucfr
2026-08-17 14:01:13 Binary: /bin/uclampset
2026-08-17 14:01:13 Binary: /bin/ul
2026-08-17 14:01:13 Binary: /bin/umount
2026-08-17 14:01:13 Binary: /bin/uname
2026-08-17 14:01:13 Binary: /bin/uncompress
2026-08-17 14:01:13 Binary: /bin/unexpand
2026-08-17 14:01:13 Binary: /bin/uniq
2026-08-17 14:01:13 Binary: /bin/unlink
2026-08-17 14:01:13 Binary: /bin/unshare
2026-08-17 14:01:13 Binary: /bin/update-alternatives
2026-08-17 14:01:13 Binary: /bin/users
2026-08-17 14:01:13 Binary: /bin/utmpdump
2026-08-17 14:01:13 Binary: /bin/vdir
2026-08-17 14:01:13 Binary: /bin/wall
2026-08-17 14:01:13 Binary: /bin/wc
2026-08-17 14:01:13 Binary: /bin/wdctl
2026-08-17 14:01:13 Binary: /bin/whereis
2026-08-17 14:01:13 Binary: /bin/which
2026-08-17 14:01:13 Binary: /bin/which.debianutils
2026-08-17 14:01:13 Binary: /bin/who
2026-08-17 14:01:13 Binary: /bin/whoami
2026-08-17 14:01:13 Binary: /bin/write
2026-08-17 14:01:13 Binary: /bin/x86_64
2026-08-17 14:01:13 Binary: /bin/xargs
2026-08-17 14:01:13 Binary: /bin/xsubpp
2026-08-17 14:01:13 Binary: /bin/yes
2026-08-17 14:01:13 Binary: /bin/ypdomainname
2026-08-17 14:01:13 Binary: /bin/zcat
2026-08-17 14:01:13 Binary: /bin/zcmp
2026-08-17 14:01:13 Binary: /bin/zdiff
2026-08-17 14:01:13 Binary: /bin/zdump
2026-08-17 14:01:13 Binary: /bin/zegrep
2026-08-17 14:01:13 Binary: /bin/zfgrep
2026-08-17 14:01:13 Binary: /bin/zforce
2026-08-17 14:01:13 Binary: /bin/zgrep
2026-08-17 14:01:13 Binary: /bin/zipdetails
2026-08-17 14:01:13 Binary: /bin/zless
2026-08-17 14:01:13 Binary: /bin/zmore
2026-08-17 14:01:13 Binary: /bin/znew
2026-08-17 14:01:13 ====
2026-08-17 14:01:13 Test: Checking binaries in directory /sbin
2026-08-17 14:01:13 Directory /sbin exists. Starting directory scanning...
2026-08-17 14:01:13 Binary: /sbin/add-shell
2026-08-17 14:01:13 Binary: /sbin/addgroup
2026-08-17 14:01:13 Binary: /sbin/adduser
2026-08-17 14:01:13 Binary: /sbin/agetty
2026-08-17 14:01:13 Binary: /sbin/arpd
2026-08-17 14:01:13 Binary: /sbin/arptables
2026-08-17 14:01:13 Binary: /sbin/arptables-nft
2026-08-17 14:01:13 Binary: /sbin/arptables-nft-restore
2026-08-17 14:01:13 Binary: /sbin/arptables-nft-save
2026-08-17 14:01:13 Binary: /sbin/arptables-restore
2026-08-17 14:01:13 Binary: /sbin/arptables-save
2026-08-17 14:01:13 Binary: /sbin/badblocks
2026-08-17 14:01:13 Binary: /sbin/blkdiscard
2026-08-17 14:01:13 Binary: /sbin/blkid
2026-08-17 14:01:13 Binary: /sbin/blkzone
2026-08-17 14:01:13 Binary: /sbin/blockdev
2026-08-17 14:01:13 Binary: /sbin/bridge
2026-08-17 14:01:13 Binary: /sbin/capsh
2026-08-17 14:01:13 Binary: /sbin/chcpu
2026-08-17 14:01:13 Binary: /sbin/chgpasswd
2026-08-17 14:01:13 Binary: /sbin/chmem
2026-08-17 14:01:13 Binary: /sbin/chpasswd
2026-08-17 14:01:13 Binary: /sbin/chroot
2026-08-17 14:01:13 Binary: /sbin/cpgr
2026-08-17 14:01:13 Binary: /sbin/cppw
2026-08-17 14:01:13 Binary: /sbin/cron
2026-08-17 14:01:13 Binary: /sbin/ctrlaltdel
2026-08-17 14:01:13 Binary: /sbin/dcb
2026-08-17 14:01:13 Binary: /sbin/debsecan-create-cron
2026-08-17 14:01:13 Binary: /sbin/debugfs
2026-08-17 14:01:13 Binary: /sbin/delgroup
2026-08-17 14:01:13 Binary: /sbin/deluser
2026-08-17 14:01:13 Binary: /sbin/devlink
2026-08-17 14:01:13 Binary: /sbin/dpkg-fsys-usrunmess
2026-08-17 14:01:13 Binary: /sbin/dpkg-preconfigure
2026-08-17 14:01:13 Binary: /sbin/dpkg-reconfigure
2026-08-17 14:01:13 Binary: /sbin/dumpe2fs
2026-08-17 14:01:13 Binary: /sbin/e2freefrag
2026-08-17 14:01:13 Binary: /sbin/e2fsck
2026-08-17 14:01:13 Binary: /sbin/e2image
2026-08-17 14:01:13 Binary: /sbin/e2label
2026-08-17 14:01:13 Binary: /sbin/e2mmpstatus
2026-08-17 14:01:13 Binary: /sbin/e2scrub
2026-08-17 14:01:13 Binary: /sbin/e2scrub_all
2026-08-17 14:01:13 Binary: /sbin/e2undo
2026-08-17 14:01:13 Binary: /sbin/e4crypt
2026-08-17 14:01:13 Binary: /sbin/e4defrag
2026-08-17 14:01:13 Binary: /sbin/ebtables
2026-08-17 14:01:13 Binary: /sbin/ebtables-nft
2026-08-17 14:01:13 Binary: /sbin/ebtables-nft-restore
2026-08-17 14:01:13 Binary: /sbin/ebtables-nft-save
2026-08-17 14:01:13 Binary: /sbin/ebtables-restore
2026-08-17 14:01:13 Binary: /sbin/ebtables-save
2026-08-17 14:01:13 Binary: /sbin/ebtables-translate
2026-08-17 14:01:13 Binary: /sbin/faillock
2026-08-17 14:01:13 Binary: /sbin/filefrag
2026-08-17 14:01:13 Binary: /sbin/findfs
2026-08-17 14:01:13 Binary: /sbin/fsck
2026-08-17 14:01:13 Binary: /sbin/fsck.cramfs
2026-08-17 14:01:13 Binary: /sbin/fsck.ext2
2026-08-17 14:01:13 Binary: /sbin/fsck.ext3
2026-08-17 14:01:13 Binary: /sbin/fsck.ext4
2026-08-17 14:01:13 Binary: /sbin/fsck.minix
2026-08-17 14:01:13 Binary: /sbin/fsfreeze
2026-08-17 14:01:13 Binary: /sbin/fstab-decode
2026-08-17 14:01:13 Binary: /sbin/fstrim
2026-08-17 14:01:13 Binary: /sbin/genl
2026-08-17 14:01:13 Binary: /sbin/getcap
2026-08-17 14:01:13 Binary: /sbin/getpcaps
2026-08-17 14:01:13 Binary: /sbin/getty
2026-08-17 14:01:13 Binary: /sbin/groupadd
2026-08-17 14:01:13 Binary: /sbin/groupdel
2026-08-17 14:01:13 Binary: /sbin/groupmems
2026-08-17 14:01:13 Binary: /sbin/groupmod
2026-08-17 14:01:13 Binary: /sbin/grpck
2026-08-17 14:01:13 Binary: /sbin/grpconv
2026-08-17 14:01:13 Binary: /sbin/grpunconv
2026-08-17 14:01:13 Binary: /sbin/hwclock
2026-08-17 14:01:13 Binary: /sbin/iconvconfig
2026-08-17 14:01:13 Binary: /sbin/installkernel
2026-08-17 14:01:13 Binary: /sbin/invoke-rc.d
2026-08-17 14:01:13 Binary: /sbin/ip
2026-08-17 14:01:13 Binary: /sbin/ip6tables
2026-08-17 14:01:13 Binary: /sbin/ip6tables-apply
2026-08-17 14:01:13 Binary: /sbin/ip6tables-legacy
2026-08-17 14:01:13 Binary: /sbin/ip6tables-legacy-restore
2026-08-17 14:01:13 Binary: /sbin/ip6tables-legacy-save
2026-08-17 14:01:13 Binary: /sbin/ip6tables-nft
2026-08-17 14:01:13 Binary: /sbin/ip6tables-nft-restore
2026-08-17 14:01:13 Binary: /sbin/ip6tables-nft-save
2026-08-17 14:01:13 Binary: /sbin/ip6tables-restore
2026-08-17 14:01:13 Binary: /sbin/ip6tables-restore-translate
2026-08-17 14:01:13 Binary: /sbin/ip6tables-save
2026-08-17 14:01:13 Binary: /sbin/ip6tables-translate
2026-08-17 14:01:13 Binary: /sbin/iptables
2026-08-17 14:01:13 Binary: /sbin/iptables-apply
2026-08-17 14:01:13 Binary: /sbin/iptables-legacy
2026-08-17 14:01:13 Binary: /sbin/iptables-legacy-restore
2026-08-17 14:01:13 Binary: /sbin/iptables-legacy-save
2026-08-17 14:01:13 Binary: /sbin/iptables-nft
2026-08-17 14:01:13 Binary: /sbin/iptables-nft-restore
2026-08-17 14:01:13 Binary: /sbin/iptables-nft-save
2026-08-17 14:01:13 Binary: /sbin/iptables-restore
2026-08-17 14:01:13 Binary: /sbin/iptables-restore-translate
2026-08-17 14:01:13 Binary: /sbin/iptables-save
2026-08-17 14:01:13 Binary: /sbin/iptables-translate
2026-08-17 14:01:13 Binary: /sbin/isosize
2026-08-17 14:01:13 Binary: /sbin/killall5
2026-08-17 14:01:13 Binary: /sbin/ldattach
2026-08-17 14:01:13 Binary: /sbin/ldconfig
2026-08-17 14:01:13 Binary: /sbin/logsave
2026-08-17 14:01:13 Binary: /sbin/losetup
2026-08-17 14:01:13 Binary: /sbin/lynis
2026-08-17 14:01:13 Binary: /sbin/mke2fs
2026-08-17 14:01:13 Binary: /sbin/mkfs
2026-08-17 14:01:13 Binary: /sbin/mkfs.bfs
2026-08-17 14:01:13 Binary: /sbin/mkfs.cramfs
2026-08-17 14:01:13 Binary: /sbin/mkfs.ext2
2026-08-17 14:01:13 Binary: /sbin/mkfs.ext3
2026-08-17 14:01:13 Binary: /sbin/mkfs.ext4
2026-08-17 14:01:13 Binary: /sbin/mkfs.minix
2026-08-17 14:01:13 Binary: /sbin/mkhomedir_helper
2026-08-17 14:01:13 Binary: /sbin/mklost+found
2026-08-17 14:01:13 Binary: /sbin/mkswap
2026-08-17 14:01:13 Binary: /sbin/newusers
2026-08-17 14:01:13 Binary: /sbin/nfnl_osf
2026-08-17 14:01:13 Binary: /sbin/nft
2026-08-17 14:01:13 Binary: /sbin/nologin
2026-08-17 14:01:13 Binary: /sbin/pam-auth-update
2026-08-17 14:01:13 Binary: /sbin/pam_getenv
2026-08-17 14:01:13 Binary: /sbin/pam_namespace_helper
2026-08-17 14:01:13 Binary: /sbin/pam_timestamp_check
2026-08-17 14:01:13 Binary: /sbin/pivot_root
2026-08-17 14:01:13 Binary: /sbin/policy-rc.d
2026-08-17 14:01:13 Binary: /sbin/pwck
2026-08-17 14:01:13 Binary: /sbin/pwconv
2026-08-17 14:01:13 Binary: /sbin/pwhistory_helper
2026-08-17 14:01:13 Binary: /sbin/pwunconv
2026-08-17 14:01:13 Binary: /sbin/readprofile
2026-08-17 14:01:13 Binary: /sbin/remove-shell
2026-08-17 14:01:13 Binary: /sbin/resize2fs
2026-08-17 14:01:13 Binary: /sbin/rmt
2026-08-17 14:01:13 Binary: /sbin/rmt-tar
2026-08-17 14:01:13 Binary: /sbin/rtacct
2026-08-17 14:01:13 Binary: /sbin/rtcwake
2026-08-17 14:01:13 Binary: /sbin/rtmon
2026-08-17 14:01:13 Binary: /sbin/runuser
2026-08-17 14:01:13 Binary: /sbin/service
2026-08-17 14:01:13 Binary: /sbin/setcap
2026-08-17 14:01:13 Binary: /sbin/shadowconfig
2026-08-17 14:01:13 Binary: /sbin/start-stop-daemon
2026-08-17 14:01:13 Binary: /sbin/sulogin
2026-08-17 14:01:13 Binary: /sbin/swaplabel
2026-08-17 14:01:13 Binary: /sbin/swapoff
2026-08-17 14:01:13 Binary: /sbin/swapon
2026-08-17 14:01:13 Binary: /sbin/switch_root
2026-08-17 14:01:13 Binary: /sbin/tarcat
2026-08-17 14:01:13 Binary: /sbin/tc
2026-08-17 14:01:13 Binary: /sbin/tipc
2026-08-17 14:01:13 Binary: /sbin/tune2fs
2026-08-17 14:01:13 Binary: /sbin/ufw
2026-08-17 14:01:13 Binary: /sbin/unix_chkpwd
2026-08-17 14:01:13 Binary: /sbin/unix_update
2026-08-17 14:01:13 Binary: /sbin/update-ca-certificates
2026-08-17 14:01:14 Binary: /sbin/update-passwd
2026-08-17 14:01:14 Binary: /sbin/update-rc.d
2026-08-17 14:01:14 Binary: /sbin/update-shells
2026-08-17 14:01:14 Binary: /sbin/useradd
2026-08-17 14:01:14 Binary: /sbin/userdel
2026-08-17 14:01:14 Binary: /sbin/usermod
2026-08-17 14:01:14 Binary: /sbin/vdpa
2026-08-17 14:01:14 Binary: /sbin/vigr
2026-08-17 14:01:14 Binary: /sbin/vipw
2026-08-17 14:01:14 Binary: /sbin/wipefs
2026-08-17 14:01:14 Binary: /sbin/xtables-legacy-multi
2026-08-17 14:01:14 Binary: /sbin/xtables-monitor
2026-08-17 14:01:14 Binary: /sbin/xtables-nft-multi
2026-08-17 14:01:14 Binary: /sbin/zic
2026-08-17 14:01:14 Binary: /sbin/zramctl
2026-08-17 14:01:14 ====
2026-08-17 14:01:14 Test: Checking binaries in directory /usr/bin
2026-08-17 14:01:14 Directory /usr/bin exists. Starting directory scanning...
2026-08-17 14:01:14 Binary: /usr/bin/[
2026-08-17 14:01:14 Binary: /usr/bin/addpart
2026-08-17 14:01:14 Binary: /usr/bin/apt
2026-08-17 14:01:14 Binary: /usr/bin/apt-cache
2026-08-17 14:01:14 Binary: /usr/bin/apt-cdrom
2026-08-17 14:01:14 Binary: /usr/bin/apt-config
2026-08-17 14:01:14 Binary: /usr/bin/apt-get
2026-08-17 14:01:14 Binary: /usr/bin/apt-key
2026-08-17 14:01:14 Binary: /usr/bin/apt-mark
2026-08-17 14:01:14 Binary: /usr/bin/arch
2026-08-17 14:01:14 Binary: /usr/bin/awk
2026-08-17 14:01:14 Binary: /usr/bin/b2sum
2026-08-17 14:01:14 Binary: /usr/bin/base32
2026-08-17 14:01:14 Binary: /usr/bin/base64
2026-08-17 14:01:14 Binary: /usr/bin/basename
2026-08-17 14:01:14 Binary: /usr/bin/basenc
2026-08-17 14:01:14 Binary: /usr/bin/bash
2026-08-17 14:01:14 Binary: /usr/bin/bashbug
2026-08-17 14:01:14 Binary: /usr/bin/c_rehash
2026-08-17 14:01:14 Binary: /usr/bin/cal
2026-08-17 14:01:14 Binary: /usr/bin/captoinfo
2026-08-17 14:01:14 Binary: /usr/bin/cat
2026-08-17 14:01:14 Binary: /usr/bin/chage
2026-08-17 14:01:14 Binary: /usr/bin/chattr
2026-08-17 14:01:14 Binary: /usr/bin/chcon
2026-08-17 14:01:14 Binary: /usr/bin/chfn
2026-08-17 14:01:14 Binary: /usr/bin/chgrp
2026-08-17 14:01:14 Binary: /usr/bin/chmod
2026-08-17 14:01:14 Binary: /usr/bin/choom
2026-08-17 14:01:14 Binary: /usr/bin/chown
2026-08-17 14:01:14 Binary: /usr/bin/chrt
2026-08-17 14:01:14 Binary: /usr/bin/chsh
2026-08-17 14:01:14 Binary: /usr/bin/cksum
2026-08-17 14:01:14 Binary: /usr/bin/clear
2026-08-17 14:01:14 Binary: /usr/bin/clear_console
2026-08-17 14:01:14 Binary: /usr/bin/cmp
2026-08-17 14:01:14 Binary: /usr/bin/col
2026-08-17 14:01:14 Binary: /usr/bin/colcrt
2026-08-17 14:01:14 Binary: /usr/bin/colrm
2026-08-17 14:01:14 Binary: /usr/bin/column
2026-08-17 14:01:14 Binary: /usr/bin/comm
2026-08-17 14:01:14 Binary: /usr/bin/corelist
2026-08-17 14:01:14 Binary: /usr/bin/cp
2026-08-17 14:01:14 Binary: /usr/bin/cpan
2026-08-17 14:01:14 Binary: /usr/bin/cpan5.36-x86_64-linux-gnu
2026-08-17 14:01:14 Binary: /usr/bin/crontab
2026-08-17 14:01:14 Binary: /usr/bin/csplit
2026-08-17 14:01:14 Binary: /usr/bin/ctstat
2026-08-17 14:01:14 Binary: /usr/bin/curl
2026-08-17 14:01:14 Binary: /usr/bin/cut
2026-08-17 14:01:14 Binary: /usr/bin/dash
2026-08-17 14:01:14 Binary: /usr/bin/date
2026-08-17 14:01:14 Binary: /usr/bin/dd
2026-08-17 14:01:14 Binary: /usr/bin/deb-systemd-helper
2026-08-17 14:01:14 Binary: /usr/bin/deb-systemd-invoke
2026-08-17 14:01:14 Binary: /usr/bin/debconf
2026-08-17 14:01:14 Binary: /usr/bin/debconf-apt-progress
2026-08-17 14:01:14 Binary: /usr/bin/debconf-communicate
2026-08-17 14:01:14 Binary: /usr/bin/debconf-copydb
2026-08-17 14:01:14 Binary: /usr/bin/debconf-escape
2026-08-17 14:01:14 Binary: /usr/bin/debconf-set-selections
2026-08-17 14:01:14 Binary: /usr/bin/debconf-show
2026-08-17 14:01:14 Binary: /usr/bin/debsecan
2026-08-17 14:01:14 Binary: /usr/bin/delpart
2026-08-17 14:01:14 Binary: /usr/bin/delv
2026-08-17 14:01:14 Binary: /usr/bin/df
2026-08-17 14:01:14 Binary: /usr/bin/diff
2026-08-17 14:01:14 Binary: /usr/bin/diff3
2026-08-17 14:01:14 Binary: /usr/bin/dig
2026-08-17 14:01:14 Binary: /usr/bin/dir
2026-08-17 14:01:14 Binary: /usr/bin/dircolors
2026-08-17 14:01:14 Binary: /usr/bin/dirname
2026-08-17 14:01:14 Binary: /usr/bin/dmesg
2026-08-17 14:01:14 Binary: /usr/bin/dnsdomainname
2026-08-17 14:01:14 Binary: /usr/bin/dnstap-read
2026-08-17 14:01:14 Binary: /usr/bin/domainname
2026-08-17 14:01:14 Binary: /usr/bin/dpkg
2026-08-17 14:01:14 Binary: /usr/bin/dpkg-deb
2026-08-17 14:01:14 Binary: /usr/bin/dpkg-divert
2026-08-17 14:01:14 Binary: /usr/bin/dpkg-maintscript-helper
2026-08-17 14:01:14 Binary: /usr/bin/dpkg-query
2026-08-17 14:01:14 Binary: /usr/bin/dpkg-realpath
2026-08-17 14:01:14 Binary: /usr/bin/dpkg-split
2026-08-17 14:01:14 Binary: /usr/bin/dpkg-statoverride
2026-08-17 14:01:14 Binary: /usr/bin/dpkg-trigger
2026-08-17 14:01:14 Binary: /usr/bin/du
2026-08-17 14:01:14 Binary: /usr/bin/echo
2026-08-17 14:01:14 Binary: /usr/bin/egrep
2026-08-17 14:01:14 Binary: /usr/bin/enc2xs
2026-08-17 14:01:14 Binary: /usr/bin/encguess
2026-08-17 14:01:14 Binary: /usr/bin/env
2026-08-17 14:01:14 Binary: /usr/bin/expand
2026-08-17 14:01:14 Binary: /usr/bin/expiry
2026-08-17 14:01:14 Binary: /usr/bin/expr
2026-08-17 14:01:14 Binary: /usr/bin/factor
2026-08-17 14:01:14 Binary: /usr/bin/faillog
2026-08-17 14:01:14 Binary: /usr/bin/fallocate
2026-08-17 14:01:14 Binary: /usr/bin/false
2026-08-17 14:01:14 Binary: /usr/bin/fgrep
2026-08-17 14:01:14 Binary: /usr/bin/fincore
2026-08-17 14:01:14 Binary: /usr/bin/find
2026-08-17 14:01:14 Binary: /usr/bin/findmnt
2026-08-17 14:01:14 Binary: /usr/bin/flock
2026-08-17 14:01:14 Binary: /usr/bin/fmt
2026-08-17 14:01:14 Binary: /usr/bin/fold
2026-08-17 14:01:14 Binary: /usr/bin/getconf
2026-08-17 14:01:14 Binary: /usr/bin/getent
2026-08-17 14:01:14 Binary: /usr/bin/getopt
2026-08-17 14:01:14 Binary: /usr/bin/git
2026-08-17 14:01:14 Binary: /usr/bin/git-receive-pack
2026-08-17 14:01:14 Binary: /usr/bin/git-shell
2026-08-17 14:01:14 Binary: /usr/bin/git-upload-archive
2026-08-17 14:01:14 Binary: /usr/bin/git-upload-pack
2026-08-17 14:01:14 Binary: /usr/bin/gpasswd
2026-08-17 14:01:14 Binary: /usr/bin/gpgv
2026-08-17 14:01:14 Binary: /usr/bin/grep
2026-08-17 14:01:14 Binary: /usr/bin/groups
2026-08-17 14:01:14 Binary: /usr/bin/gunzip
2026-08-17 14:01:14 Binary: /usr/bin/gzexe
2026-08-17 14:01:14 Binary: /usr/bin/gzip
2026-08-17 14:01:14 Binary: /usr/bin/h2ph
2026-08-17 14:01:14 Binary: /usr/bin/h2xs
2026-08-17 14:01:14 Binary: /usr/bin/hardlink
2026-08-17 14:01:14 Binary: /usr/bin/hd
2026-08-17 14:01:14 Binary: /usr/bin/head
2026-08-17 14:01:14 Binary: /usr/bin/hexdump
2026-08-17 14:01:14 Binary: /usr/bin/host
2026-08-17 14:01:14 Binary: /usr/bin/hostid
2026-08-17 14:01:14 Binary: /usr/bin/hostname
2026-08-17 14:01:14 Binary: /usr/bin/i386
2026-08-17 14:01:14 Binary: /usr/bin/iconv
2026-08-17 14:01:14 Binary: /usr/bin/id
2026-08-17 14:01:14 Binary: /usr/bin/infocmp
2026-08-17 14:01:14 Binary: /usr/bin/infotocap
2026-08-17 14:01:14 Binary: /usr/bin/install
2026-08-17 14:01:14 Binary: /usr/bin/instmodsh
2026-08-17 14:01:14 Binary: /usr/bin/ionice
2026-08-17 14:01:14 Binary: /usr/bin/ip
2026-08-17 14:01:14 Binary: /usr/bin/ipcmk
2026-08-17 14:01:14 Binary: /usr/bin/ipcrm
2026-08-17 14:01:14 Binary: /usr/bin/ipcs
2026-08-17 14:01:14 Binary: /usr/bin/iptables-xml
2026-08-17 14:01:14 Binary: /usr/bin/ischroot
2026-08-17 14:01:14 Binary: /usr/bin/join
2026-08-17 14:01:14 Binary: /usr/bin/jq
2026-08-17 14:01:14 Binary: /usr/bin/json_pp
2026-08-17 14:01:14 Binary: /usr/bin/last
2026-08-17 14:01:14 Binary: /usr/bin/lastb
2026-08-17 14:01:14 Binary: /usr/bin/lastlog
2026-08-17 14:01:14 Binary: /usr/bin/lcf
2026-08-17 14:01:14 Binary: /usr/bin/ld.so
2026-08-17 14:01:14 Binary: /usr/bin/ldd
2026-08-17 14:01:14 Binary: /usr/bin/libnetcfg
2026-08-17 14:01:14 Binary: /usr/bin/link
2026-08-17 14:01:14 Binary: /usr/bin/linux32
2026-08-17 14:01:14 Binary: /usr/bin/linux64
2026-08-17 14:01:14 Binary: /usr/bin/ln
2026-08-17 14:01:14 Binary: /usr/bin/lnstat
2026-08-17 14:01:14 Binary: /usr/bin/locale
2026-08-17 14:01:14 Binary: /usr/bin/localedef
2026-08-17 14:01:14 Binary: /usr/bin/logger
2026-08-17 14:01:14 Binary: /usr/bin/login
2026-08-17 14:01:14 Binary: /usr/bin/logname
2026-08-17 14:01:14 Binary: /usr/bin/look
2026-08-17 14:01:14 Binary: /usr/bin/ls
2026-08-17 14:01:14 Binary: /usr/bin/lsattr
2026-08-17 14:01:14 Binary: /usr/bin/lsblk
2026-08-17 14:01:14 Binary: /usr/bin/lscpu
2026-08-17 14:01:14 Binary: /usr/bin/lsfd
2026-08-17 14:01:14 Binary: /usr/bin/lsipc
2026-08-17 14:01:14 Binary: /usr/bin/lsirq
2026-08-17 14:01:14 Binary: /usr/bin/lslocks
2026-08-17 14:01:14 Binary: /usr/bin/lslogins
2026-08-17 14:01:14 Binary: /usr/bin/lsmem
2026-08-17 14:01:14 Binary: /usr/bin/lsns
2026-08-17 14:01:14 Binary: /usr/bin/mawk
2026-08-17 14:01:14 Binary: /usr/bin/mcookie
2026-08-17 14:01:14 Binary: /usr/bin/md5sum
2026-08-17 14:01:14 Binary: /usr/bin/md5sum.textutils
2026-08-17 14:01:14 Binary: /usr/bin/mdig
2026-08-17 14:01:14 Binary: /usr/bin/mesg
2026-08-17 14:01:14 Binary: /usr/bin/mkdir
2026-08-17 14:01:14 Binary: /usr/bin/mkfifo
2026-08-17 14:01:14 Binary: /usr/bin/mknod
2026-08-17 14:01:14 Binary: /usr/bin/mktemp
2026-08-17 14:01:14 Binary: /usr/bin/more
2026-08-17 14:01:14 Binary: /usr/bin/mount
2026-08-17 14:01:14   Fount known binary: mount (File system tool) - /usr/bin/mount
2026-08-17 14:01:14 Binary: /usr/bin/mountpoint
2026-08-17 14:01:14 Binary: /usr/bin/mv
2026-08-17 14:01:14 Binary: /usr/bin/namei
2026-08-17 14:01:14 Binary: /usr/bin/nawk
2026-08-17 14:01:14 Binary: /usr/bin/ncal
2026-08-17 14:01:14 Binary: /usr/bin/newgrp
2026-08-17 14:01:14 Binary: /usr/bin/nice
2026-08-17 14:01:14 Binary: /usr/bin/nisdomainname
2026-08-17 14:01:14 Binary: /usr/bin/nl
2026-08-17 14:01:14 Binary: /usr/bin/nmap
2026-08-17 14:01:14 Binary: /usr/bin/nohup
2026-08-17 14:01:14 Binary: /usr/bin/nping
2026-08-17 14:01:14 Binary: /usr/bin/nproc
2026-08-17 14:01:14 Binary: /usr/bin/nsenter
2026-08-17 14:01:14 Binary: /usr/bin/nslookup
2026-08-17 14:01:14 Binary: /usr/bin/nstat
2026-08-17 14:01:14 Binary: /usr/bin/nsupdate
2026-08-17 14:01:14 Binary: /usr/bin/numfmt
2026-08-17 14:01:14 Binary: /usr/bin/od
2026-08-17 14:01:14 Binary: /usr/bin/openssl
2026-08-17 14:01:14 Binary: /usr/bin/pager
2026-08-17 14:01:14 Binary: /usr/bin/partx
2026-08-17 14:01:14 Binary: /usr/bin/passwd
2026-08-17 14:01:14 Binary: /usr/bin/paste
2026-08-17 14:01:14 Binary: /usr/bin/pathchk
2026-08-17 14:01:14 Binary: /usr/bin/pdb3
2026-08-17 14:01:14 Binary: /usr/bin/pdb3.11
2026-08-17 14:01:14 Binary: /usr/bin/perl
2026-08-17 14:01:14 Binary: /usr/bin/perl5.36-x86_64-linux-gnu
2026-08-17 14:01:14 Binary: /usr/bin/perl5.36.0
2026-08-17 14:01:14 Binary: /usr/bin/perlbug
2026-08-17 14:01:14 Binary: /usr/bin/perldoc
2026-08-17 14:01:14 Binary: /usr/bin/perlivp
2026-08-17 14:01:14 Binary: /usr/bin/perlthanks
2026-08-17 14:01:14 Binary: /usr/bin/piconv
2026-08-17 14:01:14 Binary: /usr/bin/pidof
2026-08-17 14:01:14 Binary: /usr/bin/pinky
2026-08-17 14:01:14 Binary: /usr/bin/pip
2026-08-17 14:01:14 Binary: /usr/bin/pip3
2026-08-17 14:01:14 Binary: /usr/bin/pip3.11
2026-08-17 14:01:14 Binary: /usr/bin/pl2pm
2026-08-17 14:01:14 Binary: /usr/bin/pldd
2026-08-17 14:01:14 Binary: /usr/bin/pod2html
2026-08-17 14:01:14 Binary: /usr/bin/pod2man
2026-08-17 14:01:14 Binary: /usr/bin/pod2text
2026-08-17 14:01:14 Binary: /usr/bin/pod2usage
2026-08-17 14:01:14 Binary: /usr/bin/podchecker
2026-08-17 14:01:14 Binary: /usr/bin/pr
2026-08-17 14:01:14 Binary: /usr/bin/printenv
2026-08-17 14:01:14 Binary: /usr/bin/printf
2026-08-17 14:01:14 Binary: /usr/bin/prlimit
2026-08-17 14:01:14 Binary: /usr/bin/prove
2026-08-17 14:01:14 Binary: /usr/bin/ptar
2026-08-17 14:01:14 Binary: /usr/bin/ptardiff
2026-08-17 14:01:14 Binary: /usr/bin/ptargrep
2026-08-17 14:01:14 Binary: /usr/bin/ptx
2026-08-17 14:01:14 Binary: /usr/bin/pwd
2026-08-17 14:01:14 Binary: /usr/bin/py3clean
2026-08-17 14:01:14 Binary: /usr/bin/py3compile
2026-08-17 14:01:14 Binary: /usr/bin/py3versions
2026-08-17 14:01:14 Binary: /usr/bin/pydoc3
2026-08-17 14:01:14 Binary: /usr/bin/pydoc3.11
2026-08-17 14:01:14 Binary: /usr/bin/pygettext3
2026-08-17 14:01:14 Binary: /usr/bin/pygettext3.11
2026-08-17 14:01:14 Binary: /usr/bin/python3
2026-08-17 14:01:14 Binary: /usr/bin/python3.11
2026-08-17 14:01:14 Binary: /usr/bin/rbash
2026-08-17 14:01:14 Binary: /usr/bin/rdma
2026-08-17 14:01:14 Binary: /usr/bin/readlink
2026-08-17 14:01:14 Binary: /usr/bin/realpath
2026-08-17 14:01:14 Binary: /usr/bin/rename.ul
2026-08-17 14:01:14 Binary: /usr/bin/renice
2026-08-17 14:01:14 Binary: /usr/bin/reset
2026-08-17 14:01:14 Binary: /usr/bin/resizepart
2026-08-17 14:01:14 Binary: /usr/bin/rev
2026-08-17 14:01:14 Binary: /usr/bin/rgrep
2026-08-17 14:01:14 Binary: /usr/bin/rm
2026-08-17 14:01:14 Binary: /usr/bin/rmdir
2026-08-17 14:01:14 Binary: /usr/bin/routel
2026-08-17 14:01:14 Binary: /usr/bin/rtstat
2026-08-17 14:01:14 Binary: /usr/bin/run-parts
2026-08-17 14:01:14 Binary: /usr/bin/runcon
2026-08-17 14:01:14 Binary: /usr/bin/savelog
2026-08-17 14:01:14 Binary: /usr/bin/scalar
2026-08-17 14:01:14 Binary: /usr/bin/script
2026-08-17 14:01:14 Binary: /usr/bin/scriptlive
2026-08-17 14:01:14 Binary: /usr/bin/scriptreplay
2026-08-17 14:01:14 Binary: /usr/bin/sdiff
2026-08-17 14:01:14 Binary: /usr/bin/sed
2026-08-17 14:01:14 Binary: /usr/bin/select-editor
2026-08-17 14:01:14 Binary: /usr/bin/sensible-browser
2026-08-17 14:01:14 Binary: /usr/bin/sensible-editor
2026-08-17 14:01:14 Binary: /usr/bin/sensible-pager
2026-08-17 14:01:14 Binary: /usr/bin/seq
2026-08-17 14:01:14 Binary: /usr/bin/setarch
2026-08-17 14:01:14 Binary: /usr/bin/setpriv
2026-08-17 14:01:14 Binary: /usr/bin/setsid
2026-08-17 14:01:14 Binary: /usr/bin/setterm
2026-08-17 14:01:14 Binary: /usr/bin/sg
2026-08-17 14:01:14 Binary: /usr/bin/sh
2026-08-17 14:01:14 Binary: /usr/bin/sha1sum
2026-08-17 14:01:14 Binary: /usr/bin/sha224sum
2026-08-17 14:01:14 Binary: /usr/bin/sha256sum
2026-08-17 14:01:14 Binary: /usr/bin/sha384sum
2026-08-17 14:01:14 Binary: /usr/bin/sha512sum
2026-08-17 14:01:14 Binary: /usr/bin/shasum
2026-08-17 14:01:14 Binary: /usr/bin/shred
2026-08-17 14:01:14 Binary: /usr/bin/shuf
2026-08-17 14:01:14 Binary: /usr/bin/sleep
2026-08-17 14:01:14 Binary: /usr/bin/sort
2026-08-17 14:01:14 Binary: /usr/bin/splain
2026-08-17 14:01:14 Binary: /usr/bin/split
2026-08-17 14:01:14 Binary: /usr/bin/ss
2026-08-17 14:01:14 Binary: /usr/bin/stat
2026-08-17 14:01:14 Binary: /usr/bin/stdbuf
2026-08-17 14:01:14 Binary: /usr/bin/streamzip
2026-08-17 14:01:14 Binary: /usr/bin/stty
2026-08-17 14:01:14 Binary: /usr/bin/su
2026-08-17 14:01:14 Binary: /usr/bin/sum
2026-08-17 14:01:14 Binary: /usr/bin/sync
2026-08-17 14:01:14 Binary: /usr/bin/tabs
2026-08-17 14:01:14 Binary: /usr/bin/tac
2026-08-17 14:01:14 Binary: /usr/bin/tail
2026-08-17 14:01:14 Binary: /usr/bin/tar
2026-08-17 14:01:14 Binary: /usr/bin/taskset
2026-08-17 14:01:14 Binary: /usr/bin/tee
2026-08-17 14:01:14 Binary: /usr/bin/tempfile
2026-08-17 14:01:14 Binary: /usr/bin/test
2026-08-17 14:01:14 Binary: /usr/bin/tic
2026-08-17 14:01:14 Binary: /usr/bin/timeout
2026-08-17 14:01:14 Binary: /usr/bin/toe
2026-08-17 14:01:14 Binary: /usr/bin/touch
2026-08-17 14:01:14 Binary: /usr/bin/tput
2026-08-17 14:01:14 Binary: /usr/bin/tr
2026-08-17 14:01:14 Binary: /usr/bin/true
2026-08-17 14:01:14 Binary: /usr/bin/truncate
2026-08-17 14:01:14 Binary: /usr/bin/tset
2026-08-17 14:01:14 Binary: /usr/bin/tsort
2026-08-17 14:01:14 Binary: /usr/bin/tty
2026-08-17 14:01:14 Binary: /usr/bin/tzselect
2026-08-17 14:01:14 Binary: /usr/bin/ucf
2026-08-17 14:01:14 Binary: /usr/bin/ucfq
2026-08-17 14:01:14 Binary: /usr/bin/ucfr
2026-08-17 14:01:14 Binary: /usr/bin/uclampset
2026-08-17 14:01:14 Binary: /usr/bin/ul
2026-08-17 14:01:14 Binary: /usr/bin/umount
2026-08-17 14:01:14 Binary: /usr/bin/uname
2026-08-17 14:01:14 Binary: /usr/bin/uncompress
2026-08-17 14:01:14 Binary: /usr/bin/unexpand
2026-08-17 14:01:14 Binary: /usr/bin/uniq
2026-08-17 14:01:14 Binary: /usr/bin/unlink
2026-08-17 14:01:14 Binary: /usr/bin/unshare
2026-08-17 14:01:14 Binary: /usr/bin/update-alternatives
2026-08-17 14:01:14 Binary: /usr/bin/users
2026-08-17 14:01:14 Binary: /usr/bin/utmpdump
2026-08-17 14:01:14 Binary: /usr/bin/vdir
2026-08-17 14:01:14 Binary: /usr/bin/wall
2026-08-17 14:01:14 Binary: /usr/bin/wc
2026-08-17 14:01:14 Binary: /usr/bin/wdctl
2026-08-17 14:01:14 Binary: /usr/bin/whereis
2026-08-17 14:01:14 Binary: /usr/bin/which
2026-08-17 14:01:14 Binary: /usr/bin/which.debianutils
2026-08-17 14:01:14 Binary: /usr/bin/who
2026-08-17 14:01:14 Binary: /usr/bin/whoami
2026-08-17 14:01:14 Binary: /usr/bin/write
2026-08-17 14:01:14 Binary: /usr/bin/x86_64
2026-08-17 14:01:14 Binary: /usr/bin/xargs
2026-08-17 14:01:14 Binary: /usr/bin/xsubpp
2026-08-17 14:01:14 Binary: /usr/bin/yes
2026-08-17 14:01:14 Binary: /usr/bin/ypdomainname
2026-08-17 14:01:14 Binary: /usr/bin/zcat
2026-08-17 14:01:15 Binary: /usr/bin/zcmp
2026-08-17 14:01:15 Binary: /usr/bin/zdiff
2026-08-17 14:01:15 Binary: /usr/bin/zdump
2026-08-17 14:01:15 Binary: /usr/bin/zegrep
2026-08-17 14:01:15 Binary: /usr/bin/zfgrep
2026-08-17 14:01:15 Binary: /usr/bin/zforce
2026-08-17 14:01:15 Binary: /usr/bin/zgrep
2026-08-17 14:01:15 Binary: /usr/bin/zipdetails
2026-08-17 14:01:15 Binary: /usr/bin/zless
2026-08-17 14:01:15 Binary: /usr/bin/zmore
2026-08-17 14:01:15 Binary: /usr/bin/znew
2026-08-17 14:01:15 ====
2026-08-17 14:01:15 Test: Checking binaries in directory /usr/sbin
2026-08-17 14:01:15 Directory /usr/sbin exists. Starting directory scanning...
2026-08-17 14:01:15 Binary: /usr/sbin/add-shell
2026-08-17 14:01:15 Binary: /usr/sbin/addgroup
2026-08-17 14:01:15 Binary: /usr/sbin/adduser
2026-08-17 14:01:15 Binary: /usr/sbin/agetty
2026-08-17 14:01:15 Binary: /usr/sbin/arpd
2026-08-17 14:01:15 Binary: /usr/sbin/arptables
2026-08-17 14:01:15 Binary: /usr/sbin/arptables-nft
2026-08-17 14:01:15 Binary: /usr/sbin/arptables-nft-restore
2026-08-17 14:01:15 Binary: /usr/sbin/arptables-nft-save
2026-08-17 14:01:15 Binary: /usr/sbin/arptables-restore
2026-08-17 14:01:15 Binary: /usr/sbin/arptables-save
2026-08-17 14:01:15 Binary: /usr/sbin/badblocks
2026-08-17 14:01:15 Binary: /usr/sbin/blkdiscard
2026-08-17 14:01:15 Binary: /usr/sbin/blkid
2026-08-17 14:01:15 Binary: /usr/sbin/blkzone
2026-08-17 14:01:15 Binary: /usr/sbin/blockdev
2026-08-17 14:01:15 Binary: /usr/sbin/bridge
2026-08-17 14:01:15 Binary: /usr/sbin/capsh
2026-08-17 14:01:15 Binary: /usr/sbin/chcpu
2026-08-17 14:01:15 Binary: /usr/sbin/chgpasswd
2026-08-17 14:01:15 Binary: /usr/sbin/chmem
2026-08-17 14:01:15 Binary: /usr/sbin/chpasswd
2026-08-17 14:01:15 Binary: /usr/sbin/chroot
2026-08-17 14:01:15 Binary: /usr/sbin/cpgr
2026-08-17 14:01:15 Binary: /usr/sbin/cppw
2026-08-17 14:01:15 Binary: /usr/sbin/cron
2026-08-17 14:01:15 Binary: /usr/sbin/ctrlaltdel
2026-08-17 14:01:15 Binary: /usr/sbin/dcb
2026-08-17 14:01:15 Binary: /usr/sbin/debsecan-create-cron
2026-08-17 14:01:15 Binary: /usr/sbin/debugfs
2026-08-17 14:01:15 Binary: /usr/sbin/delgroup
2026-08-17 14:01:15 Binary: /usr/sbin/deluser
2026-08-17 14:01:15 Binary: /usr/sbin/devlink
2026-08-17 14:01:15 Binary: /usr/sbin/dpkg-fsys-usrunmess
2026-08-17 14:01:15 Binary: /usr/sbin/dpkg-preconfigure
2026-08-17 14:01:15 Binary: /usr/sbin/dpkg-reconfigure
2026-08-17 14:01:15 Binary: /usr/sbin/dumpe2fs
2026-08-17 14:01:15 Binary: /usr/sbin/e2freefrag
2026-08-17 14:01:15 Binary: /usr/sbin/e2fsck
2026-08-17 14:01:15 Binary: /usr/sbin/e2image
2026-08-17 14:01:15 Binary: /usr/sbin/e2label
2026-08-17 14:01:15 Binary: /usr/sbin/e2mmpstatus
2026-08-17 14:01:15 Binary: /usr/sbin/e2scrub
2026-08-17 14:01:15 Binary: /usr/sbin/e2scrub_all
2026-08-17 14:01:15 Binary: /usr/sbin/e2undo
2026-08-17 14:01:15 Binary: /usr/sbin/e4crypt
2026-08-17 14:01:15 Binary: /usr/sbin/e4defrag
2026-08-17 14:01:15 Binary: /usr/sbin/ebtables
2026-08-17 14:01:15 Binary: /usr/sbin/ebtables-nft
2026-08-17 14:01:15 Binary: /usr/sbin/ebtables-nft-restore
2026-08-17 14:01:15 Binary: /usr/sbin/ebtables-nft-save
2026-08-17 14:01:15 Binary: /usr/sbin/ebtables-restore
2026-08-17 14:01:15 Binary: /usr/sbin/ebtables-save
2026-08-17 14:01:15 Binary: /usr/sbin/ebtables-translate
2026-08-17 14:01:15 Binary: /usr/sbin/faillock
2026-08-17 14:01:15 Binary: /usr/sbin/filefrag
2026-08-17 14:01:15 Binary: /usr/sbin/findfs
2026-08-17 14:01:15 Binary: /usr/sbin/fsck
2026-08-17 14:01:15 Binary: /usr/sbin/fsck.cramfs
2026-08-17 14:01:15 Binary: /usr/sbin/fsck.ext2
2026-08-17 14:01:15 Binary: /usr/sbin/fsck.ext3
2026-08-17 14:01:15 Binary: /usr/sbin/fsck.ext4
2026-08-17 14:01:15 Binary: /usr/sbin/fsck.minix
2026-08-17 14:01:15 Binary: /usr/sbin/fsfreeze
2026-08-17 14:01:15 Binary: /usr/sbin/fstab-decode
2026-08-17 14:01:15 Binary: /usr/sbin/fstrim
2026-08-17 14:01:15 Binary: /usr/sbin/genl
2026-08-17 14:01:15 Binary: /usr/sbin/getcap
2026-08-17 14:01:15 Binary: /usr/sbin/getpcaps
2026-08-17 14:01:15 Binary: /usr/sbin/getty
2026-08-17 14:01:15 Binary: /usr/sbin/groupadd
2026-08-17 14:01:15 Binary: /usr/sbin/groupdel
2026-08-17 14:01:15 Binary: /usr/sbin/groupmems
2026-08-17 14:01:15 Binary: /usr/sbin/groupmod
2026-08-17 14:01:15 Binary: /usr/sbin/grpck
2026-08-17 14:01:15 Binary: /usr/sbin/grpconv
2026-08-17 14:01:15 Binary: /usr/sbin/grpunconv
2026-08-17 14:01:15 Binary: /usr/sbin/hwclock
2026-08-17 14:01:15 Binary: /usr/sbin/iconvconfig
2026-08-17 14:01:15 Binary: /usr/sbin/installkernel
2026-08-17 14:01:15 Binary: /usr/sbin/invoke-rc.d
2026-08-17 14:01:15 Binary: /usr/sbin/ip
2026-08-17 14:01:15 Binary: /usr/sbin/ip6tables
2026-08-17 14:01:15 Binary: /usr/sbin/ip6tables-apply
2026-08-17 14:01:15 Binary: /usr/sbin/ip6tables-legacy
2026-08-17 14:01:15 Binary: /usr/sbin/ip6tables-legacy-restore
2026-08-17 14:01:15 Binary: /usr/sbin/ip6tables-legacy-save
2026-08-17 14:01:15 Binary: /usr/sbin/ip6tables-nft
2026-08-17 14:01:15 Binary: /usr/sbin/ip6tables-nft-restore
2026-08-17 14:01:15 Binary: /usr/sbin/ip6tables-nft-save
2026-08-17 14:01:15 Binary: /usr/sbin/ip6tables-restore
2026-08-17 14:01:15 Binary: /usr/sbin/ip6tables-restore-translate
2026-08-17 14:01:15 Binary: /usr/sbin/ip6tables-save
2026-08-17 14:01:15 Binary: /usr/sbin/ip6tables-translate
2026-08-17 14:01:15 Binary: /usr/sbin/iptables
2026-08-17 14:01:15 Binary: /usr/sbin/iptables-apply
2026-08-17 14:01:15 Binary: /usr/sbin/iptables-legacy
2026-08-17 14:01:15 Binary: /usr/sbin/iptables-legacy-restore
2026-08-17 14:01:15 Binary: /usr/sbin/iptables-legacy-save
2026-08-17 14:01:15 Binary: /usr/sbin/iptables-nft
2026-08-17 14:01:15 Binary: /usr/sbin/iptables-nft-restore
2026-08-17 14:01:15 Binary: /usr/sbin/iptables-nft-save
2026-08-17 14:01:15 Binary: /usr/sbin/iptables-restore
2026-08-17 14:01:15 Binary: /usr/sbin/iptables-restore-translate
2026-08-17 14:01:15 Binary: /usr/sbin/iptables-save
2026-08-17 14:01:15 Binary: /usr/sbin/iptables-translate
2026-08-17 14:01:15 Binary: /usr/sbin/isosize
2026-08-17 14:01:15 Binary: /usr/sbin/killall5
2026-08-17 14:01:15 Binary: /usr/sbin/ldattach
2026-08-17 14:01:15 Binary: /usr/sbin/ldconfig
2026-08-17 14:01:15 Binary: /usr/sbin/logsave
2026-08-17 14:01:15 Binary: /usr/sbin/losetup
2026-08-17 14:01:15 Binary: /usr/sbin/lynis
2026-08-17 14:01:15 Binary: /usr/sbin/mke2fs
2026-08-17 14:01:15 Binary: /usr/sbin/mkfs
2026-08-17 14:01:15 Binary: /usr/sbin/mkfs.bfs
2026-08-17 14:01:15 Binary: /usr/sbin/mkfs.cramfs
2026-08-17 14:01:15 Binary: /usr/sbin/mkfs.ext2
2026-08-17 14:01:15 Binary: /usr/sbin/mkfs.ext3
2026-08-17 14:01:15 Binary: /usr/sbin/mkfs.ext4
2026-08-17 14:01:15 Binary: /usr/sbin/mkfs.minix
2026-08-17 14:01:15 Binary: /usr/sbin/mkhomedir_helper
2026-08-17 14:01:15 Binary: /usr/sbin/mklost+found
2026-08-17 14:01:15 Binary: /usr/sbin/mkswap
2026-08-17 14:01:15 Binary: /usr/sbin/newusers
2026-08-17 14:01:15 Binary: /usr/sbin/nfnl_osf
2026-08-17 14:01:15 Binary: /usr/sbin/nft
2026-08-17 14:01:15 Binary: /usr/sbin/nologin
2026-08-17 14:01:15 Binary: /usr/sbin/pam-auth-update
2026-08-17 14:01:15 Binary: /usr/sbin/pam_getenv
2026-08-17 14:01:15 Binary: /usr/sbin/pam_namespace_helper
2026-08-17 14:01:15 Binary: /usr/sbin/pam_timestamp_check
2026-08-17 14:01:15 Binary: /usr/sbin/pivot_root
2026-08-17 14:01:15 Binary: /usr/sbin/policy-rc.d
2026-08-17 14:01:15 Binary: /usr/sbin/pwck
2026-08-17 14:01:15 Binary: /usr/sbin/pwconv
2026-08-17 14:01:15 Binary: /usr/sbin/pwhistory_helper
2026-08-17 14:01:15 Binary: /usr/sbin/pwunconv
2026-08-17 14:01:15 Binary: /usr/sbin/readprofile
2026-08-17 14:01:15 Binary: /usr/sbin/remove-shell
2026-08-17 14:01:15 Binary: /usr/sbin/resize2fs
2026-08-17 14:01:15 Binary: /usr/sbin/rmt
2026-08-17 14:01:15 Binary: /usr/sbin/rmt-tar
2026-08-17 14:01:15 Binary: /usr/sbin/rtacct
2026-08-17 14:01:15 Binary: /usr/sbin/rtcwake
2026-08-17 14:01:15 Binary: /usr/sbin/rtmon
2026-08-17 14:01:15 Binary: /usr/sbin/runuser
2026-08-17 14:01:15 Binary: /usr/sbin/service
2026-08-17 14:01:15 Binary: /usr/sbin/setcap
2026-08-17 14:01:15 Binary: /usr/sbin/shadowconfig
2026-08-17 14:01:15 Binary: /usr/sbin/start-stop-daemon
2026-08-17 14:01:15 Binary: /usr/sbin/sulogin
2026-08-17 14:01:15 Binary: /usr/sbin/swaplabel
2026-08-17 14:01:15 Binary: /usr/sbin/swapoff
2026-08-17 14:01:15 Binary: /usr/sbin/swapon
2026-08-17 14:01:15 Binary: /usr/sbin/switch_root
2026-08-17 14:01:15 Binary: /usr/sbin/tarcat
2026-08-17 14:01:15 Binary: /usr/sbin/tc
2026-08-17 14:01:15 Binary: /usr/sbin/tipc
2026-08-17 14:01:15 Binary: /usr/sbin/tune2fs
2026-08-17 14:01:15 Binary: /usr/sbin/ufw
2026-08-17 14:01:15 Binary: /usr/sbin/unix_chkpwd
2026-08-17 14:01:15 Binary: /usr/sbin/unix_update
2026-08-17 14:01:15 Binary: /usr/sbin/update-ca-certificates
2026-08-17 14:01:15 Binary: /usr/sbin/update-passwd
2026-08-17 14:01:15 Binary: /usr/sbin/update-rc.d
2026-08-17 14:01:15 Binary: /usr/sbin/update-shells
2026-08-17 14:01:15 Binary: /usr/sbin/useradd
2026-08-17 14:01:15 Binary: /usr/sbin/userdel
2026-08-17 14:01:15 Binary: /usr/sbin/usermod
2026-08-17 14:01:15 Binary: /usr/sbin/vdpa
2026-08-17 14:01:15 Binary: /usr/sbin/vigr
2026-08-17 14:01:15 Binary: /usr/sbin/vipw
2026-08-17 14:01:15 Binary: /usr/sbin/wipefs
2026-08-17 14:01:15 Binary: /usr/sbin/xtables-legacy-multi
2026-08-17 14:01:15 Binary: /usr/sbin/xtables-monitor
2026-08-17 14:01:15 Binary: /usr/sbin/xtables-nft-multi
2026-08-17 14:01:15 Binary: /usr/sbin/zic
2026-08-17 14:01:15 Binary: /usr/sbin/zramctl
2026-08-17 14:01:15 ====
2026-08-17 14:01:15 Test: Checking binaries in directory /usr/local/bin
2026-08-17 14:01:15 Directory /usr/local/bin exists. Starting directory scanning...
2026-08-17 14:01:15 Binary: /usr/local/bin/LICENSE
2026-08-17 14:01:15 Binary: /usr/local/bin/README.md
2026-08-17 14:01:15 Binary: /usr/local/bin/contrib
2026-08-17 14:01:15 Binary: /usr/local/bin/distro
2026-08-17 14:01:15 Binary: /usr/local/bin/httpx
2026-08-17 14:01:15 Binary: /usr/local/bin/idna
2026-08-17 14:01:15 Binary: /usr/local/bin/normalizer
2026-08-17 14:01:15 Binary: /usr/local/bin/supercronic
2026-08-17 14:01:15 Binary: /usr/local/bin/testssl.sh
2026-08-17 14:01:15 Binary: /usr/local/bin/trivy
2026-08-17 14:01:15 ====
2026-08-17 14:01:15 Test: Checking binaries in directory /usr/local/sbin
2026-08-17 14:01:15 Directory /usr/local/sbin exists. Starting directory scanning...
2026-08-17 14:01:15 ====
2026-08-17 14:01:15 Discovered directories: /bin, /sbin, /usr/bin, /usr/sbin, /usr/local/bin, /usr/local/sbin
2026-08-17 14:01:15 DEB-0001 Result: found 1106 binaries
2026-08-17 14:01:15 Status: Starting Authentication checks...
2026-08-17 14:01:15 Status: Checking if libpam-tmpdir is installed and enabled...
2026-08-17 14:01:15 ====
2026-08-17 14:01:15 Performing test ID DEB-0280 (Checking if libpam-tmpdir is installed and enabled.)
2026-08-17 14:01:15  - libpam-tmpdir is not installed.
2026-08-17 14:01:15 Hardening: assigned partial number of hardening points (0 of 2). Currently having 0 points (out of 2)
2026-08-17 14:01:15 Suggestion: Install libpam-tmpdir to set $TMP and $TMPDIR for PAM sessions [test:DEB-0280] [details:-] [solution:-]
2026-08-17 14:01:15 Status: Starting file system checks...
2026-08-17 14:01:15 Status: Starting file system checks for dm-crypt, cryptsetup & cryptmount...
2026-08-17 14:01:15 ====
2026-08-17 14:01:15 Skipped test DEB-0510 (Checking if LVM volume groups or file systems are stored on encrypted partitions)
2026-08-17 14:01:15 Reason to skip: Prerequisites not met (ie missing tool, other type of Linux distribution)
2026-08-17 14:01:15 ====
2026-08-17 14:01:15 Skipped test DEB-0520 (Checking for Ecryptfs)
2026-08-17 14:01:15 Reason to skip: Prerequisites not met (ie missing tool, other type of Linux distribution)
2026-08-17 14:01:15 Status: Starting Software checks...
2026-08-17 14:01:15 ====
2026-08-17 14:01:15 Performing test ID DEB-0810 (Checking for apt-listbugs)
2026-08-17 14:01:15  - apt-listbugs is not installed.
2026-08-17 14:01:15 Hardening: assigned partial number of hardening points (0 of 2). Currently having 0 points (out of 4)
2026-08-17 14:01:15 Suggestion: Install apt-listbugs to display a list of critical bugs prior to each APT installation. [test:DEB-0810] [details:-] [solution:-]
2026-08-17 14:01:15 ====
2026-08-17 14:01:15 Performing test ID DEB-0811 (Checking for apt-listchanges)
2026-08-17 14:01:15  - apt-listchanges is not installed.
2026-08-17 14:01:15 Hardening: assigned partial number of hardening points (0 of 2). Currently having 0 points (out of 6)
2026-08-17 14:01:15 Suggestion: Install apt-listchanges to display any significant changes prior to any upgrade via APT. [test:DEB-0811] [details:-] [solution:-]
2026-08-17 14:01:15 ====
2026-08-17 14:01:15 Performing test ID DEB-0831 (Verifying that needrestart is installed.)
2026-08-17 14:01:15  - needrestart is not installed.
2026-08-17 14:01:15 Suggestion: Install needrestart, alternatively to debian-goodies, so that you can run needrestart after upgrades to determine which daemons are using old versions of libraries and need restarting. [test:DEB-0831] [details:-] [solution:-]
2026-08-17 14:01:15 Hardening: assigned partial number of hardening points (0 of 1). Currently having 0 points (out of 7)
2026-08-17 14:01:15 ====
2026-08-17 14:01:15 Performing test ID DEB-0880 (Checking for fail2ban)
2026-08-17 14:01:15  - fail2ban is not installed.
2026-08-17 14:01:15 Hardening: assigned partial number of hardening points (0 of 2). Currently having 0 points (out of 9)
2026-08-17 14:01:15 Suggestion: Install fail2ban to automatically ban hosts that commit multiple authentication errors. [test:DEB-0880] [details:-] [solution:-]
2026-08-17 14:01:15 ====
2026-08-17 14:01:15 ====
2026-08-17 14:01:15 Result: debian plugin (phase 1) finished
2026-08-17 14:01:15 --
2026-08-17 14:01:15 Result: Found 1 plugins of which 1 are enabled
2026-08-17 14:01:15 Result: Plugins phase 1 finished
2026-08-17 14:01:15 ====
2026-08-17 14:01:15 Info: found hashing tool, start generation of HostID
2026-08-17 14:01:15 Interface 'enp2s0' is up, fetching MAC address
2026-08-17 14:01:15 Info: using hardware address '3c:7c:3f:7d:61:d5' to create HostID
2026-08-17 14:01:15 Result: Found HostID: ff01a09c6c3626133d94c1e62abfa51a3b5d03f4
2026-08-17 14:01:15 Info: start generation of HostID (version 2)
2026-08-17 14:01:15 Result: no /etc/ssh directory found, skipping
2026-08-17 14:01:15 hostid-generation: method linux-sys-interface-up
2026-08-17 14:01:15 hostid2-generation: method unknown
2026-08-17 14:01:15 Info: HostID ff01a09c6c3626133d94c1e62abfa51a3b5d03f4 looks to be valid
2026-08-17 14:01:15 Info: no machine ID found
2026-08-17 14:01:15 ====
2026-08-17 14:01:15 Info: perform tests from all categories
2026-08-17 14:01:15 Security check: file is normal
2026-08-17 14:01:15 Checking permissions of /usr/share/lynis/include/tests_boot_services
2026-08-17 14:01:15 File permissions are OK
2026-08-17 14:01:15 ====
2026-08-17 14:01:15 Action: Performing tests from category: Boot and services
2026-08-17 14:01:15 ====
2026-08-17 14:01:15 Skipped test BOOT-5102 (Check for AIX boot device)
2026-08-17 14:01:15 Reason to skip: Incorrect guest OS (AIX only)
2026-08-17 14:01:15 ====
2026-08-17 14:01:15 Performing test ID BOOT-5104 (Determine service manager)
2026-08-17 14:01:15 Result: cmdline found = /bin/bash /app/scripts/entrypoint.sh
2026-08-17 14:01:15 Result: file on disk = /bin/bash
2026-08-17 14:01:16 Found: bash
2026-08-17 14:01:16 Found bash. Unclear what service manager this is
2026-08-17 14:01:16 Exception: test has an exceptional event (BOOT-5104:001) with text Unknown service manager
2026-08-17 14:01:21 Result: service manager found = unknown
2026-08-17 14:01:21 ====
2026-08-17 14:01:21 Skipped test BOOT-5106 (Check EFI boot file on Mac OS X/macOS)
2026-08-17 14:01:21 Reason to skip: Incorrect guest OS (macOS only)
2026-08-17 14:01:21 ====
2026-08-17 14:01:21 Skipped test BOOT-5108 (Check Syslinux as bootloader)
2026-08-17 14:01:21 Reason to skip: This test needs root permissions
2026-08-17 14:01:21 ====
2026-08-17 14:01:21 Skipped test BOOT-5109 (Check rEFInd as bootloader)
2026-08-17 14:01:21 Reason to skip: This test needs root permissions
2026-08-17 14:01:21 ====
2026-08-17 14:01:21 Skipped test BOOT-5116 (Check if system is booted in UEFI mode)
2026-08-17 14:01:21 Reason to skip: This test needs root permissions
2026-08-17 14:01:21 ====
2026-08-17 14:01:21 Skipped test BOOT-5117 (Check for systemd-boot bootloader presence)
2026-08-17 14:01:21 Reason to skip: Prerequisites not met (ie missing tool, other type of Linux distribution)
2026-08-17 14:01:21 ====
2026-08-17 14:01:21 Performing test ID BOOT-5121 (Check for GRUB boot loader presence)
2026-08-17 14:01:21 Test: Checking for presence GRUB conf file (/boot/grub/grub.conf or /boot/grub/menu.lst)
2026-08-17 14:01:21 Result: no GRUB configuration file found.
2026-08-17 14:01:21 ====
2026-08-17 14:01:21 Skipped test BOOT-5122 (Check for GRUB boot password)
2026-08-17 14:01:21 Reason to skip: Prerequisites not met (ie missing tool, other type of Linux distribution)
2026-08-17 14:01:21 ====
2026-08-17 14:01:21 Skipped test BOOT-5124 (Check for FreeBSD boot loader presence)
2026-08-17 14:01:21 Reason to skip: Incorrect guest OS (FreeBSD only)
2026-08-17 14:01:21 ====
2026-08-17 14:01:21 Skipped test BOOT-5261 (Check for DragonFly boot loader presence)
2026-08-17 14:01:21 Reason to skip: Incorrect guest OS (DragonFly only)
2026-08-17 14:01:21 ====
2026-08-17 14:01:21 Skipped test BOOT-5126 (Check for NetBSD boot loader presence)
2026-08-17 14:01:21 Reason to skip: Incorrect guest OS (NetBSD only)
2026-08-17 14:01:21 ====
2026-08-17 14:01:21 Performing test ID BOOT-5139 (Check for LILO boot loader presence)
2026-08-17 14:01:21 Test: checking for presence LILO configuration file
2026-08-17 14:01:21 Result: LILO configuration file not found
2026-08-17 14:01:21 ====
2026-08-17 14:01:21 Skipped test BOOT-5140 (Check for ELILO boot loader presence)
2026-08-17 14:01:21 Reason to skip: This test needs root permissions
2026-08-17 14:01:21 ====
2026-08-17 14:01:21 Performing test ID BOOT-5142 (Check SPARC Improved boot loader (SILO))
2026-08-17 14:01:21 Result: no SILO configuration file found.
2026-08-17 14:01:21 ====
2026-08-17 14:01:21 Performing test ID BOOT-5155 (Check for YABOOT boot loader configuration file)
2026-08-17 14:01:21 Test: Check for /etc/yaboot.conf
2026-08-17 14:01:21 Result: no YABOOT configuration file found.
2026-08-17 14:01:21 ====
2026-08-17 14:01:21 Skipped test BOOT-5159 (Check for OpenBSD boot loader presence)
2026-08-17 14:01:21 Reason to skip: Incorrect guest OS (OpenBSD only)
2026-08-17 14:01:21 ====
2026-08-17 14:01:21 Skipped test BOOT-5165 (Check for FreeBSD boot services)
2026-08-17 14:01:21 Reason to skip: Incorrect guest OS (FreeBSD only)
2026-08-17 14:01:21 ====
2026-08-17 14:01:21 Skipped test BOOT-5170 (Check for Solaris boot daemons)
2026-08-17 14:01:21 Reason to skip: Incorrect guest OS (Solaris only)
2026-08-17 14:01:21 ====
2026-08-17 14:01:21 Performing test ID BOOT-5177 (Check for Linux boot and running services)
2026-08-17 14:01:21 Test: checking presence systemctl binary
2026-08-17 14:01:21 Result: systemctl binary not found, checking chkconfig binary
2026-08-17 14:01:21 Result: both systemctl and chkconfig not found. Skipping this test
2026-08-17 14:01:21 ====
2026-08-17 14:01:21 Performing test ID BOOT-5180 (Check for Linux boot services (Debian style))
2026-08-17 14:01:21 Result: found runlevel 
2026-08-17 14:01:21 Suggestion: Determine runlevel and services at startup [test:BOOT-5180] [details:-] [solution:-]
2026-08-17 14:01:21 ====
2026-08-17 14:01:21 Performing test ID BOOT-5184 (Check permissions for boot files/scripts)
2026-08-17 14:01:21 Result: checking /etc/init.d scripts for writable bit
2026-08-17 14:01:21 Test: checking if directory /etc/init.d exists
2026-08-17 14:01:21 Result: directory /etc/init.d found
2026-08-17 14:01:21 Test: checking for available files in directory
2026-08-17 14:01:21 Result: found files in directory, checking permissions now
2026-08-17 14:01:21 Test: checking permissions of file /etc/init.d/cron
2026-08-17 14:01:21 Result: good, file /etc/init.d/cron not world writable
2026-08-17 14:01:21 Test: checking permissions of file /etc/init.d/hwclock.sh
2026-08-17 14:01:21 Result: good, file /etc/init.d/hwclock.sh not world writable
2026-08-17 14:01:21 Test: checking permissions of file /etc/init.d/ufw
2026-08-17 14:01:21 Result: good, file /etc/init.d/ufw not world writable
2026-08-17 14:01:21 Test: checking if directory /etc/rc.d exists
2026-08-17 14:01:21 Result: directory /etc/rc.d not found. Skipping..
2026-08-17 14:01:21 Test: checking if directory /etc/rcS.d exists
2026-08-17 14:01:21 Result: directory /etc/rcS.d found
2026-08-17 14:01:21 Test: checking for available files in directory
2026-08-17 14:01:21 Result: found files in directory, checking permissions now
2026-08-17 14:01:21 Test: checking permissions of file /etc/rcS.d/S01hwclock.sh
2026-08-17 14:01:21 Action: checking symlink for file /etc/rcS.d/S01hwclock.sh
2026-08-17 14:01:21 Note: Using real readlink binary to determine symlink on /etc/rcS.d/S01hwclock.sh
2026-08-17 14:01:21 Result: readlink shows /etc/init.d/hwclock.sh as output
2026-08-17 14:01:21 Result: symlink found, pointing to file /etc/init.d/hwclock.sh
2026-08-17 14:01:21 Result: good, file /etc/rcS.d/S01hwclock.sh not world writable
2026-08-17 14:01:21 Test: checking permissions of file /etc/rcS.d/S01ufw
2026-08-17 14:01:21 Action: checking symlink for file /etc/rcS.d/S01ufw
2026-08-17 14:01:21 Note: Using real readlink binary to determine symlink on /etc/rcS.d/S01ufw
2026-08-17 14:01:21 Result: readlink shows /etc/init.d/ufw as output
2026-08-17 14:01:21 Result: symlink found, pointing to file /etc/init.d/ufw
2026-08-17 14:01:21 Result: good, file /etc/rcS.d/S01ufw not world writable
2026-08-17 14:01:21 Test: Checking /etc/rc0.d scripts for writable bit
2026-08-17 14:01:21 Action: checking symlink for file /etc/rc0.d/K01hwclock.sh
2026-08-17 14:01:21 Note: Using real readlink binary to determine symlink on /etc/rc0.d/K01hwclock.sh
2026-08-17 14:01:21 Result: readlink shows /etc/init.d/hwclock.sh as output
2026-08-17 14:01:21 Result: symlink found, pointing to file /etc/init.d/hwclock.sh
2026-08-17 14:01:21 Result: good, file /etc/rc0.d/K01hwclock.sh not world writable
2026-08-17 14:01:21 Test: Checking /etc/rc1.d scripts for writable bit
2026-08-17 14:01:21 Action: checking symlink for file /etc/rc1.d/K01ufw
2026-08-17 14:01:21 Note: Using real readlink binary to determine symlink on /etc/rc1.d/K01ufw
2026-08-17 14:01:21 Result: readlink shows /etc/init.d/ufw as output
2026-08-17 14:01:21 Result: symlink found, pointing to file /etc/init.d/ufw
2026-08-17 14:01:21 Result: good, file /etc/rc1.d/K01ufw not world writable
2026-08-17 14:01:21 Test: Checking /etc/rc2.d scripts for writable bit
2026-08-17 14:01:21 Action: checking symlink for file /etc/rc2.d/S01cron
2026-08-17 14:01:21 Note: Using real readlink binary to determine symlink on /etc/rc2.d/S01cron
2026-08-17 14:01:21 Result: readlink shows /etc/init.d/cron as output
2026-08-17 14:01:21 Result: symlink found, pointing to file /etc/init.d/cron
2026-08-17 14:01:21 Result: good, file /etc/rc2.d/S01cron not world writable
2026-08-17 14:01:21 Test: Checking /etc/rc3.d scripts for writable bit
2026-08-17 14:01:21 Action: checking symlink for file /etc/rc3.d/S01cron
2026-08-17 14:01:21 Note: Using real readlink binary to determine symlink on /etc/rc3.d/S01cron
2026-08-17 14:01:21 Result: readlink shows /etc/init.d/cron as output
2026-08-17 14:01:21 Result: symlink found, pointing to file /etc/init.d/cron
2026-08-17 14:01:21 Result: good, file /etc/rc3.d/S01cron not world writable
2026-08-17 14:01:21 Test: Checking /etc/rc4.d scripts for writable bit
2026-08-17 14:01:21 Action: checking symlink for file /etc/rc4.d/S01cron
2026-08-17 14:01:21 Note: Using real readlink binary to determine symlink on /etc/rc4.d/S01cron
2026-08-17 14:01:21 Result: readlink shows /etc/init.d/cron as output
2026-08-17 14:01:21 Result: symlink found, pointing to file /etc/init.d/cron
2026-08-17 14:01:21 Result: good, file /etc/rc4.d/S01cron not world writable
2026-08-17 14:01:21 Test: Checking /etc/rc5.d scripts for writable bit
2026-08-17 14:01:21 Action: checking symlink for file /etc/rc5.d/S01cron
2026-08-17 14:01:21 Note: Using real readlink binary to determine symlink on /etc/rc5.d/S01cron
2026-08-17 14:01:21 Result: readlink shows /etc/init.d/cron as output
2026-08-17 14:01:21 Result: symlink found, pointing to file /etc/init.d/cron
2026-08-17 14:01:21 Result: good, file /etc/rc5.d/S01cron not world writable
2026-08-17 14:01:21 Test: Checking /etc/rc6.d scripts for writable bit
2026-08-17 14:01:21 Action: checking symlink for file /etc/rc6.d/K01hwclock.sh
2026-08-17 14:01:21 Note: Using real readlink binary to determine symlink on /etc/rc6.d/K01hwclock.sh
2026-08-17 14:01:21 Result: readlink shows /etc/init.d/hwclock.sh as output
2026-08-17 14:01:21 Result: symlink found, pointing to file /etc/init.d/hwclock.sh
2026-08-17 14:01:21 Result: good, file /etc/rc6.d/K01hwclock.sh not world writable
2026-08-17 14:01:21 Hardening: assigned maximum number of hardening points for this item (3). Currently having 3 points (out of 12)
2026-08-17 14:01:21 ====
2026-08-17 14:01:21 Performing test ID BOOT-5202 (Check uptime of system)
2026-08-17 14:01:21 Uptime (in seconds): 32857
2026-08-17 14:01:21 Uptime (in days): 0
2026-08-17 14:01:21 ====
2026-08-17 14:01:21 Performing test ID BOOT-5260 (Check single user mode for systemd)
2026-08-17 14:01:21 Test: Searching /usr/lib/systemd/system/rescue.service
2026-08-17 14:01:21 Result: file /usr/lib/systemd/system/rescue.service does not exist
2026-08-17 14:01:21 ====
2026-08-17 14:01:21 Skipped test BOOT-5262 (Check for OpenBSD boot daemons)
2026-08-17 14:01:21 Reason to skip: Incorrect guest OS (OpenBSD only)
2026-08-17 14:01:21 ====
2026-08-17 14:01:21 Skipped test BOOT-5263 (Check permissions for boot files/scripts)
2026-08-17 14:01:21 Reason to skip: Incorrect guest OS (OpenBSD only)
2026-08-17 14:01:21 ====
2026-08-17 14:01:21 Skipped test BOOT-5264 (Run systemd-analyze security)
2026-08-17 14:01:21 Reason to skip: systemd-analyze not available
2026-08-17 14:01:21 Security check: file is normal
2026-08-17 14:01:21 Checking permissions of /usr/share/lynis/include/tests_kernel
2026-08-17 14:01:21 File permissions are OK
2026-08-17 14:01:21 ====
2026-08-17 14:01:21 Action: Performing tests from category: Kernel
2026-08-17 14:01:21 ====
2026-08-17 14:01:21 Performing test ID KRNL-5622 (Determine Linux default run level)
2026-08-17 14:01:21 Test: Checking for systemd default.target
2026-08-17 14:01:21 Result: no systemd found, so trying inittab
2026-08-17 14:01:21 Test: Checking /etc/inittab
2026-08-17 14:01:21 Result: file /etc/inittab not found
2026-08-17 14:01:21 Test: Checking run level with who -r, for Debian based systems
2026-08-17 14:01:21 Result: Can't determine default run level from who -r
2026-08-17 14:01:21 ====
2026-08-17 14:01:21 Performing test ID KRNL-5677 (Check CPU options and support)
2026-08-17 14:01:21 Test: Checking /proc/cpuinfo
2026-08-17 14:01:21 Result: found /proc/cpuinfo
2026-08-17 14:01:21 Test: Checking CPU options (XD/NX/PAE)
2026-08-17 14:01:21 PAE: Yes
2026-08-17 14:01:21 NX: Yes
2026-08-17 14:01:21 Result: PAE or No eXecute option(s) both found
2026-08-17 14:01:21 ====
2026-08-17 14:01:21 Performing test ID KRNL-5695 (Determine Linux kernel version and release number)
2026-08-17 14:01:21 Result: found kernel release 6.8.0-136-generic
2026-08-17 14:01:21 Result: found kernel version #136~22.04.1-Ubuntu SMP PREEMPT_DYNAMIC Fri Jul  3 16:29:11 UTC 
2026-08-17 14:01:21 ====
2026-08-17 14:01:21 Performing test ID KRNL-5723 (Determining if Linux kernel is monolithic)
2026-08-17 14:01:21 Test skipped, lsmod binary not found or /proc/modules can not be opened
2026-08-17 14:01:21 ====
2026-08-17 14:01:21 Performing test ID KRNL-5726 (Checking Linux loaded kernel modules)
2026-08-17 14:01:21 Test skipped, lsmod binary not found or /proc/modules can not be opened
2026-08-17 14:01:21 ====
2026-08-17 14:01:21 Performing test ID KRNL-5728 (Checking Linux kernel config)
2026-08-17 14:01:21 Result: no Linux kernel configuration file found in /boot
2026-08-17 14:01:21 ====
2026-08-17 14:01:21 Skipped test KRNL-5730 (Checking disk I/O kernel scheduler)
2026-08-17 14:01:21 Reason to skip: Prerequisites not met (ie missing tool, other type of Linux distribution)
2026-08-17 14:01:21 ====
2026-08-17 14:01:21 Skipped test KRNL-5745 (Checking FreeBSD loaded kernel modules)
2026-08-17 14:01:21 Reason to skip: Incorrect guest OS (FreeBSD only)
2026-08-17 14:01:21 ====
2026-08-17 14:01:21 Skipped test KRNL-5831 (Checking DragonFly loaded kernel modules)
2026-08-17 14:01:21 Reason to skip: Incorrect guest OS (DragonFly only)
2026-08-17 14:01:21 ====
2026-08-17 14:01:21 Skipped test KRNL-5770 (Checking active kernel modules)
2026-08-17 14:01:21 Reason to skip: Incorrect guest OS (Solaris only)
2026-08-17 14:01:21 ====
2026-08-17 14:01:21 Performing test ID KRNL-5788 (Checking availability new Linux kernel)
2026-08-17 14:01:21 Test: Searching apt-cache, to determine if a newer kernel is available
2026-08-17 14:01:21 Result: found /usr/bin/apt-cache
2026-08-17 14:01:21 Test: checking presence of /vmlinuz or /boot/vmlinuz
2026-08-17 14:01:21 This system is missing /vmlinuz or /boot/vmlinuz. Unable to check whether kernel is up-to-date.
2026-08-17 14:01:21 Suggestion: Determine why /vmlinuz or /boot/vmlinuz is missing on this Debian/Ubuntu system. [test:KRNL-5788] [details:/vmlinuz or /boot/vmlinuz] [solution:-]
2026-08-17 14:01:21 Result: could not check kernel update status as kernel is unknown
2026-08-17 14:01:21 ====
2026-08-17 14:01:21 Performing test ID KRNL-5820 (Checking core dumps configuration)
2026-08-17 14:01:21 Test: Checking presence of systemd
2026-08-17 14:01:21 Test: Checking presence /etc/profile
2026-08-17 14:01:21 Test: Checking if 'ulimit -c 0' exists in /etc/profile or /etc/profile.d/*.sh
2026-08-17 14:01:21 Result: core dumps are not disabled in /etc/profile or /etc/profile.d/*.sh config files. Didn't find setting 'ulimit -c 0'
2026-08-17 14:01:21 Hardening: assigned partial number of hardening points (0 of 1). Currently having 3 points (out of 13)
2026-08-17 14:01:21 Test: Checking presence /etc/security/limits.conf
2026-08-17 14:01:21 Result: file /etc/security/limits.conf exists
2026-08-17 14:01:21 Test: Checking if core dumps are disabled in /etc/security/limits.conf and /etc/security/limits.d/*
2026-08-17 14:01:21 Result: core dumps are not explicitly disabled
2026-08-17 14:01:21 Suggestion: If not required, consider explicit disabling of core dump in /etc/security/limits.conf file [test:KRNL-5820] [details:-] [solution:-]
2026-08-17 14:01:21 Hardening: assigned partial number of hardening points (1 of 3). Currently having 4 points (out of 16)
2026-08-17 14:01:21 Test: Checking presence /usr/etc/security/limits.conf
2026-08-17 14:01:21 Result: file /usr/etc/security/limits.conf does not exist, skipping test for this file
2026-08-17 14:01:21 Test: Checking sysctl value of fs.suid_dumpable
2026-08-17 14:01:21 Result: sysctl key fs.suid_dumpable not found
2026-08-17 14:01:21 Result: found default option (0), no execute only program or program with changed privilege levels can dump
2026-08-17 14:01:21 Hardening: assigned maximum number of hardening points for this item (1). Currently having 5 points (out of 17)
2026-08-17 14:01:21 ====
2026-08-17 14:01:21 Performing test ID KRNL-5830 (Checking if system is running on the latest installed kernel)
2026-08-17 14:01:21 Test: Checking presence /var/run/reboot-required.pkgs
2026-08-17 14:01:21 Result: file /var/run/reboot-required.pkgs not found
2026-08-17 14:01:21 Test: Checking presence /var/run/needs_restarting
2026-08-17 14:01:21 Result: file /var/run/needs_restarting not found
2026-08-17 14:01:21 Result: /boot exists, performing more tests from here
2026-08-17 14:01:21 Result: Skipping this test, as there are no files in /boot
2026-08-17 14:01:21 Result: found folder /var/cache/apt/archives; assuming this is a debian based distribution
2026-08-17 14:01:21 Check: try to find raspberrypi-kernel file in /var/cache/apt/archives and extract package date from file name
2026-08-17 14:01:21 Result: Skipping this test, as there was no package date to extract
2026-08-17 14:01:21 Result: Skipping this test, as extracting the seconds of package date failed
2026-08-17 14:01:21 Result: Did not get output from 'uname -v'. Skipping test.
2026-08-17 14:01:21 Security check: file is normal
2026-08-17 14:01:21 Checking permissions of /usr/share/lynis/include/tests_memory_processes
2026-08-17 14:01:21 File permissions are OK
2026-08-17 14:01:21 ====
2026-08-17 14:01:21 Action: Performing tests from category: Memory and Processes
2026-08-17 14:01:21 ====
2026-08-17 14:01:21 Performing test ID PROC-3602 (Checking /proc/meminfo for memory details)
2026-08-17 14:01:21 Result: found /proc/meminfo
2026-08-17 14:01:21 Result: Found 32726036 kB memory
2026-08-17 14:01:21 ====
2026-08-17 14:01:21 Skipped test PROC-3604 (Query prtconf for memory details)
2026-08-17 14:01:21 Reason to skip: Incorrect guest OS (Solaris only)
2026-08-17 14:01:21 ====
2026-08-17 14:01:21 Performing test ID PROC-3612 (Check dead or zombie processes)
2026-08-17 14:01:21 Result: no zombie processes found
2026-08-17 14:01:21 ====
2026-08-17 14:01:21 Performing test ID PROC-3614 (Check heavy IO waiting based processes)
2026-08-17 14:01:21 Result: No processes were waiting for IO requests to be handled first
2026-08-17 14:01:21 ====
2026-08-17 14:01:21 Performing test ID PROC-3802 (Check presence of prelink tooling)
2026-08-17 14:01:21 Result: prelink package is NOT installed
2026-08-17 14:01:21 Hardening: assigned maximum number of hardening points for this item (3). Currently having 8 points (out of 20)
2026-08-17 14:01:21 Security check: file is normal
2026-08-17 14:01:21 Checking permissions of /usr/share/lynis/include/tests_authentication
2026-08-17 14:01:21 File permissions are OK
2026-08-17 14:01:21 ====
2026-08-17 14:01:21 Action: Performing tests from category: Users, Groups and Authentication
2026-08-17 14:01:21 ====
2026-08-17 14:01:21 Performing test ID AUTH-9204 (Check users with an UID of zero)
2026-08-17 14:01:21 Test: Searching accounts with UID 0
2026-08-17 14:01:21 Result: No accounts found with UID 0 other than root.
2026-08-17 14:01:21 ====
2026-08-17 14:01:21 Performing test ID AUTH-9208 (Check non-unique accounts in passwd file)
2026-08-17 14:01:21 Test: Checking for non-unique accounts
2026-08-17 14:01:21 Result: all accounts found in /etc/passwd are unique
2026-08-17 14:01:21 Remarks: Non unique UIDs can be a risk for the system or part of a configuration mistake
2026-08-17 14:01:21 Prerequisite test: /usr/sbin/chkgrp
2026-08-17 14:01:21 ====
2026-08-17 14:01:21 Skipped test AUTH-9212 (Test group file)
2026-08-17 14:01:21 Reason to skip: Prerequisites not met (ie missing tool, other type of Linux distribution)
2026-08-17 14:01:21 ====
2026-08-17 14:01:21 Skipped test AUTH-9216 (Check group and shadow group files)
2026-08-17 14:01:21 Reason to skip: This test needs root permissions
2026-08-17 14:01:21 ====
2026-08-17 14:01:21 Skipped test AUTH-9218 (Check login shells for passwordless accounts)
2026-08-17 14:01:21 Reason to skip: Incorrect guest OS (DragonFly FreeBSD NetBSD OpenBSD only)
2026-08-17 14:01:21 ====
2026-08-17 14:01:21 Performing test ID AUTH-9222 (Check unique groups (IDs))
2026-08-17 14:01:21 Test: Checking for non unique group ID's in /etc/group
2026-08-17 14:01:21 Result: All group ID's are unique
2026-08-17 14:01:21 ====
2026-08-17 14:01:21 Performing test ID AUTH-9226 (Check unique group names)
2026-08-17 14:01:21 Test: Checking for non unique group names in /etc/group
2026-08-17 14:01:21 Result: All group names are unique
2026-08-17 14:01:21 ====
2026-08-17 14:01:21 Performing test ID AUTH-9228 (Check password file consistency with pwck)
2026-08-17 14:01:21 Test: Checking password file consistency (pwck)
2026-08-17 14:01:21 Result: pwck found one or more errors/warnings in the password file.
2026-08-17 14:01:21 Suggestion: Run pwck manually and correct any errors in the password file [test:AUTH-9228] [details:-] [solution:-]
2026-08-17 14:01:21 Hardening: assigned partial number of hardening points (0 of 2). Currently having 8 points (out of 22)
2026-08-17 14:01:21 ====
2026-08-17 14:01:21 Skipped test AUTH-9229 (Check password hashing methods)
2026-08-17 14:01:21 Reason to skip: This test needs root permissions
2026-08-17 14:01:21 ====
2026-08-17 14:01:21 Performing test ID AUTH-9230 (Check password hashing rounds)
2026-08-17 14:01:21 Test: Checking SHA_CRYPT_{MIN,MAX}_ROUNDS option in /etc/login.defs
2026-08-17 14:01:21 Result: number of password hashing rounds is not configured
2026-08-17 14:01:21 Suggestion: Configure password hashing rounds in /etc/login.defs [test:AUTH-9230] [details:-] [solution:-]
2026-08-17 14:01:21 Hardening: assigned partial number of hardening points (0 of 2). Currently having 8 points (out of 24)
2026-08-17 14:01:21 ====
2026-08-17 14:01:21 Performing test ID AUTH-9234 (Query user accounts)
2026-08-17 14:01:21 Test: Read system users (including root user) from password database (e.g. /etc/passwd)
2026-08-17 14:01:21 Result: found minimal user id specified: 1000
2026-08-17 14:01:21 Linux real users output (ID = 0, or 1000+, but not 65534):
2026-08-17 14:01:21 Real user: root,0
2026-08-17 14:01:21 ====
2026-08-17 14:01:21 Performing test ID AUTH-9240 (Query NIS+ authentication support)
2026-08-17 14:01:21 Result: NIS+ authentication not enabled
2026-08-17 14:01:21 ====
2026-08-17 14:01:21 Performing test ID AUTH-9242 (Query NIS authentication support)
2026-08-17 14:01:22 Result: NIS authentication not enabled
2026-08-17 14:01:22 ====
2026-08-17 14:01:22 Performing test ID AUTH-9250 (Checking sudoers file)
2026-08-17 14:01:22 Test: checking presence /etc/sudoers
2026-08-17 14:01:22 Result: file /etc/sudoers not found
2026-08-17 14:01:22 Test: checking presence /usr/local/etc/sudoers
2026-08-17 14:01:22 Result: file /usr/local/etc/sudoers not found
2026-08-17 14:01:22 Test: checking presence /usr/pkg/etc/sudoers
2026-08-17 14:01:22 Result: file /usr/pkg/etc/sudoers not found
2026-08-17 14:01:22 Result: sudoers file NOT found
2026-08-17 14:01:22 ====
2026-08-17 14:01:22 Skipped test AUTH-9252 (Check ownership and permissions for sudo configuration files)
2026-08-17 14:01:22 Reason to skip: Prerequisites not met (ie missing tool, other type of Linux distribution)
2026-08-17 14:01:22 ====
2026-08-17 14:01:22 Skipped test AUTH-9254 (Solaris passwordless accounts)
2026-08-17 14:01:22 Reason to skip: Incorrect guest OS (Solaris only)
2026-08-17 14:01:22 ====
2026-08-17 14:01:22 Performing test ID AUTH-9262 (Checking presence password strength testing tools (PAM))
2026-08-17 14:01:22 Searching PAM password testing modules (cracklib, passwdqc, pwquality)
2026-08-17 14:01:22 Result: pam_cracklib.so NOT found (crack library PAM)
2026-08-17 14:01:22 Result: pam_passwdqc.so NOT found (passwd quality control PAM)
2026-08-17 14:01:22 Result: pam_pwquality.so NOT found (pwquality control PAM)
2026-08-17 14:01:22 Result: no PAM modules for password strength testing found
2026-08-17 14:01:22 Suggestion: Install a PAM module for password strength testing like pam_cracklib or pam_passwdqc [test:AUTH-9262] [details:-] [solution:-]
2026-08-17 14:01:22 Hardening: assigned partial number of hardening points (0 of 3). Currently having 8 points (out of 27)
2026-08-17 14:01:22 ====
2026-08-17 14:01:22 Performing test ID AUTH-9264 (Checking presence pam.conf)
2026-08-17 14:01:22 Test: Checking file /etc/pam.conf
2026-08-17 14:01:22 Result: file /etc/pam.conf exists
2026-08-17 14:01:22 Test: searching PAM configuration files
2026-08-17 14:01:22 Result: File has no configuration options defined (empty, or only filled with comments and empty lines)
2026-08-17 14:01:22 ====
2026-08-17 14:01:22 Performing test ID AUTH-9266 (Checking presence pam.d files)
2026-08-17 14:01:22 Test: Checking directory /etc/pam.d
2026-08-17 14:01:22 Result: directory /etc/pam.d exists
2026-08-17 14:01:22 Test: searching PAM configuration files
2026-08-17 14:01:22 Found file: /etc/pam.d/chfn
2026-08-17 14:01:22 Found file: /etc/pam.d/chpasswd
2026-08-17 14:01:22 Found file: /etc/pam.d/chsh
2026-08-17 14:01:22 Found file: /etc/pam.d/common-account
2026-08-17 14:01:22 Found file: /etc/pam.d/common-auth
2026-08-17 14:01:22 Found file: /etc/pam.d/common-password
2026-08-17 14:01:22 Found file: /etc/pam.d/common-session
2026-08-17 14:01:22 Found file: /etc/pam.d/common-session-noninteractive
2026-08-17 14:01:22 Found file: /etc/pam.d/cron
2026-08-17 14:01:22 Found file: /etc/pam.d/login
2026-08-17 14:01:22 Found file: /etc/pam.d/newusers
2026-08-17 14:01:22 Found file: /etc/pam.d/other
2026-08-17 14:01:22 Found file: /etc/pam.d/passwd
2026-08-17 14:01:22 Found file: /etc/pam.d/runuser
2026-08-17 14:01:22 Found file: /etc/pam.d/runuser-l
2026-08-17 14:01:22 Found file: /etc/pam.d/su
2026-08-17 14:01:22 Found file: /etc/pam.d/su-l
2026-08-17 14:01:22 ====
2026-08-17 14:01:22 Performing test ID AUTH-9268 (Checking presence pam.d files)
2026-08-17 14:01:22 Test: Searching pam modules
2026-08-17 14:01:22 Test: Checking /usr/lib/aarch64-linux-gnu/security
2026-08-17 14:01:22 Result: directory /usr/lib/aarch64-linux-gnu/security could not be found or is a symlink to another directory
2026-08-17 14:01:22 Test: Checking /lib/arm-linux-gnueabihf/security
2026-08-17 14:01:22 Result: directory /lib/arm-linux-gnueabihf/security could not be found or is a symlink to another directory
2026-08-17 14:01:22 Test: Checking /lib/i386-linux-gnu/security
2026-08-17 14:01:22 Result: directory /lib/i386-linux-gnu/security could not be found or is a symlink to another directory
2026-08-17 14:01:22 Test: Checking /lib/security
2026-08-17 14:01:22 Result: directory /lib/security could not be found or is a symlink to another directory
2026-08-17 14:01:22 Test: Checking /lib/x86_64-linux-gnu/security
2026-08-17 14:01:22 Result: directory /lib/x86_64-linux-gnu/security exists
2026-08-17 14:01:22 Found file: /lib/x86_64-linux-gnu/security/pam_access.so
2026-08-17 14:01:22 Found file: /lib/x86_64-linux-gnu/security/pam_debug.so
2026-08-17 14:01:22 Found file: /lib/x86_64-linux-gnu/security/pam_deny.so
2026-08-17 14:01:22 Found file: /lib/x86_64-linux-gnu/security/pam_echo.so
2026-08-17 14:01:22 Found file: /lib/x86_64-linux-gnu/security/pam_env.so
2026-08-17 14:01:22 Found file: /lib/x86_64-linux-gnu/security/pam_exec.so
2026-08-17 14:01:22 Found file: /lib/x86_64-linux-gnu/security/pam_faildelay.so
2026-08-17 14:01:22 Found file: /lib/x86_64-linux-gnu/security/pam_faillock.so
2026-08-17 14:01:22 Found file: /lib/x86_64-linux-gnu/security/pam_filter.so
2026-08-17 14:01:22 Found file: /lib/x86_64-linux-gnu/security/pam_ftp.so
2026-08-17 14:01:22 Found file: /lib/x86_64-linux-gnu/security/pam_group.so
2026-08-17 14:01:22 Found file: /lib/x86_64-linux-gnu/security/pam_issue.so
2026-08-17 14:01:22 Found file: /lib/x86_64-linux-gnu/security/pam_keyinit.so
2026-08-17 14:01:22 Found file: /lib/x86_64-linux-gnu/security/pam_lastlog.so
2026-08-17 14:01:22 Found file: /lib/x86_64-linux-gnu/security/pam_limits.so
2026-08-17 14:01:22 Found file: /lib/x86_64-linux-gnu/security/pam_listfile.so
2026-08-17 14:01:22 Found file: /lib/x86_64-linux-gnu/security/pam_localuser.so
2026-08-17 14:01:22 Found file: /lib/x86_64-linux-gnu/security/pam_loginuid.so
2026-08-17 14:01:22 Found file: /lib/x86_64-linux-gnu/security/pam_mail.so
2026-08-17 14:01:22 Found file: /lib/x86_64-linux-gnu/security/pam_mkhomedir.so
2026-08-17 14:01:22 Found file: /lib/x86_64-linux-gnu/security/pam_motd.so
2026-08-17 14:01:22 Found file: /lib/x86_64-linux-gnu/security/pam_namespace.so
2026-08-17 14:01:22 Found file: /lib/x86_64-linux-gnu/security/pam_nologin.so
2026-08-17 14:01:22 Found file: /lib/x86_64-linux-gnu/security/pam_permit.so
2026-08-17 14:01:22 Found file: /lib/x86_64-linux-gnu/security/pam_pwhistory.so
2026-08-17 14:01:22 Found file: /lib/x86_64-linux-gnu/security/pam_rhosts.so
2026-08-17 14:01:22 Found file: /lib/x86_64-linux-gnu/security/pam_rootok.so
2026-08-17 14:01:22 Found file: /lib/x86_64-linux-gnu/security/pam_securetty.so
2026-08-17 14:01:22 Found file: /lib/x86_64-linux-gnu/security/pam_selinux.so
2026-08-17 14:01:22 Found file: /lib/x86_64-linux-gnu/security/pam_sepermit.so
2026-08-17 14:01:22 Found file: /lib/x86_64-linux-gnu/security/pam_setquota.so
2026-08-17 14:01:22 Found file: /lib/x86_64-linux-gnu/security/pam_shells.so
2026-08-17 14:01:22 Found file: /lib/x86_64-linux-gnu/security/pam_stress.so
2026-08-17 14:01:22 Found file: /lib/x86_64-linux-gnu/security/pam_succeed_if.so
2026-08-17 14:01:22 Found file: /lib/x86_64-linux-gnu/security/pam_time.so
2026-08-17 14:01:22 Found file: /lib/x86_64-linux-gnu/security/pam_timestamp.so
2026-08-17 14:01:22 Found file: /lib/x86_64-linux-gnu/security/pam_tty_audit.so
2026-08-17 14:01:22 Found file: /lib/x86_64-linux-gnu/security/pam_umask.so
2026-08-17 14:01:22 Found file: /lib/x86_64-linux-gnu/security/pam_unix.so
2026-08-17 14:01:22 Found file: /lib/x86_64-linux-gnu/security/pam_userdb.so
2026-08-17 14:01:22 Found file: /lib/x86_64-linux-gnu/security/pam_usertype.so
2026-08-17 14:01:22 Found file: /lib/x86_64-linux-gnu/security/pam_warn.so
2026-08-17 14:01:22 Found file: /lib/x86_64-linux-gnu/security/pam_wheel.so
2026-08-17 14:01:22 Found file: /lib/x86_64-linux-gnu/security/pam_xauth.so
2026-08-17 14:01:22 Test: Checking /lib64/security
2026-08-17 14:01:22 Result: directory /lib64/security could not be found or is a symlink to another directory
2026-08-17 14:01:22 Test: Checking /usr/lib
2026-08-17 14:01:22 Result: directory /usr/lib exists
2026-08-17 14:01:22 Test: Checking /usr/lib/security
2026-08-17 14:01:22 Result: directory /usr/lib/security could not be found or is a symlink to another directory
2026-08-17 14:01:22 ====
2026-08-17 14:01:22 Performing test ID AUTH-9278 (Determine LDAP support in PAM files)
2026-08-17 14:01:22 Test: checking presence /etc/pam.d/common-auth
2026-08-17 14:01:22 Result: file /etc/pam.d/common-auth exists
2026-08-17 14:01:22 Test: checking presence LDAP module
2026-08-17 14:01:22 Result: LDAP module not found
2026-08-17 14:01:22 Test: checking presence /etc/pam.d/system-auth
2026-08-17 14:01:22 Result: file /etc/pam.d/system-auth not found, skipping test
2026-08-17 14:01:22 ====
2026-08-17 14:01:22 Performing test ID AUTH-9282 (Checking password protected account without expire date)
2026-08-17 14:01:22 Test: Checking Linux version and password expire date status
2026-08-17 14:01:22 Result: all accounts seem to have an expire date
2026-08-17 14:01:22 ====
2026-08-17 14:01:22 Performing test ID AUTH-9283 (Checking accounts without password)
2026-08-17 14:01:22 Test: Checking passwordless accounts
2026-08-17 14:01:22 Result: all accounts seem to have a password
2026-08-17 14:01:22 ====
2026-08-17 14:01:22 Performing test ID AUTH-9284 (Check locked user accounts in /etc/passwd)
2026-08-17 14:01:22 Test: Checking locked accounts
2026-08-17 14:01:22 Result: all accounts seem to be unlocked
2026-08-17 14:01:22 ====
2026-08-17 14:01:22 Performing test ID AUTH-9286 (Checking user password aging)
2026-08-17 14:01:22 Test: Checking PASS_MIN_DAYS option in /etc/login.defs
2026-08-17 14:01:22 Result: password minimum age is not configured
2026-08-17 14:01:22 Suggestion: Configure minimum password age in /etc/login.defs [test:AUTH-9286] [details:-] [solution:-]
2026-08-17 14:01:22 Hardening: assigned partial number of hardening points (0 of 1). Currently having 8 points (out of 28)
2026-08-17 14:01:22 Test: Checking PASS_MAX_DAYS option in /etc/login.defs 
2026-08-17 14:01:22 Result: password aging limits are not configured
2026-08-17 14:01:22 Suggestion: Configure maximum password age in /etc/login.defs [test:AUTH-9286] [details:-] [solution:-]
2026-08-17 14:01:22 Hardening: assigned partial number of hardening points (0 of 1). Currently having 8 points (out of 29)
2026-08-17 14:01:22 ====
2026-08-17 14:01:22 Skipped test AUTH-9288 (Checking for expired passwords)
2026-08-17 14:01:22 Reason to skip: This test needs root permissions
2026-08-17 14:01:22 ====
2026-08-17 14:01:22 Skipped test AUTH-9304 (Check single user login configuration)
2026-08-17 14:01:22 Reason to skip: Incorrect guest OS (Solaris only)
2026-08-17 14:01:22 ====
2026-08-17 14:01:22 Skipped test AUTH-9306 (Check single boot authentication)
2026-08-17 14:01:22 Reason to skip: Incorrect guest OS (HP-UX only)
2026-08-17 14:01:22 ====
2026-08-17 14:01:22 Performing test ID AUTH-9308 (Check single user login configuration)
2026-08-17 14:01:22 Test: Searching /etc/inittab
2026-08-17 14:01:22 Result: file /etc/inittab does not exist
2026-08-17 14:01:22 Test: Searching /etc/sysconfig/init
2026-08-17 14:01:22 Result: file /etc/sysconfig/init does not exist
2026-08-17 14:01:22 Test: going to check several systemd targets now
2026-08-17 14:01:22 Test: checking if target console-shell.service is available (/lib/systemd/system/console-shell.service)
2026-08-17 14:01:22 Result: target console-shell.service not found
2026-08-17 14:01:22 Test: checking if target emergency.service is available (/lib/systemd/system/emergency.service)
2026-08-17 14:01:22 Result: target emergency.service not found
2026-08-17 14:01:22 Test: checking if target rescue.service is available (/lib/systemd/system/rescue.service)
2026-08-17 14:01:22 Result: target rescue.service not found
2026-08-17 14:01:22 Result: no tests performed
2026-08-17 14:01:22 ====
2026-08-17 14:01:22 Performing test ID AUTH-9328 (Default umask values)
2026-08-17 14:01:22 Test: Checking /etc/profile.d directory
2026-08-17 14:01:22 Result: found /etc/profile.d, but it does not contain any files
2026-08-17 14:01:22 Test: Checking /etc/profile
2026-08-17 14:01:22 Result: file /etc/profile exists
2026-08-17 14:01:22 Test: Checking umask value in /etc/profile
2026-08-17 14:01:22 Result: did not find umask in /etc/profile
2026-08-17 14:01:22 Result: found no umask. Please check if this is correct
2026-08-17 14:01:22 Test: Checking umask entries in /etc/passwd (pam_umask)
2026-08-17 14:01:22 Result: file /etc/passwd exists
2026-08-17 14:01:22 Test: Checking umask value in /etc/passwd
2026-08-17 14:01:22 Manual: one or more manual actions are required for further testing of this control/plugin
2026-08-17 14:01:22 Test: Checking /etc/login.defs
2026-08-17 14:01:22 Result: file /etc/login.defs exists
2026-08-17 14:01:22 Test: Checking umask value in /etc/login.defs
2026-08-17 14:01:22 Result: found umask 022, which could be improved
2026-08-17 14:01:22 Suggestion: Default umask in /etc/login.defs could be more strict like 027 [test:AUTH-9328] [details:-] [solution:-]
2026-08-17 14:01:22 Hardening: assigned partial number of hardening points (0 of 2). Currently having 8 points (out of 31)
2026-08-17 14:01:22 Test: Checking /etc/init.d/functions
2026-08-17 14:01:22 Result: file /etc/init.d/functions does not exist
2026-08-17 14:01:22 Test: Checking /etc/init.d/rc
2026-08-17 14:01:22 Result: file /etc/init.d/rc does not exist
2026-08-17 14:01:22 Test: Checking /etc/init.d/rcS
2026-08-17 14:01:22 Result: file /etc/init.d/rcS does not exist
2026-08-17 14:01:22 ====
2026-08-17 14:01:22 Skipped test AUTH-9340 (Solaris account locking)
2026-08-17 14:01:22 Reason to skip: Incorrect guest OS (Solaris only)
2026-08-17 14:01:22 ====
2026-08-17 14:01:22 Performing test ID AUTH-9402 (Query LDAP authentication support)
2026-08-17 14:01:22 Result: LDAP authentication not enabled
2026-08-17 14:01:22 ====
2026-08-17 14:01:22 Skipped test AUTH-9406 (Query LDAP servers in client configuration)
2026-08-17 14:01:22 Reason to skip: Prerequisites not met (ie missing tool, other type of Linux distribution)
2026-08-17 14:01:22 ====
2026-08-17 14:01:22 Performing test ID AUTH-9408 (Logging of failed login attempts)
2026-08-17 14:01:22 Result: did not find /var/run/faillock directory or /var/log/tallylog file on disk or its file size is zero bytes
2026-08-17 14:01:22 Result: found pam_faillock module on disk
2026-08-17 14:01:22 Outcome: it looks like pam_faillock or pam_tally2 is not configured to log failed login attempts
2026-08-17 14:01:22 Test: Checking FAILLOG_ENAB option in /etc/login.defs 
2026-08-17 14:01:22 Result: FAILLOG_ENAB is set to 'yes'
2026-08-17 14:01:22 Outcome: failed login attempts are logged in /var/log/faillog
2026-08-17 14:01:22 Hardening: assigned maximum number of hardening points for this item (3). Currently having 11 points (out of 34)
2026-08-17 14:01:22 ====
2026-08-17 14:01:22 Skipped test AUTH-9409 (Checking /etc/doas.conf file)
2026-08-17 14:01:22 Reason to skip: Incorrect guest OS (OpenBSD only)
2026-08-17 14:01:22 ====
2026-08-17 14:01:22 Skipped test AUTH-9410 (Check /etc/doas.conf file permissions)
2026-08-17 14:01:22 Reason to skip: Incorrect guest OS (OpenBSD only)
2026-08-17 14:01:22 Security check: file is normal
2026-08-17 14:01:22 Checking permissions of /usr/share/lynis/include/tests_shells
2026-08-17 14:01:22 File permissions are OK
2026-08-17 14:01:22 ====
2026-08-17 14:01:22 Action: Performing tests from category: Shells
2026-08-17 14:01:22 ====
2026-08-17 14:01:22 Skipped test SHLL-6202 (Check console TTYs)
2026-08-17 14:01:22 Reason to skip: Incorrect guest OS (FreeBSD only)
2026-08-17 14:01:22 ====
2026-08-17 14:01:22 Performing test ID SHLL-6211 (Available and valid shells)
2026-08-17 14:01:22 Test: Searching for /etc/shells
2026-08-17 14:01:22 Result: Found /etc/shells file
2026-08-17 14:01:22 Test: Reading available shells from /etc/shells
2026-08-17 14:01:22 Found installed shell: /bin/sh
2026-08-17 14:01:22 Found installed shell: /usr/bin/sh
2026-08-17 14:01:22 Found installed shell: /bin/bash
2026-08-17 14:01:22 Found installed shell: /usr/bin/bash
2026-08-17 14:01:22 Found installed shell: /bin/rbash
2026-08-17 14:01:22 Found installed shell: /usr/bin/rbash
2026-08-17 14:01:22 Found installed shell: /bin/dash
2026-08-17 14:01:22 Found installed shell: /usr/bin/dash
2026-08-17 14:01:22 ====
2026-08-17 14:01:22 Performing test ID SHLL-6220 (Idle session killing tools or settings)
2026-08-17 14:01:22 Test: Search for session timeout tools or settings in shell
2026-08-17 14:01:22 Performing ps scan using partial match and without uid
2026-08-17 14:01:22 IsRunning: process 'timeoutd' not found
2026-08-17 14:01:22 Performing ps scan using partial match and without uid
2026-08-17 14:01:22 IsRunning: process 'autolog' not found
2026-08-17 14:01:22 Result: could not find TMOUT setting in /etc/profile
2026-08-17 14:01:22 Result: could not find export, readonly or typeset -r in /etc/profile
2026-08-17 14:01:22 Hardening: assigned partial number of hardening points (1 of 3). Currently having 12 points (out of 37)
2026-08-17 14:01:22 ====
2026-08-17 14:01:22 Performing test ID SHLL-6230 (Perform umask check for shell configurations)
2026-08-17 14:01:22 Result: file /etc/bashrc not found
2026-08-17 14:01:22 Result: file /etc/bash.bashrc exists
2026-08-17 14:01:22 Result: did not find umask configured in /etc/bash.bashrc
2026-08-17 14:01:22 Result: file /etc/bash.bashrc.local not found
2026-08-17 14:01:22 Result: file /etc/csh.cshrc not found
2026-08-17 14:01:22 Result: file /etc/profile exists
2026-08-17 14:01:22 Result: did not find umask configured in /etc/profile
2026-08-17 14:01:22 Security check: file is normal
2026-08-17 14:01:22 Checking permissions of /usr/share/lynis/include/tests_filesystems
2026-08-17 14:01:22 File permissions are OK
2026-08-17 14:01:22 ====
2026-08-17 14:01:22 Action: Performing tests from category: File systems
2026-08-17 14:01:22 ====
2026-08-17 14:01:22 Performing test ID FILE-6310 (Checking /tmp, /home and /var directory)
2026-08-17 14:01:22 Test: Checking if /home is mounted separately or mounted on / file system
2026-08-17 14:01:22 Result: directory /home exists
2026-08-17 14:01:22 Result: /home not found in mount list. Directory most likely stored on / file system
2026-08-17 14:01:22 Suggestion: To decrease the impact of a full /home file system, place /home on a separate partition [test:FILE-6310] [details:-] [solution:-]
2026-08-17 14:01:22 Hardening: assigned partial number of hardening points (9 of 10). Currently having 21 points (out of 47)
2026-08-17 14:01:22 Test: Checking if /tmp is mounted separately or mounted on / file system
2026-08-17 14:01:22 Result: directory /tmp exists
2026-08-17 14:01:22 Result: found /tmp as a separated mount point
2026-08-17 14:01:22 Hardening: assigned maximum number of hardening points for this item (10). Currently having 31 points (out of 57)
2026-08-17 14:01:22 Test: Checking if /var is mounted separately or mounted on / file system
2026-08-17 14:01:22 Result: directory /var exists
2026-08-17 14:01:22 Result: /var not found in mount list. Directory most likely stored on / file system
2026-08-17 14:01:22 Suggestion: To decrease the impact of a full /var file system, place /var on a separate partition [test:FILE-6310] [details:-] [solution:-]
2026-08-17 14:01:22 Hardening: assigned partial number of hardening points (9 of 10). Currently having 40 points (out of 67)
2026-08-17 14:01:22 ====
2026-08-17 14:01:22 Skipped test FILE-6311 (Checking LVM volume groups)
2026-08-17 14:01:22 Reason to skip: Prerequisites not met (ie missing tool, other type of Linux distribution)
2026-08-17 14:01:22 ====
2026-08-17 14:01:22 Skipped test FILE-6312 (Checking LVM volumes)
2026-08-17 14:01:22 Reason to skip: Prerequisites not met (ie missing tool, other type of Linux distribution)
2026-08-17 14:01:22 ====
2026-08-17 14:01:22 Performing test ID FILE-6323 (Checking EXT file systems)
2026-08-17 14:01:22 Test: Checking for Linux EXT file systems
2026-08-17 14:01:22 Result: found one or more EXT file systems
2026-08-17 14:01:22 File system: /host (type: ext4)
2026-08-17 14:01:22 File system: /app/reports (type: ext4)
2026-08-17 14:01:22 File system: /etc/resolv.conf (type: ext4)
2026-08-17 14:01:22 File system: /etc/hostname (type: ext4)
2026-08-17 14:01:22 File system: /etc/hosts (type: ext4)
2026-08-17 14:01:22 File system: /run/secrets/slack_bot_token (type: ext4)
2026-08-17 14:01:22 File system: /home/brahmadanda/.cache/trivy (type: ext4)
2026-08-17 14:01:22 ====
2026-08-17 14:01:22 Performing test ID FILE-6324 (Checking XFS file systems)
2026-08-17 14:01:22 Test: Checking for Linux XFS file systems
2026-08-17 14:01:22 Result: no XFS file systems found
2026-08-17 14:01:22 ====
2026-08-17 14:01:22 Performing test ID FILE-6329 (Checking FFS/UFS file systems)
2026-08-17 14:01:22 Test: Query /etc/fstab for available FFS/UFS mount points
2026-08-17 14:01:22 Result: unable to find any single mount point (FFS/UFS)
2026-08-17 14:01:22 ====
2026-08-17 14:01:22 Skipped test FILE-6330 (Checking ZFS file systems)
2026-08-17 14:01:22 Reason to skip: Incorrect guest OS (FreeBSD only)
2026-08-17 14:01:22 ====
2026-08-17 14:01:22 Skipped test FILE-6439 (Checking HAMMER PFS mounts)
2026-08-17 14:01:22 Reason to skip: Incorrect guest OS (DragonFly only)
2026-08-17 14:01:22 ====
2026-08-17 14:01:22 Performing test ID FILE-6332 (Checking swap partitions)
2026-08-17 14:01:22 Test: query swap partitions from /etc/fstab file
2026-08-17 14:01:22 Result: no swap partitions found in /etc/fstab
2026-08-17 14:01:22 ====
2026-08-17 14:01:22 Performing test ID FILE-6336 (Checking swap mount options)
2026-08-17 14:01:22 Test: check swap partitions with incorrect mount options
2026-08-17 14:01:22 Result: all swap partitions have correct options (sw or swap)
2026-08-17 14:01:22 ====
2026-08-17 14:01:22 Performing test ID FILE-6344 (Checking proc mount options)
2026-08-17 14:01:22 Test: check proc mount with incorrect mount options
2026-08-17 14:01:22 Hardening: assigned partial number of hardening points (0 of 3). Currently having 40 points (out of 70)
2026-08-17 14:01:22 Result: /proc filesystem is not mounted with option hidepid=1 or hidepid=2
2026-08-17 14:01:22 ====
2026-08-17 14:01:22 Performing test ID FILE-6354 (Searching for old files in /tmp)
2026-08-17 14:01:22 Test: Searching for old files in /tmp
2026-08-17 14:01:22 Result: no files found in /tmp which are older than 3 months
2026-08-17 14:01:22 ====
2026-08-17 14:01:22 Performing test ID FILE-6362 (Checking /tmp sticky bit)
2026-08-17 14:01:22 Result: sticky bit found on /tmp directory
2026-08-17 14:01:22 Hardening: assigned maximum number of hardening points for this item (3). Currently having 43 points (out of 73)
2026-08-17 14:01:22 ====
2026-08-17 14:01:22 Performing test ID FILE-6363 (Checking /var/tmp sticky bit)
2026-08-17 14:01:22 Result: sticky bit found on /var/tmp directory
2026-08-17 14:01:22 Hardening: assigned maximum number of hardening points for this item (3). Currently having 46 points (out of 76)
2026-08-17 14:01:22 ====
2026-08-17 14:01:22 Skipped test FILE-6368 (Checking ACL support on root file system)
2026-08-17 14:01:22 Reason to skip: This test needs root permissions
2026-08-17 14:01:22 ====
2026-08-17 14:01:22 Performing test ID FILE-6372 (Checking / mount options)
2026-08-17 14:01:22 Result: no mount point / or expected options found
2026-08-17 14:01:22 ====
2026-08-17 14:01:22 Performing test ID FILE-6374 (Linux mount options)
2026-08-17 14:01:22 Result: file system /boot not found in /etc/fstab
2026-08-17 14:01:22 File system:    /dev
2026-08-17 14:01:22 Expected flags: noexec nosuid
2026-08-17 14:01:22 Found flags:    (rw nosuid size=65536k mode=755 inode64) 
2026-08-17 14:01:22 Result: Could not find mount option noexec on file system /dev
2026-08-17 14:01:22 Result: GOOD, found mount option nosuid on file system /dev
2026-08-17 14:01:22 Result: marked /dev as partially hardened
2026-08-17 14:01:22 Hardening: assigned partial number of hardening points (4 of 5). Currently having 50 points (out of 81)
2026-08-17 14:01:23 File system:    /dev/shm
2026-08-17 14:01:23 Expected flags: nosuid nodev noexec
2026-08-17 14:01:23 Found flags:    (rw nosuid nodev noexec relatime size=65536k inode64) 
2026-08-17 14:01:23 Result: GOOD, found mount option nosuid on file system /dev/shm
2026-08-17 14:01:23 Result: GOOD, found mount option nodev on file system /dev/shm
2026-08-17 14:01:23 Result: GOOD, found mount option noexec on file system /dev/shm
2026-08-17 14:01:23 Result: marked /dev/shm as fully hardened
2026-08-17 14:01:23 Hardening: assigned maximum number of hardening points for this item (5). Currently having 55 points (out of 86)
2026-08-17 14:01:23 Result: file system /home not found in /etc/fstab
2026-08-17 14:01:23 Result: file system /run not found in /etc/fstab
2026-08-17 14:01:23 File system:    /tmp
2026-08-17 14:01:23 Expected flags: nodev noexec nosuid
2026-08-17 14:01:23 Found flags:    (rw nosuid nodev noexec relatime inode64) 
2026-08-17 14:01:23 Result: GOOD, found mount option nodev on file system /tmp
2026-08-17 14:01:23 Result: GOOD, found mount option noexec on file system /tmp
2026-08-17 14:01:23 Result: GOOD, found mount option nosuid on file system /tmp
2026-08-17 14:01:23 Result: marked /tmp as fully hardened
2026-08-17 14:01:23 Hardening: assigned maximum number of hardening points for this item (5). Currently having 60 points (out of 91)
2026-08-17 14:01:23 Result: file system /var not found in /etc/fstab
2026-08-17 14:01:23 Result: file system /var/log not found in /etc/fstab
2026-08-17 14:01:23 Result: file system /var/log/audit not found in /etc/fstab
2026-08-17 14:01:23 Result: file system /var/tmp not found in /etc/fstab
2026-08-17 14:01:23 Result: Total without nodev:36 noexec:65 nosuid:53 ro or noexec (W^X): 8, of total 103
2026-08-17 14:01:23 ====
2026-08-17 14:01:23 Performing test ID FILE-6376 (Determine if /var/tmp is bound to /tmp)
2026-08-17 14:01:23 Result: no mount point /var/tmp or expected options found
2026-08-17 14:01:23 ====
2026-08-17 14:01:23 Performing test ID FILE-6394 (Determine level of swappiness.)
2026-08-17 14:01:23 Test: checking level of vm.swappiness: 60
2026-08-17 14:01:23 Result: vm.swappiness=60 which is the standard level of swappiness and works well for desktop systems.
2026-08-17 14:01:23 ====
2026-08-17 14:01:23 Skipped test FILE-6410 (Checking Locate database)
2026-08-17 14:01:23 Reason to skip: Prerequisites not met (ie missing tool, other type of Linux distribution)
2026-08-17 14:01:23 ====
2026-08-17 14:01:23 Performing test ID FILE-6430 (Disable mounting of some filesystems)
2026-08-17 14:01:23 Test skipped lsmod binary not found or /proc/modules can not be opened
2026-08-17 14:01:23 Security check: file is normal
2026-08-17 14:01:23 Checking permissions of /usr/share/lynis/include/tests_usb
2026-08-17 14:01:23 File permissions are OK
2026-08-17 14:01:23 ====
2026-08-17 14:01:23 Action: Performing tests from category: USB Devices
2026-08-17 14:01:23 ====
2026-08-17 14:01:23 Performing test ID USB-1000 (Check if USB storage is disabled)
2026-08-17 14:01:23 Test: Checking USB storage driver in directory /etc/modprobe.d and configuration file /etc/modprobe.conf
2026-08-17 14:01:23 Result: usb-storage driver is not explicitly disabled
2026-08-17 14:01:23 Suggestion: Disable drivers like USB storage when not used, to prevent unauthorized storage or data theft [test:USB-1000] [details:-] [solution:-]
2026-08-17 14:01:23 Hardening: assigned partial number of hardening points (2 of 3). Currently having 62 points (out of 94)
2026-08-17 14:01:23 ====
2026-08-17 14:01:23 Performing test ID USB-2000 (Check USB authorizations)
2026-08-17 14:01:23 Test: checking presence of USB devices path (/sys/bus/usb/devices)
2026-08-17 14:01:23 Test: Checking USB devices authorization to connect to the system
2026-08-17 14:01:23 Test: /sys/bus/usb/devices/usb1 is authorized by default (authorized_default=1)
2026-08-17 14:01:23 Test: /sys/bus/usb/devices/usb1 is authorized currently (authorized=1)
2026-08-17 14:01:23 Test: /sys/bus/usb/devices/usb2 is authorized by default (authorized_default=1)
2026-08-17 14:01:23 Test: /sys/bus/usb/devices/usb2 is authorized currently (authorized=1)
2026-08-17 14:01:23 Result: Some USB devices are authorized by default (or temporary) to connect to the system
2026-08-17 14:01:23 Hardening: assigned partial number of hardening points (0 of 3). Currently having 62 points (out of 97)
2026-08-17 14:01:23 ====
2026-08-17 14:01:23 Performing test ID USB-3000 (Check for presence of USBGuard)
2026-08-17 14:01:23 Result: USBGuard not found
2026-08-17 14:01:23 Hardening: assigned partial number of hardening points (0 of 8). Currently having 62 points (out of 105)
2026-08-17 14:01:23 Security check: file is normal
2026-08-17 14:01:23 Checking permissions of /usr/share/lynis/include/tests_storage
2026-08-17 14:01:23 File permissions are OK
2026-08-17 14:01:23 ====
2026-08-17 14:01:23 Action: Performing tests from category: Storage
2026-08-17 14:01:23 ====
2026-08-17 14:01:23 Performing test ID STRG-1846 (Check if firewire storage is disabled)
2026-08-17 14:01:23 Test: Checking firewire storage driver in directory /etc/modprobe.d and configuration file /etc/modprobe.conf
2026-08-17 14:01:23 Result: firewire ohci driver is not explicitly disabled
2026-08-17 14:01:23 Suggestion: Disable drivers like firewire storage when not used, to prevent unauthorized storage or data theft [test:STRG-1846] [details:-] [solution:-]
2026-08-17 14:01:23 Hardening: assigned partial number of hardening points (2 of 3). Currently having 64 points (out of 108)
2026-08-17 14:01:23 Security check: file is normal
2026-08-17 14:01:23 Checking permissions of /usr/share/lynis/include/tests_storage_nfs
2026-08-17 14:01:23 File permissions are OK
2026-08-17 14:01:23 ====
2026-08-17 14:01:23 Action: Performing tests from category: NFS
2026-08-17 14:01:23 ====
2026-08-17 14:01:23 Skipped test STRG-1902 (Check rpcinfo registered programs)
2026-08-17 14:01:23 Reason to skip: Prerequisites not met (ie missing tool, other type of Linux distribution)
2026-08-17 14:01:23 ====
2026-08-17 14:01:23 Skipped test STRG-1904 (Check nfs rpc)
2026-08-17 14:01:23 Reason to skip: Prerequisites not met (ie missing tool, other type of Linux distribution)
2026-08-17 14:01:23 ====
2026-08-17 14:01:23 Skipped test STRG-1906 (Check nfs rpc)
2026-08-17 14:01:23 Reason to skip: Prerequisites not met (ie missing tool, other type of Linux distribution)
2026-08-17 14:01:23 ====
2026-08-17 14:01:23 Performing test ID STRG-1920 (Checking NFS daemon)
2026-08-17 14:01:23 Test: Checking running NFS daemon
2026-08-17 14:01:23 Output: NFS daemon is not running
2026-08-17 14:01:23 ====
2026-08-17 14:01:23 Skipped test STRG-1926 (Checking NFS exports)
2026-08-17 14:01:23 Reason to skip: Prerequisites not met (ie missing tool, other type of Linux distribution)
2026-08-17 14:01:23 ====
2026-08-17 14:01:23 Skipped test STRG-1928 (Checking empty /etc/exports)
2026-08-17 14:01:23 Reason to skip: Prerequisites not met (ie missing tool, other type of Linux distribution)
2026-08-17 14:01:23 ====
2026-08-17 14:01:23 Skipped test STRG-1930 (Check client access to nfs share)
2026-08-17 14:01:23 Reason to skip: Prerequisites not met (ie missing tool, other type of Linux distribution)
2026-08-17 14:01:23 Security check: file is normal
2026-08-17 14:01:23 Checking permissions of /usr/share/lynis/include/tests_nameservices
2026-08-17 14:01:23 File permissions are OK
2026-08-17 14:01:23 ====
2026-08-17 14:01:23 Action: Performing tests from category: Name services
2026-08-17 14:01:23 ====
2026-08-17 14:01:23 Performing test ID NAME-4016 (Check /etc/resolv.conf default domain)
2026-08-17 14:01:23 Test: check /etc/resolv.conf for default domain
2026-08-17 14:01:23 Result: /etc/resolv.conf found
2026-08-17 14:01:23 Result: no default domain found
2026-08-17 14:01:23 ====
2026-08-17 14:01:23 Performing test ID NAME-4018 (Check /etc/resolv.conf search domains)
2026-08-17 14:01:23 Test: check /etc/resolv.conf for search domains
2026-08-17 14:01:23 Result: /etc/resolv.conf found
2026-08-17 14:01:23 Found search domain: Webelight.com
2026-08-17 14:01:23 Result: Found 1 search domains
2026-08-17 14:01:23 Result: found 1 line(s) with a search statement (expecting less than 2 lines)
2026-08-17 14:01:23 ====
2026-08-17 14:01:23 Performing test ID NAME-4020 (Check non default options)
2026-08-17 14:01:23 Test: check /etc/resolv.conf for non default options
2026-08-17 14:01:23 Result: /etc/resolv.conf found
2026-08-17 14:01:23 Found option: edns0
2026-08-17 14:01:23 ====
2026-08-17 14:01:23 Skipped test NAME-4024 (Solaris uname -n output)
2026-08-17 14:01:23 Reason to skip: Incorrect guest OS (Solaris only)
2026-08-17 14:01:23 ====
2026-08-17 14:01:23 Skipped test NAME-4026 (Check /etc/nodename)
2026-08-17 14:01:23 Reason to skip: Incorrect guest OS (Solaris only)
2026-08-17 14:01:23 ====
2026-08-17 14:01:23 Performing test ID NAME-4028 (Check domain name)
2026-08-17 14:01:23 Test: Checking if dnsdomainname command is available
2026-08-17 14:01:23 Result: dnsdomainname command returned no value
2026-08-17 14:01:23 Result: using domain name from FQDN hostname (webh034)
2026-08-17 14:01:23 Suggestion: Check DNS configuration for the dns domain name [test:NAME-4028] [details:-] [solution:-]
2026-08-17 14:01:23 ====
2026-08-17 14:01:23 Performing test ID NAME-4032 (Check nscd status)
2026-08-17 14:01:23 Test: checking nscd status
2026-08-17 14:01:23 Performing ps scan using partial match and without uid
2026-08-17 14:01:23 IsRunning: process 'nscd' not found
2026-08-17 14:01:23 Result: nscd is not running
2026-08-17 14:01:23 ====
2026-08-17 14:01:23 Performing test ID NAME-4034 (Check Unbound status)
2026-08-17 14:01:23 Test: checking Unbound (unbound) status
2026-08-17 14:01:23 Performing ps scan using partial match and without uid
2026-08-17 14:01:23 IsRunning: process 'unbound' not found
2026-08-17 14:01:23 Result: Unbound daemon is not running
2026-08-17 14:01:23 ====
2026-08-17 14:01:23 Skipped test NAME-4036 (Check Unbound configuration file)
2026-08-17 14:01:23 Reason to skip: Prerequisites not met (ie missing tool, other type of Linux distribution)
2026-08-17 14:01:23 ====
2026-08-17 14:01:23 Performing test ID NAME-4202 (Check BIND status)
2026-08-17 14:01:23 Test: Checking for running BIND instance
2026-08-17 14:01:23 Performing ps scan using partial match and without uid
2026-08-17 14:01:23 IsRunning: process 'named' not found
2026-08-17 14:01:23 Result: BIND not running
2026-08-17 14:01:23 ====
2026-08-17 14:01:23 Skipped test NAME-4204 (Search BIND configuration file)
2026-08-17 14:01:23 Reason to skip: Prerequisites not met (ie missing tool, other type of Linux distribution)
2026-08-17 14:01:23 ====
2026-08-17 14:01:23 Skipped test NAME-4206 (Check BIND configuration consistency)
2026-08-17 14:01:23 Reason to skip: Prerequisites not met (ie missing tool, other type of Linux distribution)
2026-08-17 14:01:23 ====
2026-08-17 14:01:23 Skipped test NAME-4210 (Check DNS banner)
2026-08-17 14:01:23 Reason to skip: Prerequisites not met (ie missing tool, other type of Linux distribution)
2026-08-17 14:01:23 ====
2026-08-17 14:01:23 Performing test ID NAME-4230 (Check PowerDNS status)
2026-08-17 14:01:23 Test: Checking for running PowerDNS instance
2026-08-17 14:01:23 Performing ps scan using partial match and without uid
2026-08-17 14:01:23 IsRunning: process 'pdns_server' not found
2026-08-17 14:01:23 Result: PowerDNS not running
2026-08-17 14:01:23 ====
2026-08-17 14:01:23 Skipped test NAME-4232 (Search PowerDNS configuration file)
2026-08-17 14:01:23 Reason to skip: Prerequisites not met (ie missing tool, other type of Linux distribution)
2026-08-17 14:01:23 ====
2026-08-17 14:01:23 Skipped test NAME-4236 (Check PowerDNS backends)
2026-08-17 14:01:23 Reason to skip: Prerequisites not met (ie missing tool, other type of Linux distribution)
2026-08-17 14:01:23 ====
2026-08-17 14:01:23 Skipped test NAME-4238 (Check PowerDNS authoritative status)
2026-08-17 14:01:23 Reason to skip: Prerequisites not met (ie missing tool, other type of Linux distribution)
2026-08-17 14:01:23 ====
2026-08-17 14:01:23 Performing test ID NAME-4304 (Check NIS ypbind status)
2026-08-17 14:01:23 Test: Checking status of ypbind daemon
2026-08-17 14:01:23 Performing ps scan using partial match and without uid
2026-08-17 14:01:23 IsRunning: process 'ypbind' not found
2026-08-17 14:01:23 Result: ypbind is not active
2026-08-17 14:01:23 ====
2026-08-17 14:01:23 Skipped test NAME-4306 (Check NIS domain)
2026-08-17 14:01:23 Reason to skip: Prerequisites not met (ie missing tool, other type of Linux distribution)
2026-08-17 14:01:23 ====
2026-08-17 14:01:23 Performing test ID NAME-4402 (Check duplicate line in /etc/hosts)
2026-08-17 14:01:23 Test: check duplicate line in /etc/hosts
2026-08-17 14:01:23 Result: OK, no duplicate lines found
2026-08-17 14:01:23 ====
2026-08-17 14:01:23 Performing test ID NAME-4404 (Check /etc/hosts contains an entry for this server name)
2026-08-17 14:01:23 Test: Check /etc/hosts contains an entry for this server name
2026-08-17 14:01:23 Result: Found entry for webh034 in /etc/hosts
2026-08-17 14:01:23 ====
2026-08-17 14:01:23 Performing test ID NAME-4406 (Check server hostname mapping)
2026-08-17 14:01:23 Test: Check server hostname not locally mapped in /etc/hosts
2026-08-17 14:01:23 Result: this server hostname is not mapped to a local address
2026-08-17 14:01:23 ====
2026-08-17 14:01:23 Performing test ID NAME-4408 (Check localhost entry)
2026-08-17 14:01:23 Test: Check server hostname not locally mapped in /etc/hosts
2026-08-17 14:01:23 Result: localhost mapped to 127.0.0.1
2026-08-17 14:01:23 Security check: file is normal
2026-08-17 14:01:23 Checking permissions of /usr/share/lynis/include/tests_dns
2026-08-17 14:01:23 File permissions are OK
2026-08-17 14:01:23 Security check: file is normal
2026-08-17 14:01:23 Checking permissions of /usr/share/lynis/include/tests_ports_packages
2026-08-17 14:01:23 File permissions are OK
2026-08-17 14:01:23 ====
2026-08-17 14:01:23 Action: Performing tests from category: Ports and packages
2026-08-17 14:01:23 ====
2026-08-17 14:01:23 Skipped test PKGS-7200 (Querying apk)
2026-08-17 14:01:23 Reason to skip: Prerequisites not met (ie missing tool, other type of Linux distribution)
2026-08-17 14:01:23 Result: apk NOT
2026-08-17 14:01:23 ====
2026-08-17 14:01:23 Skipped test PKGS-7301 (Query FreeBSD pkg)
2026-08-17 14:01:23 Reason to skip: Prerequisites not met (ie missing tool, other type of Linux distribution)
2026-08-17 14:01:23 ====
2026-08-17 14:01:23 Skipped test PKGS-7302 (Query FreeBSD/NetBSD pkg_info)
2026-08-17 14:01:23 Reason to skip: Prerequisites not met (ie missing tool, other type of Linux distribution)
2026-08-17 14:01:23 ====
2026-08-17 14:01:24 Skipped test PKGS-7303 (Query brew package manager)
2026-08-17 14:01:24 Reason to skip: Prerequisites not met (ie missing tool, other type of Linux distribution)
2026-08-17 14:01:24 Result: brew can NOT be found on this system
2026-08-17 14:01:24 ====
2026-08-17 14:01:24 Skipped test PKGS-7304 (Querying Gentoo packages)
2026-08-17 14:01:24 Reason to skip: Prerequisites not met (ie missing tool, other type of Linux distribution)
2026-08-17 14:01:24 Result: emerge can NOT be found on this system
2026-08-17 14:01:24 ====
2026-08-17 14:01:24 Skipped test PKGS-7306 (Querying Solaris packages)
2026-08-17 14:01:24 Reason to skip: Incorrect guest OS (Solaris only)
2026-08-17 14:01:24 Result: pkginfo can NOT be found on this system
2026-08-17 14:01:24 ====
2026-08-17 14:01:24 Skipped test PKGS-7308 (Checking package list with RPM)
2026-08-17 14:01:24 Reason to skip: Prerequisites not met (ie missing tool, other type of Linux distribution)
2026-08-17 14:01:24 Result: RPM binary NOT found on this system, test skipped
2026-08-17 14:01:24 ====
2026-08-17 14:01:24 Skipped test PKGS-7310 (Checking package list with pacman)
2026-08-17 14:01:24 Reason to skip: Prerequisites not met (ie missing tool, other type of Linux distribution)
2026-08-17 14:01:24 ====
2026-08-17 14:01:24 Skipped test PKGS-7312 (Checking available updates for pacman based system)
2026-08-17 14:01:24 Reason to skip: Prerequisites not met (ie missing tool, other type of Linux distribution)
2026-08-17 14:01:24 Result: pacman binary NOT found on this system, test skipped
2026-08-17 14:01:24 ====
2026-08-17 14:01:24 Skipped test PKGS-7314 (Checking pacman configuration options)
2026-08-17 14:01:24 Reason to skip: Prerequisites not met (ie missing tool, other type of Linux distribution)
2026-08-17 14:01:24 ====
2026-08-17 14:01:24 Skipped test PKGS-7320 (Checking for arch-audit tooling)
2026-08-17 14:01:24 Reason to skip: Test only applies to Arch Linux and Garuda Linux
2026-08-17 14:01:24 ====
2026-08-17 14:01:24 Skipped test PKGS-7322 (Discover vulnerable packages with arch-audit)
2026-08-17 14:01:24 Reason to skip: arch-audit not found
2026-08-17 14:01:24 ====
2026-08-17 14:01:24 Skipped test PKGS-7328 (Querying Zypper for installed packages)
2026-08-17 14:01:24 Reason to skip: Prerequisites not met (ie missing tool, other type of Linux distribution)
2026-08-17 14:01:24 ====
2026-08-17 14:01:24 Skipped test PKGS-7330 (Querying Zypper for vulnerable packages)
2026-08-17 14:01:24 Reason to skip: Prerequisites not met (ie missing tool, other type of Linux distribution)
2026-08-17 14:01:24 ====
2026-08-17 14:01:24 Skipped test PKGS-7332 (Query macOS ports)
2026-08-17 14:01:24 Reason to skip: Incorrect guest OS (macOS only)
2026-08-17 14:01:24 ====
2026-08-17 14:01:24 Skipped test PKGS-7334 (Query port for port upgrades)
2026-08-17 14:01:24 Reason to skip: Incorrect guest OS (macOS only)
2026-08-17 14:01:24 ====
2026-08-17 14:01:24 Performing test ID PKGS-7345 (Querying dpkg)
2026-08-17 14:01:24 Result: Found dpkg binary
2026-08-17 14:01:24 Test: Querying dpkg -l to get package list
2026-08-17 14:01:24 Output:
2026-08-17 14:01:24 Found package: adduser (version: 3.134)
2026-08-17 14:01:24 Found package: apt (version: 2.6.1)
2026-08-17 14:01:24 Found package: base-files (version: 12.4+deb12u11)
2026-08-17 14:01:24 Found package: base-passwd (version: 3.6.1)
2026-08-17 14:01:24 Found package: bash (version: 5.2.15-2+b8)
2026-08-17 14:01:24 Found package: bind9-dnsutils (version: 1:9.18.49-1~deb12u2)
2026-08-17 14:01:24 Found package: bind9-host (version: 1:9.18.49-1~deb12u2)
2026-08-17 14:01:24 Found package: bind9-libs:amd64 (version: 1:9.18.49-1~deb12u2)
2026-08-17 14:01:24 Found package: bsdextrautils (version: 2.38.1-5+deb12u3)
2026-08-17 14:01:24 Found package: bsdmainutils (version: 12.1.8)
2026-08-17 14:01:24 Found package: bsdutils (version: 1:2.38.1-5+deb12u3)
2026-08-17 14:01:24 Found package: ca-certificates (version: 20250419~deb12u1)
2026-08-17 14:01:24 Found package: coreutils (version: 9.1-1)
2026-08-17 14:01:24 Found package: cron (version: 3.0pl1-162)
2026-08-17 14:01:24 Found package: cron-daemon-common (version: 3.0pl1-162)
2026-08-17 14:01:24 Found package: curl (version: 7.88.1-10+deb12u15)
2026-08-17 14:01:24 Found package: dash (version: 0.5.12-2)
2026-08-17 14:01:24 Found package: debconf (version: 1.5.82)
2026-08-17 14:01:24 Found package: debian-archive-keyring (version: 2023.3+deb12u2)
2026-08-17 14:01:24 Found package: debianutils (version: 5.7-0.5~deb12u1)
2026-08-17 14:01:24 Found package: debsecan (version: 0.4.20.1)
2026-08-17 14:01:24 Found package: diffutils (version: 1:3.8-4)
2026-08-17 14:01:24 Found package: distro-info-data (version: 0.58+deb12u7)
2026-08-17 14:01:24 Found package: dnsutils (version: 1:9.18.49-1~deb12u2)
2026-08-17 14:01:24 Found package: dpkg (version: 1.21.22)
2026-08-17 14:01:24 Found package: e2fsprogs (version: 1.47.0-2)
2026-08-17 14:01:24 Found package: findutils (version: 4.9.0-4)
2026-08-17 14:01:24 Found package: gcc-12-base:amd64 (version: 12.2.0-14+deb12u1)
2026-08-17 14:01:24 Found package: git (version: 1:2.39.5-0+deb12u3)
2026-08-17 14:01:24 Found package: git-man (version: 1:2.39.5-0+deb12u3)
2026-08-17 14:01:24 Found package: gpgv (version: 2.2.40-1.1)
2026-08-17 14:01:24 Found package: grep (version: 3.8-5)
2026-08-17 14:01:24 Found package: gzip (version: 1.12-1)
2026-08-17 14:01:24 Found package: hostname (version: 3.23+nmu1)
2026-08-17 14:01:24 Found package: init-system-helpers (version: 1.65.2)
2026-08-17 14:01:24 Found package: iproute2 (version: 6.1.0-3)
2026-08-17 14:01:24 Found package: iptables (version: 1.8.9-2)
2026-08-17 14:01:24 Found package: jq (version: 1.6-2.1+deb12u2)
2026-08-17 14:01:24 Found package: libacl1:amd64 (version: 2.3.1-3)
2026-08-17 14:01:24 Found package: libapt-pkg6.0:amd64 (version: 2.6.1)
2026-08-17 14:01:24 Found package: libattr1:amd64 (version: 1:2.5.1-4)
2026-08-17 14:01:24 Found package: libaudit-common (version: 1:3.0.9-1)
2026-08-17 14:01:24 Found package: libaudit1:amd64 (version: 1:3.0.9-1)
2026-08-17 14:01:24 Found package: libblas3:amd64 (version: 3.11.0-2)
2026-08-17 14:01:24 Found package: libblkid1:amd64 (version: 2.38.1-5+deb12u3)
2026-08-17 14:01:24 Found package: libbpf1:amd64 (version: 1:1.1.2-0+deb12u1)
2026-08-17 14:01:24 Found package: libbrotli1:amd64 (version: 1.0.9-2+b6)
2026-08-17 14:01:24 Found package: libbsd0:amd64 (version: 0.11.7-2)
2026-08-17 14:01:24 Found package: libbz2-1.0:amd64 (version: 1.0.8-5+b1)
2026-08-17 14:01:24 Found package: libc-bin (version: 2.36-9+deb12u10)
2026-08-17 14:01:24 Found package: libc6:amd64 (version: 2.36-9+deb12u10)
2026-08-17 14:01:24 Found package: libcap-ng0:amd64 (version: 0.8.3-1+b3)
2026-08-17 14:01:24 Found package: libcap2-bin (version: 1:2.66-4+deb12u3+b1)
2026-08-17 14:01:24 Found package: libcap2:amd64 (version: 1:2.66-4+deb12u3+b1)
2026-08-17 14:01:24 Found package: libcom-err2:amd64 (version: 1.47.0-2)
2026-08-17 14:01:24 Found package: libcrypt1:amd64 (version: 1:4.4.33-2)
2026-08-17 14:01:24 Found package: libcurl3-gnutls:amd64 (version: 7.88.1-10+deb12u15)
2026-08-17 14:01:24 Found package: libcurl4:amd64 (version: 7.88.1-10+deb12u15)
2026-08-17 14:01:24 Found package: libdb5.3:amd64 (version: 5.3.28+dfsg2-1)
2026-08-17 14:01:24 Found package: libdbus-1-3:amd64 (version: 1.14.10-1~deb12u1)
2026-08-17 14:01:24 Found package: libdebconfclient0:amd64 (version: 0.270)
2026-08-17 14:01:24 Found package: libedit2:amd64 (version: 3.1-20221030-2)
2026-08-17 14:01:24 Found package: libelf1:amd64 (version: 0.188-2.1)
2026-08-17 14:01:24 Found package: liberror-perl (version: 0.17029-2)
2026-08-17 14:01:24 Found package: libexpat1:amd64 (version: 2.5.0-1+deb12u2)
2026-08-17 14:01:24 Found package: libext2fs2:amd64 (version: 1.47.0-2)
2026-08-17 14:01:24 Found package: libffi8:amd64 (version: 3.4.4-1)
2026-08-17 14:01:24 Found package: libfstrm0:amd64 (version: 0.6.1-1)
2026-08-17 14:01:24 Found package: libgcc-s1:amd64 (version: 12.2.0-14+deb12u1)
2026-08-17 14:01:24 Found package: libgcrypt20:amd64 (version: 1.10.1-3)
2026-08-17 14:01:24 Found package: libgdbm-compat4:amd64 (version: 1.23-3)
2026-08-17 14:01:24 Found package: libgdbm6:amd64 (version: 1.23-3)
2026-08-17 14:01:24 Found package: libgmp10:amd64 (version: 2:6.2.1+dfsg1-1.1)
2026-08-17 14:01:24 Found package: libgnutls30:amd64 (version: 3.7.9-2+deb12u5)
2026-08-17 14:01:24 Found package: libgpg-error0:amd64 (version: 1.46-1)
2026-08-17 14:01:24 Found package: libgssapi-krb5-2:amd64 (version: 1.20.1-2+deb12u5)
2026-08-17 14:01:24 Found package: libhogweed6:amd64 (version: 3.8.1-2)
2026-08-17 14:01:24 Found package: libicu72:amd64 (version: 72.1-3+deb12u1)
2026-08-17 14:01:24 Found package: libidn2-0:amd64 (version: 2.3.3-1+b1)
2026-08-17 14:01:24 Found package: libip4tc2:amd64 (version: 1.8.9-2)
2026-08-17 14:01:24 Found package: libip6tc2:amd64 (version: 1.8.9-2)
2026-08-17 14:01:24 Found package: libjansson4:amd64 (version: 2.14-2)
2026-08-17 14:01:24 Found package: libjemalloc2:amd64 (version: 5.3.0-1)
2026-08-17 14:01:24 Found package: libjq1:amd64 (version: 1.6-2.1+deb12u2)
2026-08-17 14:01:24 Found package: libjson-c5:amd64 (version: 0.16-2)
2026-08-17 14:01:24 Found package: libk5crypto3:amd64 (version: 1.20.1-2+deb12u5)
2026-08-17 14:01:24 Found package: libkeyutils1:amd64 (version: 1.6.3-2)
2026-08-17 14:01:24 Found package: libkrb5-3:amd64 (version: 1.20.1-2+deb12u5)
2026-08-17 14:01:24 Found package: libkrb5support0:amd64 (version: 1.20.1-2+deb12u5)
2026-08-17 14:01:24 Found package: libldap-2.5-0:amd64 (version: 2.5.13+dfsg-5)
2026-08-17 14:01:24 Found package: liblinear4:amd64 (version: 2.3.0+dfsg-5)
2026-08-17 14:01:24 Found package: liblmdb0:amd64 (version: 0.9.24-1)
2026-08-17 14:01:24 Found package: liblua5.3-0:amd64 (version: 5.3.6-2)
2026-08-17 14:01:24 Found package: liblz4-1:amd64 (version: 1.9.4-1)
2026-08-17 14:01:24 Found package: liblzma5:amd64 (version: 5.4.1-1)
2026-08-17 14:01:24 Found package: libmaxminddb0:amd64 (version: 1.7.1-1)
2026-08-17 14:01:24 Found package: libmd0:amd64 (version: 1.0.4-2)
2026-08-17 14:01:24 Found package: libmnl0:amd64 (version: 1.0.4-3)
2026-08-17 14:01:24 Found package: libmount1:amd64 (version: 2.38.1-5+deb12u3)
2026-08-17 14:01:24 Found package: libncursesw6:amd64 (version: 6.4-4)
2026-08-17 14:01:24 Found package: libnetfilter-conntrack3:amd64 (version: 1.0.9-3)
2026-08-17 14:01:24 Found package: libnettle8:amd64 (version: 3.8.1-2)
2026-08-17 14:01:24 Found package: libnfnetlink0:amd64 (version: 1.0.2-2)
2026-08-17 14:01:24 Found package: libnftables1:amd64 (version: 1.0.6-2+deb12u2)
2026-08-17 14:01:24 Found package: libnftnl11:amd64 (version: 1.2.4-2)
2026-08-17 14:01:24 Found package: libnghttp2-14:amd64 (version: 1.52.0-1+deb12u3)
2026-08-17 14:01:24 Found package: libnsl2:amd64 (version: 1.3.0-2)
2026-08-17 14:01:24 Found package: libonig5:amd64 (version: 6.9.8-1)
2026-08-17 14:01:24 Found package: libp11-kit0:amd64 (version: 0.24.1-2)
2026-08-17 14:01:24 Found package: libpam-modules-bin (version: 1.5.2-6+deb12u1)
2026-08-17 14:01:24 Found package: libpam-modules:amd64 (version: 1.5.2-6+deb12u1)
2026-08-17 14:01:24 Found package: libpam-runtime (version: 1.5.2-6+deb12u1)
2026-08-17 14:01:24 Found package: libpam0g:amd64 (version: 1.5.2-6+deb12u1)
2026-08-17 14:01:24 Found package: libpcap0.8:amd64 (version: 1.10.3-1)
2026-08-17 14:01:24 Found package: libpcre2-8-0:amd64 (version: 10.42-1)
2026-08-17 14:01:24 Found package: libpcre3:amd64 (version: 2:8.39-15)
2026-08-17 14:01:24 Found package: libperl5.36:amd64 (version: 5.36.0-7+deb12u3)
2026-08-17 14:01:24 Found package: libprotobuf-c1:amd64 (version: 1.4.1-1+b1)
2026-08-17 14:01:24 Found package: libpsl5:amd64 (version: 0.21.2-1)
2026-08-17 14:01:24 Found package: libpython3-stdlib:amd64 (version: 3.11.2-1+b1)
2026-08-17 14:01:24 Found package: libpython3.11-minimal:amd64 (version: 3.11.2-6+deb12u8)
2026-08-17 14:01:24 Found package: libpython3.11-stdlib:amd64 (version: 3.11.2-6+deb12u8)
2026-08-17 14:01:24 Found package: libreadline8:amd64 (version: 8.2-1.3)
2026-08-17 14:01:24 Found package: librtmp1:amd64 (version: 2.4+20151223.gitfa8646d.1-2+b2)
2026-08-17 14:01:24 Found package: libsasl2-2:amd64 (version: 2.1.28+dfsg-10)
2026-08-17 14:01:24 Found package: libsasl2-modules-db:amd64 (version: 2.1.28+dfsg-10)
2026-08-17 14:01:24 Found package: libseccomp2:amd64 (version: 2.5.4-1+deb12u1)
2026-08-17 14:01:24 Found package: libselinux1:amd64 (version: 3.4-1+b6)
2026-08-17 14:01:24 Found package: libsemanage-common (version: 3.4-1)
2026-08-17 14:01:24 Found package: libsemanage2:amd64 (version: 3.4-1+b5)
2026-08-17 14:01:24 Found package: libsepol2:amd64 (version: 3.4-2.1)
2026-08-17 14:01:24 Found package: libsmartcols1:amd64 (version: 2.38.1-5+deb12u3)
2026-08-17 14:01:24 Found package: libsqlite3-0:amd64 (version: 3.40.1-2+deb12u2)
2026-08-17 14:01:24 Found package: libss2:amd64 (version: 1.47.0-2)
2026-08-17 14:01:24 Found package: libssh2-1:amd64 (version: 1.10.0-3+b1)
2026-08-17 14:01:24 Found package: libssl3:amd64 (version: 3.0.20-1~deb12u2)
2026-08-17 14:01:25 Found package: libstdc++6:amd64 (version: 12.2.0-14+deb12u1)
2026-08-17 14:01:25 Found package: libsystemd0:amd64 (version: 252.38-1~deb12u1)
2026-08-17 14:01:25 Found package: libtasn1-6:amd64 (version: 4.19.0-2+deb12u1)
2026-08-17 14:01:25 Found package: libtinfo6:amd64 (version: 6.4-4)
2026-08-17 14:01:25 Found package: libtirpc-common (version: 1.3.3+ds-1)
2026-08-17 14:01:25 Found package: libtirpc3:amd64 (version: 1.3.3+ds-1)
2026-08-17 14:01:25 Found package: libudev1:amd64 (version: 252.38-1~deb12u1)
2026-08-17 14:01:25 Found package: libunistring2:amd64 (version: 1.0-2)
2026-08-17 14:01:25 Found package: libuuid1:amd64 (version: 2.38.1-5+deb12u3)
2026-08-17 14:01:25 Found package: libuv1:amd64 (version: 1.44.2-1+deb12u1)
2026-08-17 14:01:25 Found package: libxml2:amd64 (version: 2.9.14+dfsg-1.3~deb12u6)
2026-08-17 14:01:25 Found package: libxtables12:amd64 (version: 1.8.9-2)
2026-08-17 14:01:25 Found package: libxxhash0:amd64 (version: 0.8.1-1)
2026-08-17 14:01:25 Found package: libzstd1:amd64 (version: 1.5.4+dfsg2-5)
2026-08-17 14:01:25 Found package: login (version: 1:4.13+dfsg1-1+deb12u1)
2026-08-17 14:01:25 Found package: logsave (version: 1.47.0-2)
2026-08-17 14:01:25 Found package: lua-lpeg:amd64 (version: 1.0.2-2)
2026-08-17 14:01:25 Found package: lynis (version: 3.0.8-1.1)
2026-08-17 14:01:25 Found package: mawk (version: 1.3.4.20200120-3.1)
2026-08-17 14:01:25 Found package: media-types (version: 10.0.0)
2026-08-17 14:01:25 Found package: mount (version: 2.38.1-5+deb12u3)
2026-08-17 14:01:25 Found package: ncal (version: 12.1.8)
2026-08-17 14:01:25 Found package: ncurses-base (version: 6.4-4)
2026-08-17 14:01:25 Found package: ncurses-bin (version: 6.4-4)
2026-08-17 14:01:25 Found package: netbase (version: 6.4)
2026-08-17 14:01:25 Found package: nftables (version: 1.0.6-2+deb12u2)
2026-08-17 14:01:25 Found package: nmap (version: 7.93+dfsg1-1)
2026-08-17 14:01:25 Found package: nmap-common (version: 7.93+dfsg1-1)
2026-08-17 14:01:25 Found package: openssl (version: 3.0.20-1~deb12u2)
2026-08-17 14:01:25 Found package: passwd (version: 1:4.13+dfsg1-1+deb12u1)
2026-08-17 14:01:25 Found package: perl (version: 5.36.0-7+deb12u3)
2026-08-17 14:01:25 Found package: perl-base (version: 5.36.0-7+deb12u3)
2026-08-17 14:01:25 Found package: perl-modules-5.36 (version: 5.36.0-7+deb12u3)
2026-08-17 14:01:25 Found package: python-apt-common (version: 2.6.0)
2026-08-17 14:01:25 Found package: python3 (version: 3.11.2-1+b1)
2026-08-17 14:01:25 Found package: python3-apt (version: 2.6.0)
2026-08-17 14:01:25 Found package: python3-distutils (version: 3.11.2-3)
2026-08-17 14:01:25 Found package: python3-lib2to3 (version: 3.11.2-3)
2026-08-17 14:01:25 Found package: python3-minimal (version: 3.11.2-1+b1)
2026-08-17 14:01:25 Found package: python3-pip (version: 23.0.1+dfsg-1)
2026-08-17 14:01:25 Found package: python3-pip-whl (version: 23.0.1+dfsg-1)
2026-08-17 14:01:25 Found package: python3-pkg-resources (version: 66.1.1-1+deb12u2)
2026-08-17 14:01:25 Found package: python3-setuptools (version: 66.1.1-1+deb12u2)
2026-08-17 14:01:25 Found package: python3-setuptools-whl (version: 66.1.1-1+deb12u2)
2026-08-17 14:01:25 Found package: python3-venv (version: 3.11.2-1+b1)
2026-08-17 14:01:25 Found package: python3-wheel (version: 0.38.4-2)
2026-08-17 14:01:25 Found package: python3.11 (version: 3.11.2-6+deb12u8)
2026-08-17 14:01:25 Found package: python3.11-minimal (version: 3.11.2-6+deb12u8)
2026-08-17 14:01:25 Found package: python3.11-venv (version: 3.11.2-6+deb12u8)
2026-08-17 14:01:25 Found package: readline-common (version: 8.2-1.3)
2026-08-17 14:01:25 Found package: sed (version: 4.9-1)
2026-08-17 14:01:25 Found package: sensible-utils (version: 0.0.17+nmu1)
2026-08-17 14:01:25 Found package: sysvinit-utils (version: 3.06-4)
2026-08-17 14:01:25 Found package: tar (version: 1.34+dfsg-1.2+deb12u1)
2026-08-17 14:01:25 Found package: tzdata (version: 2025b-0+deb12u1)
2026-08-17 14:01:25 Found package: ucf (version: 3.0043+nmu1+deb12u1)
2026-08-17 14:01:25 Found package: ufw (version: 0.36.2-1)
2026-08-17 14:01:25 Found package: usr-is-merged (version: 37~deb12u1)
2026-08-17 14:01:25 Found package: util-linux (version: 2.38.1-5+deb12u3)
2026-08-17 14:01:25 Found package: util-linux-extra (version: 2.38.1-5+deb12u3)
2026-08-17 14:01:25 Found package: zlib1g:amd64 (version: 1:1.2.13.dfsg-1)
2026-08-17 14:01:25 ====
2026-08-17 14:01:25 Performing test ID PKGS-7346 (Search unpurged packages on system)
2026-08-17 14:01:25 Test: Querying dpkg -l to get unpurged packages
2026-08-17 14:01:25 Result: no packages found with left overs
2026-08-17 14:01:25 ====
2026-08-17 14:01:25 Skipped test PKGS-7348 (Check for old distfiles)
2026-08-17 14:01:25 Reason to skip: Incorrect guest OS (FreeBSD only)
2026-08-17 14:01:25 ====
2026-08-17 14:01:25 Skipped test PKGS-7350 (Checking for installed packages with DNF utility)
2026-08-17 14:01:25 Reason to skip: Prerequisites not met (ie missing tool, other type of Linux distribution)
2026-08-17 14:01:25 ====
2026-08-17 14:01:25 Skipped test PKGS-7352 (Checking for security updates with DNF utility)
2026-08-17 14:01:25 Reason to skip: Prerequisites not met (ie missing tool, other type of Linux distribution)
2026-08-17 14:01:25 ====
2026-08-17 14:01:25 Skipped test PKGS-7354 (Checking package database integrity)
2026-08-17 14:01:25 Reason to skip: Prerequisites not met (ie missing tool, other type of Linux distribution)
2026-08-17 14:01:25 ====
2026-08-17 14:01:25 Performing test ID PKGS-7366 (Checking for debsecan utility)
2026-08-17 14:01:25 Result: debsecan utility is installed
2026-08-17 14:01:25 Hardening: assigned maximum number of hardening points for this item (3). Currently having 67 points (out of 111)
2026-08-17 14:01:25 Result: cron job is configured for debsecan
2026-08-17 14:01:25 Hardening: assigned maximum number of hardening points for this item (3). Currently having 70 points (out of 114)
2026-08-17 14:01:25 ====
2026-08-17 14:01:25 Performing test ID PKGS-7370 (Checking for debsums utility)
2026-08-17 14:01:25 Result: debsums utility is not installed.
2026-08-17 14:01:25 Hardening: assigned partial number of hardening points (0 of 2). Currently having 70 points (out of 116)
2026-08-17 14:01:25 Suggestion: Install debsums utility for the verification of packages with known good database. [test:PKGS-7370] [details:-] [solution:-]
2026-08-17 14:01:25 ====
2026-08-17 14:01:25 Skipped test PKGS-7378 (Query portmaster for port upgrades)
2026-08-17 14:01:25 Reason to skip: Prerequisites not met (ie missing tool, other type of Linux distribution)
2026-08-17 14:01:25 ====
2026-08-17 14:01:25 Skipped test PKGS-7380 (Check for vulnerable NetBSD packages)
2026-08-17 14:01:25 Reason to skip: Incorrect guest OS (NetBSD only)
2026-08-17 14:01:25 ====
2026-08-17 14:01:25 Skipped test PKGS-7381 (Check for vulnerable FreeBSD packages with pkg)
2026-08-17 14:01:25 Reason to skip: pkg tool not available
2026-08-17 14:01:25 ====
2026-08-17 14:01:25 Skipped test PKGS-7382 (Check for vulnerable FreeBSD packages with portaudit)
2026-08-17 14:01:25 Reason to skip: Prerequisites not met (ie missing tool, other type of Linux distribution)
2026-08-17 14:01:25 ====
2026-08-17 14:01:25 Skipped test PKGS-7383 (Check for YUM package update management)
2026-08-17 14:01:25 Reason to skip: Prerequisites not met (ie missing tool, other type of Linux distribution)
2026-08-17 14:01:25 ====
2026-08-17 14:01:25 Skipped test PKGS-7384 (Check for YUM utils package)
2026-08-17 14:01:25 Reason to skip: Prerequisites not met (ie missing tool, other type of Linux distribution)
2026-08-17 14:01:25 ====
2026-08-17 14:01:25 Skipped test PKGS-7386 (Check for YUM security package)
2026-08-17 14:01:25 Reason to skip: Prerequisites not met (ie missing tool, other type of Linux distribution)
2026-08-17 14:01:25 ====
2026-08-17 14:01:25 Skipped test PKGS-7387 (Check for GPG signing in YUM security package)
2026-08-17 14:01:25 Reason to skip: Prerequisites not met (ie missing tool, other type of Linux distribution)
2026-08-17 14:01:25 ====
2026-08-17 14:01:25 Skipped test PKGS-7388 (Check security repository in apt sources.list file)
2026-08-17 14:01:25 Reason to skip: Prerequisites not met (ie missing tool, other type of Linux distribution)
2026-08-17 14:01:25 ====
2026-08-17 14:01:25 Skipped test PKGS-7390 (Check Ubuntu database consistency)
2026-08-17 14:01:25 Reason to skip: This test needs root permissions
2026-08-17 14:01:25 ====
2026-08-17 14:01:25 Skipped test PKGS-7392 (Check for Debian/Ubuntu security updates)
2026-08-17 14:01:25 Reason to skip: This test needs root permissions
2026-08-17 14:01:25 ====
2026-08-17 14:01:25 Skipped test PKGS-7393 (Check for Gentoo vulnerable packages)
2026-08-17 14:01:25 Reason to skip: Prerequisites not met (ie missing tool, other type of Linux distribution)
2026-08-17 14:01:25 ====
2026-08-17 14:01:25 Performing test ID PKGS-7394 (Check for Ubuntu updates)
2026-08-17 14:01:25 Test: checking /usr/bin/apt-show-versions
2026-08-17 14:01:25 Result: /usr/bin/apt-show-versions not found
2026-08-17 14:01:25 Suggestion: Install package apt-show-versions for patch management purposes [test:PKGS-7394] [details:-] [solution:-]
2026-08-17 14:01:25 ====
2026-08-17 14:01:25 Skipped test PKGS-7395 (Check for Alpine updates)
2026-08-17 14:01:25 Reason to skip: Prerequisites not met (ie missing tool, other type of Linux distribution)
2026-08-17 14:01:25 ====
2026-08-17 14:01:25 Performing test ID PKGS-7398 (Check for package audit tool)
2026-08-17 14:01:25 Test: checking for package audit tool
2026-08-17 14:01:25 Result: found package audit tool: debsecan
2026-08-17 14:01:25 ====
2026-08-17 14:01:25 Performing test ID PKGS-7410 (Count installed kernel packages)
2026-08-17 14:01:25 Test: Checking how many kernel packages are installed
2026-08-17 14:01:25 Result: found no kernels from dpkg -l output, which is unexpected
2026-08-17 14:01:25 Exception: test has an exceptional event (PKGS-7410) with text Could not find any kernel packages via package manager
2026-08-17 14:01:30 ====
2026-08-17 14:01:30 Performing test ID PKGS-7420 (Detect toolkit to automatically download and apply upgrades)
2026-08-17 14:01:30 Hardening: assigned partial number of hardening points (1 of 5). Currently having 71 points (out of 121)
2026-08-17 14:01:30 Result: no toolkit for automatic updates discovered
2026-08-17 14:01:30 Suggestion: Consider using a tool to automatically apply upgrades [test:PKGS-7420] [details:-] [solution:-]
2026-08-17 14:01:30 Security check: file is normal
2026-08-17 14:01:30 Checking permissions of /usr/share/lynis/include/tests_networking
2026-08-17 14:01:30 File permissions are OK
2026-08-17 14:01:30 ====
2026-08-17 14:01:30 Action: Performing tests from category: Networking
2026-08-17 14:01:30 ====
2026-08-17 14:01:30 Performing test ID NETW-2400 (Hostname length and value check)
2026-08-17 14:01:30 Result: FQDN is defined and not longer than 253 characters (7 characters)
2026-08-17 14:01:30 Result: hostnamed is defined and not longer than 63 characters
2026-08-17 14:01:30 Result: good, no unexpected characters discovered in hostname
2026-08-17 14:01:30 ====
2026-08-17 14:01:30 Performing test ID NETW-2600 (Checking IPv6 configuration)
2026-08-17 14:01:30 Result: IPV6 mode is disabled
2026-08-17 14:01:30 ====
2026-08-17 14:01:30 Performing test ID NETW-2704 (Basic nameserver configuration tests)
2026-08-17 14:01:30 Test: Checking /etc/resolv.conf file
2026-08-17 14:01:30 Result: Found /etc/resolv.conf file
2026-08-17 14:01:30 Test: Querying nameservers
2026-08-17 14:01:30 Found nameserver: 127.0.0.53
2026-08-17 14:01:30 Nameserver 127.0.0.53 seems to respond to queries from this host.
2026-08-17 14:01:30 ====
2026-08-17 14:01:30 Skipped test NETW-2705 (Check availability two nameservers)
2026-08-17 14:01:30 Reason to skip: Prerequisites not met (ie missing tool, other type of Linux distribution)
2026-08-17 14:01:30 Result: Test most likely skipped due having local resolver in /etc/resolv.conf
2026-08-17 14:01:30 ====
2026-08-17 14:01:30 Skipped test NETW-2706 (Check systemd-resolved and upstream DNSSEC status)
2026-08-17 14:01:30 Reason to skip: Prerequisites not met (ie missing tool, other type of Linux distribution)
2026-08-17 14:01:30 Result: Test most likely skipped due to not having resolvectl
2026-08-17 14:01:30 ====
2026-08-17 14:01:30 Skipped test NETW-3001 (Find default gateway (route))
2026-08-17 14:01:30 Reason to skip: Prerequisites not met (ie missing tool, other type of Linux distribution)
2026-08-17 14:01:30 ====
2026-08-17 14:01:30 Performing test ID NETW-3004 (Search for available network interfaces)
2026-08-17 14:01:30 Found network interface: lo
2026-08-17 14:01:30 Found network interface: enp2s0
2026-08-17 14:01:30 Found network interface: docker0
2026-08-17 14:01:30 Found network interface: br-9ef11c5f8ec2
2026-08-17 14:01:30 Found network interface: br-1e93f7865147
2026-08-17 14:01:30 ====
2026-08-17 14:01:30 Performing test ID NETW-3006 (Get network MAC addresses)
2026-08-17 14:01:30 Test: Using ip binary to gather hardware addresses
2026-08-17 14:01:30 Found MAC address: 3c:7c:3f:7d:61:d5
2026-08-17 14:01:30 Found MAC address: 9e:f0:90:97:4f:d5
2026-08-17 14:01:30 Found MAC address: 8a:2d:52:5e:62:2d
2026-08-17 14:01:30 Found MAC address: b6:26:31:9e:d2:ed
2026-08-17 14:01:30 ====
2026-08-17 14:01:30 Performing test ID NETW-3008 (Get network IP addresses)
2026-08-17 14:01:30 Test: Using ip binary to gather IP addresses
2026-08-17 14:01:30 Found IPv4 address: 127.0.0.1
2026-08-17 14:01:30 Found IPv4 address: 192.168.7.110
2026-08-17 14:01:30 Found IPv4 address: 172.17.0.1
2026-08-17 14:01:30 Found IPv4 address: 172.18.0.1
2026-08-17 14:01:30 Found IPv4 address: 172.19.0.1
2026-08-17 14:01:30 Found IPv6 address: ::1
2026-08-17 14:01:30 Found IPv6 address: fe80::aca3:daf1:2602:4e3f
2026-08-17 14:01:30 Found IPv6 address: fe80::9cf0:90ff:fe97:4fd5
2026-08-17 14:01:30 Found IPv6 address: fe80::b426:31ff:fe9e:d2ed
2026-08-17 14:01:30 ====
2026-08-17 14:01:30 Performing test ID NETW-3012 (Check listening ports)
2026-08-17 14:01:30 Test: Retrieving ss information to find listening ports
2026-08-17 14:01:30 ====
2026-08-17 14:01:30 Skipped test NETW-3014 (Checking promiscuous interfaces (BSD))
2026-08-17 14:01:30 Reason to skip: Prerequisites not met (ie missing tool, other type of Linux distribution)
2026-08-17 14:01:30 ====
2026-08-17 14:01:30 Performing test ID NETW-3015 (Checking promiscuous interfaces (Linux))
2026-08-17 14:01:30 Test: Using ip binary to retrieve network interfaces
2026-08-17 14:01:30 Test: Checking all interfaces to discover any with promiscuous mode enabled
2026-08-17 14:01:30 Result: No promiscuous interfaces found
2026-08-17 14:01:30 ====
2026-08-17 14:01:30 Skipped test NETW-3028 (Checking connections in WAIT state)
2026-08-17 14:01:30 Reason to skip: Prerequisites not met (ie missing tool, other type of Linux distribution)
2026-08-17 14:01:30 ====
2026-08-17 14:01:30 Performing test ID NETW-3030 (Checking DHCP client status)
2026-08-17 14:01:30 Performing ps scan using partial match and without uid
2026-08-17 14:01:30 IsRunning: process 'dhclient' not found
2026-08-17 14:01:30 Performing ps scan using partial match and without uid
2026-08-17 14:01:30 IsRunning: process 'dhcpcd' not found
2026-08-17 14:01:30 Performing ps scan using partial match and without uid
2026-08-17 14:01:30 IsRunning: process 'udhcpc' not found
2026-08-17 14:01:30 ====
2026-08-17 14:01:30 Performing test ID NETW-3032 (Checking for ARP monitoring software)
2026-08-17 14:01:30 Performing ps scan using partial match and without uid
2026-08-17 14:01:30 IsRunning: process 'addrwatch' not found
2026-08-17 14:01:30 Performing ps scan using partial match and without uid
2026-08-17 14:01:30 IsRunning: process 'arpwatch' not found
2026-08-17 14:01:30 Performing ps scan using partial match and without uid
2026-08-17 14:01:30 IsRunning: process 'arpon' not found
2026-08-17 14:01:30 ====
2026-08-17 14:01:30 Performing test ID NETW-3200 (Determine available network protocols)
2026-08-17 14:01:30 Test: checking the status of some network protocols that typically are not used
2026-08-17 14:01:30 Test: now checking module 'dccp'
2026-08-17 14:01:30 Suggestion: Determine if protocol 'dccp' is really needed on this system [test:NETW-3200] [details:-] [solution:-]
2026-08-17 14:01:30 Test: now checking module 'sctp'
2026-08-17 14:01:30 Suggestion: Determine if protocol 'sctp' is really needed on this system [test:NETW-3200] [details:-] [solution:-]
2026-08-17 14:01:30 Test: now checking module 'rds'
2026-08-17 14:01:30 Suggestion: Determine if protocol 'rds' is really needed on this system [test:NETW-3200] [details:-] [solution:-]
2026-08-17 14:01:30 Test: now checking module 'tipc'
2026-08-17 14:01:30 Suggestion: Determine if protocol 'tipc' is really needed on this system [test:NETW-3200] [details:-] [solution:-]
2026-08-17 14:01:30 Security check: file is normal
2026-08-17 14:01:30 Checking permissions of /usr/share/lynis/include/tests_printers_spoolers
2026-08-17 14:01:30 File permissions are OK
2026-08-17 14:01:30 ====
2026-08-17 14:01:30 Action: Performing tests from category: Printers and Spools
2026-08-17 14:01:30 ====
2026-08-17 14:01:30 Skipped test PRNT-2302 (Check for printcap consistency)
2026-08-17 14:01:30 Reason to skip: Incorrect guest OS (FreeBSD only)
2026-08-17 14:01:30 ====
2026-08-17 14:01:30 Performing test ID PRNT-2304 (Check cupsd status)
2026-08-17 14:01:30 Test: Checking cupsd status
2026-08-17 14:01:30 Performing ps scan using partial match and without uid
2026-08-17 14:01:30 IsRunning: process 'cupsd' not found
2026-08-17 14:01:30 Result: cups daemon not running, cups daemon tests skipped
2026-08-17 14:01:30 ====
2026-08-17 14:01:30 Skipped test PRNT-2306 (Check CUPSd configuration file)
2026-08-17 14:01:30 Reason to skip: Prerequisites not met (ie missing tool, other type of Linux distribution)
2026-08-17 14:01:30 ====
2026-08-17 14:01:30 Skipped test PRNT-2307 (Check CUPSd configuration file permissions)
2026-08-17 14:01:30 Reason to skip: Prerequisites not met (ie missing tool, other type of Linux distribution)
2026-08-17 14:01:30 ====
2026-08-17 14:01:30 Skipped test PRNT-2308 (Check CUPSd network configuration)
2026-08-17 14:01:30 Reason to skip: Prerequisites not met (ie missing tool, other type of Linux distribution)
2026-08-17 14:01:30 ====
2026-08-17 14:01:30 Performing test ID PRNT-2314 (Check lpd status)
2026-08-17 14:01:30 Test: Checking lpd status
2026-08-17 14:01:30 Performing ps scan using partial match and without uid
2026-08-17 14:01:30 IsRunning: process 'lpd' not found
2026-08-17 14:01:30 Result: lp daemon not running
2026-08-17 14:01:30 Hardening: assigned maximum number of hardening points for this item (4). Currently having 75 points (out of 125)
2026-08-17 14:01:30 ====
2026-08-17 14:01:31 Skipped test PRNT-2316 (Checking /etc/qconfig file)
2026-08-17 14:01:31 Reason to skip: Incorrect guest OS (AIX only)
2026-08-17 14:01:31 ====
2026-08-17 14:01:31 Skipped test PRNT-2418 (Checking qdaemon printer spooler status)
2026-08-17 14:01:31 Reason to skip: Incorrect guest OS (AIX only)
2026-08-17 14:01:31 ====
2026-08-17 14:01:31 Skipped test PRNT-2420 (Checking old print jobs)
2026-08-17 14:01:31 Reason to skip: Incorrect guest OS (AIX only)
2026-08-17 14:01:31 Security check: file is normal
2026-08-17 14:01:31 Checking permissions of /usr/share/lynis/include/tests_mail_messaging
2026-08-17 14:01:31 File permissions are OK
2026-08-17 14:01:31 ====
2026-08-17 14:01:31 Action: Performing tests from category: Software: e-mail and messaging
2026-08-17 14:01:31 ====
2026-08-17 14:01:31 Performing test ID MAIL-8802 (Check Exim status)
2026-08-17 14:01:31 Test: check Exim status
2026-08-17 14:01:31 Performing ps scan using partial match and without uid
2026-08-17 14:01:31 IsRunning: process 'exim4' not found
2026-08-17 14:01:31 Performing ps scan using partial match and without uid
2026-08-17 14:01:31 IsRunning: process 'exim' not found
2026-08-17 14:01:31 Result: no running Exim processes found
2026-08-17 14:01:31 ====
2026-08-17 14:01:31 Skipped test MAIL-8804 (Exim configuration options)
2026-08-17 14:01:31 Reason to skip: Prerequisites not met (ie missing tool, other type of Linux distribution)
2026-08-17 14:01:31 ====
2026-08-17 14:01:31 Performing test ID MAIL-8814 (Check postfix process status)
2026-08-17 14:01:31 Test: check Postfix status
2026-08-17 14:01:31 Result: no running Postfix processes found
2026-08-17 14:01:31 ====
2026-08-17 14:01:31 Skipped test MAIL-8816 (Check Postfix configuration)
2026-08-17 14:01:31 Reason to skip: Prerequisites not met (ie missing tool, other type of Linux distribution)
2026-08-17 14:01:31 ====
2026-08-17 14:01:31 Skipped test MAIL-8817 (Check Postfix configuration errors)
2026-08-17 14:01:31 Reason to skip: Prerequisites not met (ie missing tool, other type of Linux distribution)
2026-08-17 14:01:31 ====
2026-08-17 14:01:31 Skipped test MAIL-8818 (Check Postfix configuration: banner)
2026-08-17 14:01:31 Reason to skip: Prerequisites not met (ie missing tool, other type of Linux distribution)
2026-08-17 14:01:31 ====
2026-08-17 14:01:31 Performing test ID MAIL-8820 (Postfix configuration scan)
2026-08-17 14:01:31 ====
2026-08-17 14:01:31 Performing test ID MAIL-8838 (Check dovecot process)
2026-08-17 14:01:31 Test: check dovecot status
2026-08-17 14:01:31 Performing ps scan using partial match and without uid
2026-08-17 14:01:31 IsRunning: process 'dovecot' not found
2026-08-17 14:01:31 Result: dovecot not found
2026-08-17 14:01:31 ====
2026-08-17 14:01:31 Performing test ID MAIL-8860 (Check Qmail status)
2026-08-17 14:01:31 Test: check Qmail status
2026-08-17 14:01:31 Performing ps scan using partial match and without uid
2026-08-17 14:01:31 IsRunning: process 'qmail-smtpd' not found
2026-08-17 14:01:31 Result: no running Qmail processes found
2026-08-17 14:01:31 ====
2026-08-17 14:01:31 Performing test ID MAIL-8880 (Check Sendmail status)
2026-08-17 14:01:31 Test: check sendmail status
2026-08-17 14:01:31 Performing ps scan using partial match and without uid
2026-08-17 14:01:31 IsRunning: process 'sendmail' not found
2026-08-17 14:01:31 Result: no running Sendmail processes found
2026-08-17 14:01:31 ====
2026-08-17 14:01:31 Skipped test MAIL-8920 (Check OpenSMTPD status)
2026-08-17 14:01:31 Reason to skip: Prerequisites not met (ie missing tool, other type of Linux distribution)
2026-08-17 14:01:31 Security check: file is normal
2026-08-17 14:01:31 Checking permissions of /usr/share/lynis/include/tests_firewalls
2026-08-17 14:01:31 File permissions are OK
2026-08-17 14:01:31 ====
2026-08-17 14:01:31 Action: Performing tests from category: Software: firewalls
2026-08-17 14:01:31 ====
2026-08-17 14:01:31 Performing test ID FIRE-4502 (Check iptables kernel module)
2026-08-17 14:01:31 ====
2026-08-17 14:01:31 Skipped test FIRE-4508 (Check used policies of iptables chains)
2026-08-17 14:01:31 Reason to skip: This test needs root permissions
2026-08-17 14:01:31 ====
2026-08-17 14:01:31 Skipped test FIRE-4512 (Check iptables for empty ruleset)
2026-08-17 14:01:31 Reason to skip: This test needs root permissions
2026-08-17 14:01:31 ====
2026-08-17 14:01:31 Skipped test FIRE-4513 (Check iptables for unused rules)
2026-08-17 14:01:31 Reason to skip: This test needs root permissions
2026-08-17 14:01:31 ====
2026-08-17 14:01:31 Skipped test FIRE-4518 (Check pf firewall components)
2026-08-17 14:01:31 Reason to skip: No /dev/pf device
2026-08-17 14:01:31 ====
2026-08-17 14:01:31 Skipped test FIRE-4520 (Check pf configuration consistency)
2026-08-17 14:01:31 Reason to skip: Prerequisites not met (ie missing tool, other type of Linux distribution)
2026-08-17 14:01:31 ====
2026-08-17 14:01:31 Performing test ID FIRE-4524 (Check for CSF presence)
2026-08-17 14:01:31 Test: check /etc/csf/csf.conf
2026-08-17 14:01:31 Result: /etc/csf/csf.conf does NOT exist
2026-08-17 14:01:31 ====
2026-08-17 14:01:31 Skipped test FIRE-4526 (Check ipf status)
2026-08-17 14:01:31 Reason to skip: Incorrect guest OS (Solaris only)
2026-08-17 14:01:31 ====
2026-08-17 14:01:31 Skipped test FIRE-4530 (Check IPFW status)
2026-08-17 14:01:31 Reason to skip: Incorrect guest OS (FreeBSD only)
2026-08-17 14:01:31 ====
2026-08-17 14:01:31 Skipped test FIRE-4532 (Check macOS application firewall)
2026-08-17 14:01:31 Reason to skip: Incorrect guest OS (macOS only)
2026-08-17 14:01:31 ====
2026-08-17 14:01:31 Skipped test FIRE-4534 (Check for presence of outbound firewalls on macOS)
2026-08-17 14:01:31 Reason to skip: Incorrect guest OS (macOS only)
2026-08-17 14:01:31 ====
2026-08-17 14:01:31 Performing test ID FIRE-4536 (Check nftables status)
2026-08-17 14:01:31 Result: no nftables kernel module found
2026-08-17 14:01:31 ====
2026-08-17 14:01:31 Performing test ID FIRE-4538 (Check nftables basic configuration)
2026-08-17 14:01:31 Result: found version 1.0.6 of nft
2026-08-17 14:01:31 ====
2026-08-17 14:01:31 Skipped test FIRE-4540 (Check for empty nftables configuration)
2026-08-17 14:01:31 Reason to skip: This test needs root permissions
2026-08-17 14:01:31 ====
2026-08-17 14:01:31 Skipped test FIRE-4586 (Check firewall logging)
2026-08-17 14:01:31 Reason to skip: This test needs root permissions
2026-08-17 14:01:31 ====
2026-08-17 14:01:31 Performing test ID FIRE-4590 (Check firewall status)
2026-08-17 14:01:31 Result: host based firewall or packet filter is active
2026-08-17 14:01:31 Hardening: assigned maximum number of hardening points for this item (5). Currently having 80 points (out of 130)
2026-08-17 14:01:31 ====
2026-08-17 14:01:31 Performing test ID FIRE-4594 (Check for APF presence)
2026-08-17 14:01:31 Test: check /etc/apf/conf.apf
2026-08-17 14:01:31 Result: /etc/apf/conf.apf does NOT exist
2026-08-17 14:01:31 Security check: file is normal
2026-08-17 14:01:31 Checking permissions of /usr/share/lynis/include/tests_webservers
2026-08-17 14:01:31 File permissions are OK
2026-08-17 14:01:31 ====
2026-08-17 14:01:31 Action: Performing tests from category: Software: webserver
2026-08-17 14:01:31 Action: created temporary file /tmp/lynis.mNQQt5fJ3u
2026-08-17 14:01:31 Action: created temporary file /tmp/lynis.AZGQnwPLd5
2026-08-17 14:01:31 ====
2026-08-17 14:01:31 Performing test ID HTTP-6622 (Checking Apache presence)
2026-08-17 14:01:31 ====
2026-08-17 14:01:31 Skipped test HTTP-6624 (Testing main Apache configuration file)
2026-08-17 14:01:31 Reason to skip: Prerequisites not met (ie missing tool, other type of Linux distribution)
2026-08-17 14:01:31 ====
2026-08-17 14:01:31 Skipped test HTTP-6626 (Testing other Apache configuration file)
2026-08-17 14:01:31 Reason to skip: Prerequisites not met (ie missing tool, other type of Linux distribution)
2026-08-17 14:01:31 ====
2026-08-17 14:01:31 Skipped test HTTP-6632 (Determining all available Apache modules)
2026-08-17 14:01:31 Reason to skip: Prerequisites not met (ie missing tool, other type of Linux distribution)
2026-08-17 14:01:31 ====
2026-08-17 14:01:31 Skipped test HTTP-6640 (Determining existence of specific Apache modules)
2026-08-17 14:01:31 Reason to skip: Prerequisites not met (ie missing tool, other type of Linux distribution)
2026-08-17 14:01:31 ====
2026-08-17 14:01:31 Skipped test HTTP-6641 (Determining existence of specific Apache modules)
2026-08-17 14:01:31 Reason to skip: Prerequisites not met (ie missing tool, other type of Linux distribution)
2026-08-17 14:01:31 ====
2026-08-17 14:01:31 Skipped test HTTP-6643 (Determining existence of specific Apache modules)
2026-08-17 14:01:31 Reason to skip: Prerequisites not met (ie missing tool, other type of Linux distribution)
2026-08-17 14:01:31 ====
2026-08-17 14:01:31 Performing test ID HTTP-6702 (Check nginx process)
2026-08-17 14:01:31 Test: searching running nginx process
2026-08-17 14:01:31 Performing ps scan using partial match and without uid
2026-08-17 14:01:31 IsRunning: process 'nginx' not found
2026-08-17 14:01:31 Result: no running nginx process found
2026-08-17 14:01:31 ====
2026-08-17 14:01:31 Skipped test HTTP-6704 (Check nginx configuration file)
2026-08-17 14:01:31 Reason to skip: Prerequisites not met (ie missing tool, other type of Linux distribution)
2026-08-17 14:01:31 ====
2026-08-17 14:01:31 Skipped test HTTP-6706 (Check for additional nginx configuration files)
2026-08-17 14:01:31 Reason to skip: Prerequisites not met (ie missing tool, other type of Linux distribution)
2026-08-17 14:01:31 ====
2026-08-17 14:01:31 Skipped test HTTP-6708 (Check discovered nginx configuration settings)
2026-08-17 14:01:31 Reason to skip: Prerequisites not met (ie missing tool, other type of Linux distribution)
2026-08-17 14:01:31 ====
2026-08-17 14:01:31 Skipped test HTTP-6710 (Check nginx SSL configuration settings)
2026-08-17 14:01:31 Reason to skip: Prerequisites not met (ie missing tool, other type of Linux distribution)
2026-08-17 14:01:31 ====
2026-08-17 14:01:31 Skipped test HTTP-6712 (Check nginx access logging)
2026-08-17 14:01:31 Reason to skip: Prerequisites not met (ie missing tool, other type of Linux distribution)
2026-08-17 14:01:31 ====
2026-08-17 14:01:31 Skipped test HTTP-6714 (Check for missing error logs in nginx)
2026-08-17 14:01:31 Reason to skip: Prerequisites not met (ie missing tool, other type of Linux distribution)
2026-08-17 14:01:31 ====
2026-08-17 14:01:31 Skipped test HTTP-6716 (Check for debug mode on error log in nginx)
2026-08-17 14:01:31 Reason to skip: Prerequisites not met (ie missing tool, other type of Linux distribution)
2026-08-17 14:01:31 ====
2026-08-17 14:01:31 Skipped test HTTP-6720 (Check Nginx log files)
2026-08-17 14:01:31 Reason to skip: Prerequisites not met (ie missing tool, other type of Linux distribution)
2026-08-17 14:01:31 Security check: file is normal
2026-08-17 14:01:31 Checking permissions of /usr/share/lynis/include/tests_ssh
2026-08-17 14:01:31 File permissions are OK
2026-08-17 14:01:31 ====
2026-08-17 14:01:31 Action: Performing tests from category: SSH Support
2026-08-17 14:01:31 ====
2026-08-17 14:01:31 Performing test ID SSH-7402 (Check for running SSH daemon)
2026-08-17 14:01:31 Test: Searching for a SSH daemon
2026-08-17 14:01:31 Performing ps scan using partial match and without uid
2026-08-17 14:01:31 IsRunning: process 'sshd' not found
2026-08-17 14:01:31 ====
2026-08-17 14:01:31 Skipped test SSH-7404 (Check SSH daemon file location)
2026-08-17 14:01:31 Reason to skip: Prerequisites not met (ie missing tool, other type of Linux distribution)
2026-08-17 14:01:31 ====
2026-08-17 14:01:31 Skipped test SSH-7406 (Determine OpenSSH version)
2026-08-17 14:01:31 Reason to skip: Prerequisites not met (ie missing tool, other type of Linux distribution)
2026-08-17 14:01:31 ====
2026-08-17 14:01:31 Skipped test SSH-7408 (Check SSH specific defined options)
2026-08-17 14:01:31 Reason to skip: Prerequisites not met (ie missing tool, other type of Linux distribution)
2026-08-17 14:01:31 ====
2026-08-17 14:01:31 Skipped test SSH-7440 (Check OpenSSH option: AllowUsers and AllowGroups)
2026-08-17 14:01:31 Reason to skip: Prerequisites not met (ie missing tool, other type of Linux distribution)
2026-08-17 14:01:31 Security check: file is normal
2026-08-17 14:01:31 Checking permissions of /usr/share/lynis/include/tests_snmp
2026-08-17 14:01:31 File permissions are OK
2026-08-17 14:01:31 ====
2026-08-17 14:01:31 Action: Performing tests from category: SNMP Support
2026-08-17 14:01:31 ====
2026-08-17 14:01:31 Performing test ID SNMP-3302 (Check for running SNMP daemon)
2026-08-17 14:01:31 Test: Searching for a SNMP daemon
2026-08-17 14:01:31 Performing ps scan using partial match and without uid
2026-08-17 14:01:31 IsRunning: process 'snmpd' not found
2026-08-17 14:01:31 Result: No running SNMP daemon found
2026-08-17 14:01:31 ====
2026-08-17 14:01:31 Skipped test SNMP-3304 (Check SNMP daemon file location)
2026-08-17 14:01:31 Reason to skip: Prerequisites not met (ie missing tool, other type of Linux distribution)
2026-08-17 14:01:31 ====
2026-08-17 14:01:31 Skipped test SNMP-3306 (Check SNMP communities)
2026-08-17 14:01:31 Reason to skip: Prerequisites not met (ie missing tool, other type of Linux distribution)
2026-08-17 14:01:31 Security check: file is normal
2026-08-17 14:01:31 Checking permissions of /usr/share/lynis/include/tests_databases
2026-08-17 14:01:31 File permissions are OK
2026-08-17 14:01:31 ====
2026-08-17 14:01:31 Action: Performing tests from category: Databases
2026-08-17 14:01:31 ====
2026-08-17 14:01:31 Performing test ID DBS-1804 (Checking active MySQL process)
2026-08-17 14:01:31 Result: MySQL process not active
2026-08-17 14:01:31 ====
2026-08-17 14:01:31 Skipped test DBS-1816 (Checking MySQL root password)
2026-08-17 14:01:31 Reason to skip: MySQL not installed, or not running
2026-08-17 14:01:31 Test skipped, MySQL daemon not running or no MySQL client available
2026-08-17 14:01:31 ====
2026-08-17 14:01:31 Performing test ID DBS-1818 (Check status of MongoDB server)
2026-08-17 14:01:31 Performing ps scan using partial match and without uid
2026-08-17 14:01:31 IsRunning: process 'mongod' not found
2026-08-17 14:01:31 ====
2026-08-17 14:01:31 Performing test ID DBS-1820 (Check for authorization in MongoDB)
2026-08-17 14:01:31 ====
2026-08-17 14:01:31 Performing test ID DBS-1826 (Checking active PostgreSQL processes)
2026-08-17 14:01:31 Performing ps scan using partial match and without uid
2026-08-17 14:01:31 IsRunning: process 'postgres' not found
2026-08-17 14:01:31 Result: PostgreSQL process not active
2026-08-17 14:01:31 ====
2026-08-17 14:01:31 Skipped test DBS-1828 (Test PostgreSQL configuration)
2026-08-17 14:01:31 Reason to skip: Prerequisites not met (ie missing tool, other type of Linux distribution)
2026-08-17 14:01:31 ====
2026-08-17 14:01:31 Performing test ID DBS-1840 (Checking active Oracle processes)
2026-08-17 14:01:31 Result: Oracle process(es) not active
2026-08-17 14:01:31 ====
2026-08-17 14:01:31 Performing test ID DBS-1860 (Checking active DB2 instances)
2026-08-17 14:01:31 Performing ps scan using partial match and without uid
2026-08-17 14:01:31 IsRunning: process 'db2sysc' not found
2026-08-17 14:01:31 Result: No DB2 instances are running
2026-08-17 14:01:31 ====
2026-08-17 14:01:31 Performing test ID DBS-1880 (Check for active Redis server)
2026-08-17 14:01:31 Performing ps scan using partial match and without uid
2026-08-17 14:01:31 IsRunning: process 'redis-server' not found
2026-08-17 14:01:31 Result: No Redis processes are running
2026-08-17 14:01:31 ====
2026-08-17 14:01:31 Skipped test DBS-1882 (Redis configuration file)
2026-08-17 14:01:31 Reason to skip: Redis not running
2026-08-17 14:01:31 ====
2026-08-17 14:01:31 Skipped test DBS-1884 (Redis: requirepass option configured)
2026-08-17 14:01:31 Reason to skip: Redis not running, or no configuration file found
2026-08-17 14:01:31 ====
2026-08-17 14:01:31 Skipped test DBS-1886 (Redis: rename-command CONFIG used)
2026-08-17 14:01:31 Reason to skip: Redis not running, or no configuration found
2026-08-17 14:01:31 ====
2026-08-17 14:01:31 Skipped test DBS-1888 (Redis: bind on localhost)
2026-08-17 14:01:31 Reason to skip: Redis not running, or no configuration found
2026-08-17 14:01:31 Security check: file is normal
2026-08-17 14:01:31 Checking permissions of /usr/share/lynis/include/tests_ldap
2026-08-17 14:01:31 File permissions are OK
2026-08-17 14:01:31 ====
2026-08-17 14:01:31 Action: Performing tests from category: LDAP Services
2026-08-17 14:01:31 ====
2026-08-17 14:01:31 Performing test ID LDAP-2219 (Check running OpenLDAP instance)
2026-08-17 14:01:31 Performing ps scan using partial match and without uid
2026-08-17 14:01:31 IsRunning: process 'slapd' not found
2026-08-17 14:01:31 Result: No running slapd process found.
2026-08-17 14:01:31 ====
2026-08-17 14:01:32 Skipped test LDAP-2224 (Check presence slapd.conf)
2026-08-17 14:01:32 Reason to skip: Prerequisites not met (ie missing tool, other type of Linux distribution)
2026-08-17 14:01:32 Security check: file is normal
2026-08-17 14:01:32 Checking permissions of /usr/share/lynis/include/tests_php
2026-08-17 14:01:32 File permissions are OK
2026-08-17 14:01:32 ====
2026-08-17 14:01:32 Action: Performing tests from category: PHP
2026-08-17 14:01:32 ====
2026-08-17 14:01:32 Performing test ID PHP-2211 (Check php.ini presence)
2026-08-17 14:01:32 Test: Checking for presence php.ini
2026-08-17 14:01:32 Test: checking presence /etc/php.ini
2026-08-17 14:01:32 Result: file /etc/php.ini not found
2026-08-17 14:01:32 Test: checking presence /etc/php.ini.default
2026-08-17 14:01:32 Result: file /etc/php.ini.default not found
2026-08-17 14:01:32 Test: checking presence /etc/php/php.ini
2026-08-17 14:01:32 Result: file /etc/php/php.ini not found
2026-08-17 14:01:32 Test: checking presence /etc/php5.5/php.ini
2026-08-17 14:01:32 Result: file /etc/php5.5/php.ini not found
2026-08-17 14:01:32 Test: checking presence /etc/php5.6/php.ini
2026-08-17 14:01:32 Result: file /etc/php5.6/php.ini not found
2026-08-17 14:01:32 Test: checking presence /etc/php7.0/php.ini
2026-08-17 14:01:32 Result: file /etc/php7.0/php.ini not found
2026-08-17 14:01:32 Test: checking presence /etc/php7.1/php.ini
2026-08-17 14:01:32 Result: file /etc/php7.1/php.ini not found
2026-08-17 14:01:32 Test: checking presence /etc/php7.2/php.ini
2026-08-17 14:01:32 Result: file /etc/php7.2/php.ini not found
2026-08-17 14:01:32 Test: checking presence /etc/php7.3/php.ini
2026-08-17 14:01:32 Result: file /etc/php7.3/php.ini not found
2026-08-17 14:01:32 Test: checking presence /etc/php7.4/php.ini
2026-08-17 14:01:32 Result: file /etc/php7.4/php.ini not found
2026-08-17 14:01:32 Test: checking presence /etc/php/cgi-php5/php.ini
2026-08-17 14:01:32 Result: file /etc/php/cgi-php5/php.ini not found
2026-08-17 14:01:32 Test: checking presence /etc/php/cli-php5/php.ini
2026-08-17 14:01:32 Result: file /etc/php/cli-php5/php.ini not found
2026-08-17 14:01:32 Test: checking presence /etc/php/apache2-php5/php.ini
2026-08-17 14:01:32 Result: file /etc/php/apache2-php5/php.ini not found
2026-08-17 14:01:32 Test: checking presence /etc/php/apache2-php5.5/php.ini
2026-08-17 14:01:32 Result: file /etc/php/apache2-php5.5/php.ini not found
2026-08-17 14:01:32 Test: checking presence /etc/php/apache2-php5.6/php.ini
2026-08-17 14:01:32 Result: file /etc/php/apache2-php5.6/php.ini not found
2026-08-17 14:01:32 Test: checking presence /etc/php/apache2-php7.0/php.ini
2026-08-17 14:01:32 Result: file /etc/php/apache2-php7.0/php.ini not found
2026-08-17 14:01:32 Test: checking presence /etc/php/apache2-php7.1/php.ini
2026-08-17 14:01:32 Result: file /etc/php/apache2-php7.1/php.ini not found
2026-08-17 14:01:32 Test: checking presence /etc/php/apache2-php7.2/php.ini
2026-08-17 14:01:32 Result: file /etc/php/apache2-php7.2/php.ini not found
2026-08-17 14:01:32 Test: checking presence /etc/php/apache2-php7.3/php.ini
2026-08-17 14:01:32 Result: file /etc/php/apache2-php7.3/php.ini not found
2026-08-17 14:01:32 Test: checking presence /etc/php/apache2-php7.4/php.ini
2026-08-17 14:01:32 Result: file /etc/php/apache2-php7.4/php.ini not found
2026-08-17 14:01:32 Test: checking presence /etc/php/cgi-php5.5/php.ini
2026-08-17 14:01:32 Result: file /etc/php/cgi-php5.5/php.ini not found
2026-08-17 14:01:32 Test: checking presence /etc/php/cgi-php5.6/php.ini
2026-08-17 14:01:32 Result: file /etc/php/cgi-php5.6/php.ini not found
2026-08-17 14:01:32 Test: checking presence /etc/php/cgi-php7.0/php.ini
2026-08-17 14:01:32 Result: file /etc/php/cgi-php7.0/php.ini not found
2026-08-17 14:01:32 Test: checking presence /etc/php/cgi-php7.1/php.ini
2026-08-17 14:01:32 Result: file /etc/php/cgi-php7.1/php.ini not found
2026-08-17 14:01:32 Test: checking presence /etc/php/cgi-php7.2/php.ini
2026-08-17 14:01:32 Result: file /etc/php/cgi-php7.2/php.ini not found
2026-08-17 14:01:32 Test: checking presence /etc/php/cgi-php7.3/php.ini
2026-08-17 14:01:32 Result: file /etc/php/cgi-php7.3/php.ini not found
2026-08-17 14:01:32 Test: checking presence /etc/php/cgi-php7.4/php.ini
2026-08-17 14:01:32 Result: file /etc/php/cgi-php7.4/php.ini not found
2026-08-17 14:01:32 Test: checking presence /etc/php/cli-php5.5/php.ini
2026-08-17 14:01:32 Result: file /etc/php/cli-php5.5/php.ini not found
2026-08-17 14:01:32 Test: checking presence /etc/php/cli-php5.6/php.ini
2026-08-17 14:01:32 Result: file /etc/php/cli-php5.6/php.ini not found
2026-08-17 14:01:32 Test: checking presence /etc/php/cli-php7.0/php.ini
2026-08-17 14:01:32 Result: file /etc/php/cli-php7.0/php.ini not found
2026-08-17 14:01:32 Test: checking presence /etc/php/cli-php7.1/php.ini
2026-08-17 14:01:32 Result: file /etc/php/cli-php7.1/php.ini not found
2026-08-17 14:01:32 Test: checking presence /etc/php/cli-php7.2/php.ini
2026-08-17 14:01:32 Result: file /etc/php/cli-php7.2/php.ini not found
2026-08-17 14:01:32 Test: checking presence /etc/php/cli-php7.3/php.ini
2026-08-17 14:01:32 Result: file /etc/php/cli-php7.3/php.ini not found
2026-08-17 14:01:32 Test: checking presence /etc/php/cli-php7.4/php.ini
2026-08-17 14:01:32 Result: file /etc/php/cli-php7.4/php.ini not found
2026-08-17 14:01:32 Test: checking presence /etc/php/embed-php5.5/php.ini
2026-08-17 14:01:32 Result: file /etc/php/embed-php5.5/php.ini not found
2026-08-17 14:01:32 Test: checking presence /etc/php/embed-php5.6/php.ini
2026-08-17 14:01:32 Result: file /etc/php/embed-php5.6/php.ini not found
2026-08-17 14:01:32 Test: checking presence /etc/php/embed-php7.0/php.ini
2026-08-17 14:01:32 Result: file /etc/php/embed-php7.0/php.ini not found
2026-08-17 14:01:32 Test: checking presence /etc/php/embed-php7.1/php.ini
2026-08-17 14:01:32 Result: file /etc/php/embed-php7.1/php.ini not found
2026-08-17 14:01:32 Test: checking presence /etc/php/embed-php7.2/php.ini
2026-08-17 14:01:32 Result: file /etc/php/embed-php7.2/php.ini not found
2026-08-17 14:01:32 Test: checking presence /etc/php/embed-php7.3/php.ini
2026-08-17 14:01:32 Result: file /etc/php/embed-php7.3/php.ini not found
2026-08-17 14:01:32 Test: checking presence /etc/php/embed-php7.4/php.ini
2026-08-17 14:01:32 Result: file /etc/php/embed-php7.4/php.ini not found
2026-08-17 14:01:32 Test: checking presence /etc/php/fpm-php7.4/php.ini
2026-08-17 14:01:32 Result: file /etc/php/fpm-php7.4/php.ini not found
2026-08-17 14:01:32 Test: checking presence /etc/php/fpm-php7.3/php.ini
2026-08-17 14:01:32 Result: file /etc/php/fpm-php7.3/php.ini not found
2026-08-17 14:01:32 Test: checking presence /etc/php/fpm-php7.2/php.ini
2026-08-17 14:01:32 Result: file /etc/php/fpm-php7.2/php.ini not found
2026-08-17 14:01:32 Test: checking presence /etc/php/fpm-php7.1/php.ini
2026-08-17 14:01:32 Result: file /etc/php/fpm-php7.1/php.ini not found
2026-08-17 14:01:32 Test: checking presence /etc/php/fpm-php7.0/php.ini
2026-08-17 14:01:32 Result: file /etc/php/fpm-php7.0/php.ini not found
2026-08-17 14:01:32 Test: checking presence /etc/php/fpm-php5.5/php.ini
2026-08-17 14:01:32 Result: file /etc/php/fpm-php5.5/php.ini not found
2026-08-17 14:01:32 Test: checking presence /etc/php/fpm-php5.6/php.ini
2026-08-17 14:01:32 Result: file /etc/php/fpm-php5.6/php.ini not found
2026-08-17 14:01:32 Test: checking presence /etc/php5/cgi/php.ini
2026-08-17 14:01:32 Result: file /etc/php5/cgi/php.ini not found
2026-08-17 14:01:32 Test: checking presence /etc/php5/cli/php.ini
2026-08-17 14:01:32 Result: file /etc/php5/cli/php.ini not found
2026-08-17 14:01:32 Test: checking presence /etc/php5/cli-php5.4/php.ini
2026-08-17 14:01:32 Result: file /etc/php5/cli-php5.4/php.ini not found
2026-08-17 14:01:32 Test: checking presence /etc/php5/cli-php5.5/php.ini
2026-08-17 14:01:32 Result: file /etc/php5/cli-php5.5/php.ini not found
2026-08-17 14:01:32 Test: checking presence /etc/php5/cli-php5.6/php.ini
2026-08-17 14:01:32 Result: file /etc/php5/cli-php5.6/php.ini not found
2026-08-17 14:01:32 Test: checking presence /etc/php5/apache2/php.ini
2026-08-17 14:01:32 Result: file /etc/php5/apache2/php.ini not found
2026-08-17 14:01:32 Test: checking presence /etc/php5/fpm/php.ini
2026-08-17 14:01:32 Result: file /etc/php5/fpm/php.ini not found
2026-08-17 14:01:32 Test: checking presence /private/etc/php.ini
2026-08-17 14:01:32 Result: file /private/etc/php.ini not found
2026-08-17 14:01:32 Test: checking presence /etc/php/7.0/apache2/php.ini
2026-08-17 14:01:32 Result: file /etc/php/7.0/apache2/php.ini not found
2026-08-17 14:01:32 Test: checking presence /etc/php/7.1/apache2/php.ini
2026-08-17 14:01:32 Result: file /etc/php/7.1/apache2/php.ini not found
2026-08-17 14:01:32 Test: checking presence /etc/php/7.2/apache2/php.ini
2026-08-17 14:01:32 Result: file /etc/php/7.2/apache2/php.ini not found
2026-08-17 14:01:32 Test: checking presence /etc/php/7.3/apache2/php.ini
2026-08-17 14:01:32 Result: file /etc/php/7.3/apache2/php.ini not found
2026-08-17 14:01:32 Test: checking presence /etc/php/7.4/apache2/php.ini
2026-08-17 14:01:32 Result: file /etc/php/7.4/apache2/php.ini not found
2026-08-17 14:01:32 Test: checking presence /etc/php/7.0/cli/php.ini
2026-08-17 14:01:32 Result: file /etc/php/7.0/cli/php.ini not found
2026-08-17 14:01:32 Test: checking presence /etc/php/7.0/fpm/php.ini
2026-08-17 14:01:32 Result: file /etc/php/7.0/fpm/php.ini not found
2026-08-17 14:01:32 Test: checking presence /etc/php/7.1/cli/php.ini
2026-08-17 14:01:32 Result: file /etc/php/7.1/cli/php.ini not found
2026-08-17 14:01:32 Test: checking presence /etc/php/7.1/fpm/php.ini
2026-08-17 14:01:32 Result: file /etc/php/7.1/fpm/php.ini not found
2026-08-17 14:01:32 Test: checking presence /etc/php/7.2/cli/php.ini
2026-08-17 14:01:32 Result: file /etc/php/7.2/cli/php.ini not found
2026-08-17 14:01:32 Test: checking presence /etc/php/7.2/fpm/php.ini
2026-08-17 14:01:32 Result: file /etc/php/7.2/fpm/php.ini not found
2026-08-17 14:01:32 Test: checking presence /etc/php/7.3/cli/php.ini
2026-08-17 14:01:32 Result: file /etc/php/7.3/cli/php.ini not found
2026-08-17 14:01:32 Test: checking presence /etc/php/7.3/fpm/php.ini
2026-08-17 14:01:32 Result: file /etc/php/7.3/fpm/php.ini not found
2026-08-17 14:01:32 Test: checking presence /etc/php/7.4/cli/php.ini
2026-08-17 14:01:32 Result: file /etc/php/7.4/cli/php.ini not found
2026-08-17 14:01:32 Test: checking presence /etc/php/7.4/fpm/php.ini
2026-08-17 14:01:32 Result: file /etc/php/7.4/fpm/php.ini not found
2026-08-17 14:01:32 Test: checking presence /var/www/conf/php.ini
2026-08-17 14:01:32 Result: file /var/www/conf/php.ini not found
2026-08-17 14:01:32 Test: checking presence /usr/local/etc/php.ini
2026-08-17 14:01:32 Result: file /usr/local/etc/php.ini not found
2026-08-17 14:01:32 Test: checking presence /usr/local/lib/php.ini
2026-08-17 14:01:32 Result: file /usr/local/lib/php.ini not found
2026-08-17 14:01:32 Test: checking presence /usr/local/etc/php5/cgi/php.ini
2026-08-17 14:01:32 Result: file /usr/local/etc/php5/cgi/php.ini not found
2026-08-17 14:01:32 Test: checking presence /usr/local/php54/lib/php.ini
2026-08-17 14:01:32 Result: file /usr/local/php54/lib/php.ini not found
2026-08-17 14:01:32 Test: checking presence /usr/local/php56/lib/php.ini
2026-08-17 14:01:32 Result: file /usr/local/php56/lib/php.ini not found
2026-08-17 14:01:32 Test: checking presence /usr/local/php70/lib/php.ini
2026-08-17 14:01:32 Result: file /usr/local/php70/lib/php.ini not found
2026-08-17 14:01:32 Test: checking presence /usr/local/php71/lib/php.ini
2026-08-17 14:01:32 Result: file /usr/local/php71/lib/php.ini not found
2026-08-17 14:01:32 Test: checking presence /usr/local/php72/lib/php.ini
2026-08-17 14:01:32 Result: file /usr/local/php72/lib/php.ini not found
2026-08-17 14:01:32 Test: checking presence /usr/local/php73/lib/php.ini
2026-08-17 14:01:32 Result: file /usr/local/php73/lib/php.ini not found
2026-08-17 14:01:32 Test: checking presence /usr/local/php74/lib/php.ini
2026-08-17 14:01:32 Result: file /usr/local/php74/lib/php.ini not found
2026-08-17 14:01:32 Test: checking presence /usr/local/zend/etc/php.ini
2026-08-17 14:01:32 Result: file /usr/local/zend/etc/php.ini not found
2026-08-17 14:01:32 Test: checking presence /usr/pkg/etc/php.ini
2026-08-17 14:01:32 Result: file /usr/pkg/etc/php.ini not found
2026-08-17 14:01:32 Test: checking presence /opt/cpanel/ea-php54/root/etc/php.ini
2026-08-17 14:01:32 Result: file /opt/cpanel/ea-php54/root/etc/php.ini not found
2026-08-17 14:01:32 Test: checking presence /opt/cpanel/ea-php55/root/etc/php.ini
2026-08-17 14:01:32 Result: file /opt/cpanel/ea-php55/root/etc/php.ini not found
2026-08-17 14:01:32 Test: checking presence /opt/cpanel/ea-php56/root/etc/php.ini
2026-08-17 14:01:32 Result: file /opt/cpanel/ea-php56/root/etc/php.ini not found
2026-08-17 14:01:32 Test: checking presence /opt/cpanel/ea-php70/root/etc/php.ini
2026-08-17 14:01:32 Result: file /opt/cpanel/ea-php70/root/etc/php.ini not found
2026-08-17 14:01:32 Test: checking presence /opt/cpanel/ea-php71/root/etc/php.ini
2026-08-17 14:01:32 Result: file /opt/cpanel/ea-php71/root/etc/php.ini not found
2026-08-17 14:01:32 Test: checking presence /opt/cpanel/ea-php72/root/etc/php.ini
2026-08-17 14:01:32 Result: file /opt/cpanel/ea-php72/root/etc/php.ini not found
2026-08-17 14:01:32 Test: checking presence /opt/cpanel/ea-php73/root/etc/php.ini
2026-08-17 14:01:32 Result: file /opt/cpanel/ea-php73/root/etc/php.ini not found
2026-08-17 14:01:32 Test: checking presence /opt/cpanel/ea-php74/root/etc/php.ini
2026-08-17 14:01:32 Result: file /opt/cpanel/ea-php74/root/etc/php.ini not found
2026-08-17 14:01:32 Test: checking presence /opt/alt/php44/etc/php.ini
2026-08-17 14:01:32 Result: file /opt/alt/php44/etc/php.ini not found
2026-08-17 14:01:32 Test: checking presence /opt/alt/php51/etc/php.ini
2026-08-17 14:01:32 Result: file /opt/alt/php51/etc/php.ini not found
2026-08-17 14:01:32 Test: checking presence /opt/alt/php52/etc/php.ini
2026-08-17 14:01:32 Result: file /opt/alt/php52/etc/php.ini not found
2026-08-17 14:01:32 Test: checking presence /opt/alt/php53/etc/php.ini
2026-08-17 14:01:32 Result: file /opt/alt/php53/etc/php.ini not found
2026-08-17 14:01:32 Test: checking presence /opt/alt/php54/etc/php.ini
2026-08-17 14:01:32 Result: file /opt/alt/php54/etc/php.ini not found
2026-08-17 14:01:32 Test: checking presence /opt/alt/php55/etc/php.ini
2026-08-17 14:01:32 Result: file /opt/alt/php55/etc/php.ini not found
2026-08-17 14:01:32 Test: checking presence /opt/alt/php56/etc/php.ini
2026-08-17 14:01:32 Result: file /opt/alt/php56/etc/php.ini not found
2026-08-17 14:01:32 Test: checking presence /opt/alt/php70/etc/php.ini
2026-08-17 14:01:32 Result: file /opt/alt/php70/etc/php.ini not found
2026-08-17 14:01:32 Test: checking presence /opt/alt/php71/etc/php.ini
2026-08-17 14:01:32 Result: file /opt/alt/php71/etc/php.ini not found
2026-08-17 14:01:32 Test: checking presence /opt/alt/php72/etc/php.ini
2026-08-17 14:01:32 Result: file /opt/alt/php72/etc/php.ini not found
2026-08-17 14:01:32 Test: checking presence /opt/alt/php73/etc/php.ini
2026-08-17 14:01:32 Result: file /opt/alt/php73/etc/php.ini not found
2026-08-17 14:01:32 Test: checking presence /opt/alt/php74/etc/php.ini
2026-08-17 14:01:32 Result: file /opt/alt/php74/etc/php.ini not found
2026-08-17 14:01:32 Test: checking presence /etc/opt/remi/php56/php.ini
2026-08-17 14:01:32 Result: file /etc/opt/remi/php56/php.ini not found
2026-08-17 14:01:32 Test: checking presence /etc/opt/remi/php70/php.ini
2026-08-17 14:01:32 Result: file /etc/opt/remi/php70/php.ini not found
2026-08-17 14:01:32 Test: checking presence /etc/opt/remi/php71/php.ini
2026-08-17 14:01:32 Result: file /etc/opt/remi/php71/php.ini not found
2026-08-17 14:01:32 Test: checking presence /etc/opt/remi/php72/php.ini
2026-08-17 14:01:32 Result: file /etc/opt/remi/php72/php.ini not found
2026-08-17 14:01:32 Test: checking presence /etc/opt/remi/php73/php.ini
2026-08-17 14:01:32 Result: file /etc/opt/remi/php73/php.ini not found
2026-08-17 14:01:32 Test: checking presence /etc/opt/remi/php74/php.ini
2026-08-17 14:01:32 Result: file /etc/opt/remi/php74/php.ini not found
2026-08-17 14:01:32 Test: checking presence /etc/php-5.6.ini
2026-08-17 14:01:32 Result: file /etc/php-5.6.ini not found
2026-08-17 14:01:32 Test: checking presence /etc/php-7.0.ini
2026-08-17 14:01:32 Result: file /etc/php-7.0.ini not found
2026-08-17 14:01:32 Test: checking presence /etc/php-7.1.ini
2026-08-17 14:01:32 Result: file /etc/php-7.1.ini not found
2026-08-17 14:01:32 Test: checking presence /etc/php-7.2.ini
2026-08-17 14:01:32 Result: file /etc/php-7.2.ini not found
2026-08-17 14:01:32 Test: checking presence /etc/php-7.3.ini
2026-08-17 14:01:32 Result: file /etc/php-7.3.ini not found
2026-08-17 14:01:32 Test: checking presence /etc/php-7.4.ini
2026-08-17 14:01:32 Result: file /etc/php-7.4.ini not found
2026-08-17 14:01:32 Result: no files found for /etc/php5/conf.d
2026-08-17 14:01:32 Result: no files found for /etc/php/7.0/cli/conf.d
2026-08-17 14:01:32 Result: no files found for /etc/php/7.1/cli/conf.d
2026-08-17 14:01:32 Result: no files found for /etc/php/7.2/cli/conf.d
2026-08-17 14:01:32 Result: no files found for /etc/php/7.3/cli/conf.d
2026-08-17 14:01:32 Result: no files found for /etc/php/7.4/cli/conf.d
2026-08-17 14:01:32 Result: no files found for /etc/php/7.0/fpm/conf.d
2026-08-17 14:01:32 Result: no files found for /etc/php/7.1/fpm/conf.d
2026-08-17 14:01:32 Result: no files found for /etc/php/7.2/fpm/conf.d
2026-08-17 14:01:32 Result: no files found for /etc/php/7.3/fpm/conf.d
2026-08-17 14:01:32 Result: no files found for /etc/php/7.4/fpm/conf.d
2026-08-17 14:01:32 Result: no files found for /etc/php.d
2026-08-17 14:01:32 Result: no files found for /opt/cpanel/ea-php54/root/etc/php.d
2026-08-17 14:01:32 Result: no files found for /opt/cpanel/ea-php55/root/etc/php.d
2026-08-17 14:01:32 Result: no files found for /opt/cpanel/ea-php56/root/etc/php.d
2026-08-17 14:01:32 Result: no files found for /opt/cpanel/ea-php70/root/etc/php.d
2026-08-17 14:01:32 Result: no files found for /opt/cpanel/ea-php71/root/etc/php.d
2026-08-17 14:01:32 Result: no files found for /opt/cpanel/ea-php72/root/etc/php.d
2026-08-17 14:01:32 Result: no files found for /opt/cpanel/ea-php73/root/etc/php.d
2026-08-17 14:01:32 Result: no files found for /opt/cpanel/ea-php74/root/etc/php.d
2026-08-17 14:01:32 Result: no files found for /opt/alt/php44/etc/php.d.all
2026-08-17 14:01:32 Result: no files found for /opt/alt/php51/etc/php.d.all
2026-08-17 14:01:32 Result: no files found for /opt/alt/php52/etc/php.d.all
2026-08-17 14:01:32 Result: no files found for /opt/alt/php53/etc/php.d.all
2026-08-17 14:01:32 Result: no files found for /opt/alt/php54/etc/php.d.all
2026-08-17 14:01:32 Result: no files found for /opt/alt/php55/etc/php.d.all
2026-08-17 14:01:32 Result: no files found for /opt/alt/php56/etc/php.d.all
2026-08-17 14:01:32 Result: no files found for /opt/alt/php70/etc/php.d.all
2026-08-17 14:01:32 Result: no files found for /opt/alt/php71/etc/php.d.all
2026-08-17 14:01:32 Result: no files found for /opt/alt/php72/etc/php.d.all
2026-08-17 14:01:32 Result: no files found for /opt/alt/php73/etc/php.d.all
2026-08-17 14:01:32 Result: no files found for /opt/alt/php74/etc/php.d.all
2026-08-17 14:01:32 Result: no files found for /usr/local/lib/php.conf.d
2026-08-17 14:01:32 Result: no files found for /usr/local/php70/lib/php.conf.d
2026-08-17 14:01:32 Result: no files found for /usr/local/php71/lib/php.conf.d
2026-08-17 14:01:32 Result: no files found for /usr/local/php72/lib/php.conf.d
2026-08-17 14:01:32 Result: no files found for /usr/local/php73/lib/php.conf.d
2026-08-17 14:01:32 Result: no files found for /usr/local/php74/lib/php.conf.d
2026-08-17 14:01:32 Result: no files found for /etc/php-5.6
2026-08-17 14:01:32 Result: no files found for /etc/php-7.0
2026-08-17 14:01:32 Result: no files found for /etc/php-7.1
2026-08-17 14:01:32 Result: no files found for /etc/php-7.2
2026-08-17 14:01:32 Result: no files found for /etc/php-7.3
2026-08-17 14:01:32 Result: no files found for /etc/php-7.4
2026-08-17 14:01:32 Result: no php.ini file found
2026-08-17 14:01:32 ====
2026-08-17 14:01:32 Skipped test PHP-2320 (Check PHP disabled functions)
2026-08-17 14:01:32 Reason to skip: Prerequisites not met (ie missing tool, other type of Linux distribution)
2026-08-17 14:01:32 ====
2026-08-17 14:01:32 Skipped test PHP-2368 (Check PHP register_globals option)
2026-08-17 14:01:32 Reason to skip: Prerequisites not met (ie missing tool, other type of Linux distribution)
2026-08-17 14:01:32 ====
2026-08-17 14:01:32 Skipped test PHP-2372 (Check PHP expose_php option)
2026-08-17 14:01:32 Reason to skip: Prerequisites not met (ie missing tool, other type of Linux distribution)
2026-08-17 14:01:32 ====
2026-08-17 14:01:32 Skipped test PHP-2374 (Check PHP enable_dl option)
2026-08-17 14:01:32 Reason to skip: Prerequisites not met (ie missing tool, other type of Linux distribution)
2026-08-17 14:01:32 ====
2026-08-17 14:01:32 Skipped test PHP-2376 (Check PHP allow_url_fopen option)
2026-08-17 14:01:32 Reason to skip: Prerequisites not met (ie missing tool, other type of Linux distribution)
2026-08-17 14:01:32 ====
2026-08-17 14:01:32 Skipped test PHP-2378 (Check PHP allow_url_include option)
2026-08-17 14:01:32 Reason to skip: Prerequisites not met (ie missing tool, other type of Linux distribution)
2026-08-17 14:01:32 ====
2026-08-17 14:01:32 Skipped test PHP-2382 (Check PHP expose_php option)
2026-08-17 14:01:32 Reason to skip: Prerequisites not met (ie missing tool, other type of Linux distribution)
2026-08-17 14:01:32 Security check: file is normal
2026-08-17 14:01:32 Checking permissions of /usr/share/lynis/include/tests_squid
2026-08-17 14:01:32 File permissions are OK
2026-08-17 14:01:32 ====
2026-08-17 14:01:32 Action: Performing tests from category: Squid Support
2026-08-17 14:01:32 ====
2026-08-17 14:01:32 Performing test ID SQD-3602 (Check for running Squid daemon)
2026-08-17 14:01:32 Test: Searching for a Squid daemon
2026-08-17 14:01:32 Result: No running Squid daemon found
2026-08-17 14:01:32 ====
2026-08-17 14:01:32 Skipped test SQD-3604 (Check Squid daemon file location)
2026-08-17 14:01:32 Reason to skip: Prerequisites not met (ie missing tool, other type of Linux distribution)
2026-08-17 14:01:32 ====
2026-08-17 14:01:32 Skipped test SQD-3606 (Check Squid version)
2026-08-17 14:01:32 Reason to skip: Prerequisites not met (ie missing tool, other type of Linux distribution)
2026-08-17 14:01:32 ====
2026-08-17 14:01:32 Skipped test SQD-3610 (Gather Squid settings)
2026-08-17 14:01:32 Reason to skip: Prerequisites not met (ie missing tool, other type of Linux distribution)
2026-08-17 14:01:32 ====
2026-08-17 14:01:32 Skipped test SQD-3613 (Check Squid file permissions)
2026-08-17 14:01:32 Reason to skip: Prerequisites not met (ie missing tool, other type of Linux distribution)
2026-08-17 14:01:32 ====
2026-08-17 14:01:32 Skipped test SQD-3614 (Check Squid authentication methods)
2026-08-17 14:01:32 Reason to skip: Prerequisites not met (ie missing tool, other type of Linux distribution)
2026-08-17 14:01:32 ====
2026-08-17 14:01:32 Skipped test SQD-3616 (Check external Squid authentication)
2026-08-17 14:01:32 Reason to skip: Prerequisites not met (ie missing tool, other type of Linux distribution)
2026-08-17 14:01:32 ====
2026-08-17 14:01:32 Skipped test SQD-3620 (Check Squid access control lists)
2026-08-17 14:01:32 Reason to skip: Prerequisites not met (ie missing tool, other type of Linux distribution)
2026-08-17 14:01:32 ====
2026-08-17 14:01:32 Skipped test SQD-3624 (Check Squid safe ports)
2026-08-17 14:01:32 Reason to skip: Prerequisites not met (ie missing tool, other type of Linux distribution)
2026-08-17 14:01:32 ====
2026-08-17 14:01:32 Skipped test SQD-3630 (Check Squid reply_body_max_size option)
2026-08-17 14:01:32 Reason to skip: Prerequisites not met (ie missing tool, other type of Linux distribution)
2026-08-17 14:01:32 ====
2026-08-17 14:01:32 Skipped test SQD-3680 (Check Squid version suppression)
2026-08-17 14:01:32 Reason to skip: Prerequisites not met (ie missing tool, other type of Linux distribution)
2026-08-17 14:01:32 Security check: file is normal
2026-08-17 14:01:32 Checking permissions of /usr/share/lynis/include/tests_logging
2026-08-17 14:01:32 File permissions are OK
2026-08-17 14:01:32 ====
2026-08-17 14:01:32 Action: Performing tests from category: Logging and files
2026-08-17 14:01:32 ====
2026-08-17 14:01:32 Performing test ID LOGG-2130 (Check for running syslog daemon)
2026-08-17 14:01:32 Test: Searching for a logging daemon
2026-08-17 14:01:32 Result: Could not find a syslog daemon like syslog, syslog-ng, rsyslog, metalog, systemd-journal
2026-08-17 14:01:32 Suggestion: Check if any syslog daemon is running and correctly configured. [test:LOGG-2130] [details:-] [solution:-]
2026-08-17 14:01:32 Hardening: assigned partial number of hardening points (0 of 3). Currently having 80 points (out of 133)
2026-08-17 14:01:32 ====
2026-08-17 14:01:32 Performing test ID LOGG-2132 (Check for running syslog-ng daemon)
2026-08-17 14:01:32 Test: Searching for syslog-ng daemon in process list
2026-08-17 14:01:32 Performing ps scan using partial match and without uid
2026-08-17 14:01:32 IsRunning: process 'syslog-ng' not found
2026-08-17 14:01:32 Result: Syslog-ng NOT found in process list
2026-08-17 14:01:32 ====
2026-08-17 14:01:32 Skipped test LOGG-2134 (Checking Syslog-NG configuration file consistency)
2026-08-17 14:01:32 Reason to skip: Prerequisites not met (ie missing tool, other type of Linux distribution)
2026-08-17 14:01:32 ====
2026-08-17 14:01:32 Performing test ID LOGG-2136 (Check for running systemd journal daemon)
2026-08-17 14:01:32 Test: Searching for systemd journal daemon in process list
2026-08-17 14:01:32 Performing ps scan using partial match and without uid
2026-08-17 14:01:32 IsRunning: process 'systemd-journal' not found
2026-08-17 14:01:32 ====
2026-08-17 14:01:32 Performing test ID LOGG-2210 (Check for running metalog daemon)
2026-08-17 14:01:32 Test: Searching for metalog daemon in process list
2026-08-17 14:01:32 Performing ps scan using partial match and without uid
2026-08-17 14:01:32 IsRunning: process 'metalog' not found
2026-08-17 14:01:32 Result: metalog NOT found in process list
2026-08-17 14:01:32 ====
2026-08-17 14:01:32 Performing test ID LOGG-2230 (Check for running RSyslog daemon)
2026-08-17 14:01:32 Test: Searching for RSyslog daemon in process list
2026-08-17 14:01:32 Performing ps scan using partial match and without uid
2026-08-17 14:01:32 IsRunning: process 'rsyslogd' not found
2026-08-17 14:01:32 Result: rsyslogd NOT found in process list
2026-08-17 14:01:32 ====
2026-08-17 14:01:32 Performing test ID LOGG-2240 (Check for running RFC 3195 compliant daemon)
2026-08-17 14:01:32 Test: Searching for RFC 3195 daemon (alias syslog reliable) in process list
2026-08-17 14:01:32 Performing ps scan using partial match and without uid
2026-08-17 14:01:32 IsRunning: process 'rfc3195d' not found
2026-08-17 14:01:32 Result: rfc3195d NOT found in process list
2026-08-17 14:01:32 ====
2026-08-17 14:01:32 Performing test ID LOGG-2138 (Checking kernel logger daemon on Linux)
2026-08-17 14:01:32 Test: Searching kernel logger daemon (klogd)
2026-08-17 14:01:32 Performing ps scan using partial match and without uid
2026-08-17 14:01:32 IsRunning: process 'klogd' not found
2026-08-17 14:01:32 Result: No klogd found
2026-08-17 14:01:32 Warning: klogd is not running, which could lead to missing kernel messages in log files [test:LOGG-2138] [details:-] [solution:-]
2026-08-17 14:01:32 ====
2026-08-17 14:01:32 Performing test ID LOGG-2142 (Checking minilog daemon)
2026-08-17 14:01:32 Result: Checking for unkilled minilogd instances
2026-08-17 14:01:32 Performing ps scan using partial match and without uid
2026-08-17 14:01:32 IsRunning: process 'minilogd' not found
2026-08-17 14:01:32 Result: No minilogd is running
2026-08-17 14:01:32 ====
2026-08-17 14:01:32 Performing test ID LOGG-2146 (Checking logrotate.conf and logrotate.d)
2026-08-17 14:01:32 Test: Checking for /etc/logrotate.conf
2026-08-17 14:01:32 Result: /etc/logrotate.conf NOT found
2026-08-17 14:01:32 Test: Checking for /etc/logrotate.d (directory)
2026-08-17 14:01:32 Result: /etc/logrotate.d found
2026-08-17 14:01:32 Result: logrotate configuration found
2026-08-17 14:01:32 ====
2026-08-17 14:01:32 Skipped test LOGG-2148 (Checking logrotated files)
2026-08-17 14:01:32 Reason to skip: Prerequisites not met (ie missing tool, other type of Linux distribution)
2026-08-17 14:01:32 ====
2026-08-17 14:01:32 Skipped test LOGG-2150 (Checking directories in logrotate configuration)
2026-08-17 14:01:32 Reason to skip: Prerequisites not met (ie missing tool, other type of Linux distribution)
2026-08-17 14:01:32 ====
2026-08-17 14:01:32 Skipped test LOGG-2152 (Checking loghost)
2026-08-17 14:01:32 Reason to skip: Incorrect guest OS (Solaris only)
2026-08-17 14:01:32 ====
2026-08-17 14:01:32 Skipped test LOGG-2153 (Checking loghost is localhost)
2026-08-17 14:01:32 Reason to skip: Prerequisites not met (ie missing tool, other type of Linux distribution)
2026-08-17 14:01:32 ====
2026-08-17 14:01:32 Skipped test LOGG-2154 (Checking syslog configuration file)
2026-08-17 14:01:32 Reason to skip: Prerequisites not met (ie missing tool, other type of Linux distribution)
2026-08-17 14:01:32 ====
2026-08-17 14:01:32 Skipped test LOGG-2160 (Checking /etc/newsyslog.conf)
2026-08-17 14:01:32 Reason to skip: Prerequisites not met (ie missing tool, other type of Linux distribution)
2026-08-17 14:01:32 ====
2026-08-17 14:01:32 Skipped test LOGG-2162 (Checking directories in /etc/newsyslog.conf)
2026-08-17 14:01:32 Reason to skip: Prerequisites not met (ie missing tool, other type of Linux distribution)
2026-08-17 14:01:32 ====
2026-08-17 14:01:32 Skipped test LOGG-2164 (Checking files specified /etc/newsyslog.conf)
2026-08-17 14:01:32 Reason to skip: Prerequisites not met (ie missing tool, other type of Linux distribution)
2026-08-17 14:01:32 ====
2026-08-17 14:01:32 Performing test ID LOGG-2170 (Checking log paths)
2026-08-17 14:01:32 Test: Searching log paths
2026-08-17 14:01:32 Result: directory /var/log exists
2026-08-17 14:01:32 Result: directory /var/adm can't be found
2026-08-17 14:01:32 ====
2026-08-17 14:01:32 Performing test ID LOGG-2180 (Checking open log files)
2026-08-17 14:01:32 Test: checking open log files with lsof
2026-08-17 14:01:32 Result: lsof not installed, skipping test
2026-08-17 14:01:32 ====
2026-08-17 14:01:33 Skipped test LOGG-2190 (Checking for deleted files in use)
2026-08-17 14:01:33 Reason to skip: Prerequisites not met (ie missing tool, other type of Linux distribution)
2026-08-17 14:01:33 ====
2026-08-17 14:01:33 Skipped test LOGG-2192 (Checking for open log files that are empty)
2026-08-17 14:01:33 Reason to skip: Prerequisites not met (ie missing tool, other type of Linux distribution)
2026-08-17 14:01:33 Security check: file is normal
2026-08-17 14:01:33 Checking permissions of /usr/share/lynis/include/tests_insecure_services
2026-08-17 14:01:33 File permissions are OK
2026-08-17 14:01:33 ====
2026-08-17 14:01:33 Action: Performing tests from category: Insecure services
2026-08-17 14:01:33 ====
2026-08-17 14:01:33 Performing test ID INSE-8000 (Installed inetd package)
2026-08-17 14:01:33 Test: Checking if inetd is installed
2026-08-17 14:01:33 Result: inetd is NOT installed
2026-08-17 14:01:33 ====
2026-08-17 14:01:33 Skipped test INSE-8002 (Check for enabled inet daemon)
2026-08-17 14:01:33 Reason to skip: Prerequisites not met (ie missing tool, other type of Linux distribution)
2026-08-17 14:01:33 ====
2026-08-17 14:01:33 Skipped test INSE-8004 (Presence of inetd configuration file)
2026-08-17 14:01:33 Reason to skip: Prerequisites not met (ie missing tool, other type of Linux distribution)
2026-08-17 14:01:33 ====
2026-08-17 14:01:33 Skipped test INSE-8006 (Check configuration of inetd when disabled)
2026-08-17 14:01:33 Reason to skip: Prerequisites not met (ie missing tool, other type of Linux distribution)
2026-08-17 14:01:33 ====
2026-08-17 14:01:33 Skipped test INSE-8016 (Check for telnet via inetd)
2026-08-17 14:01:33 Reason to skip: Prerequisites not met (ie missing tool, other type of Linux distribution)
2026-08-17 14:01:33 ====
2026-08-17 14:01:33 Performing test ID INSE-8100 (Check for installed xinetd daemon)
2026-08-17 14:01:33 Test: Checking for installed xinetd daemon
2026-08-17 14:01:33 Result: xinetd is NOT installed
2026-08-17 14:01:33 ====
2026-08-17 14:01:33 Performing test ID INSE-8102 (Check for active xinet daemon)
2026-08-17 14:01:33 Test: Searching for active extended internet services daemon (xinetd)
2026-08-17 14:01:33 Performing ps scan using partial match and without uid
2026-08-17 14:01:33 IsRunning: process 'xinetd' not found
2026-08-17 14:01:33 Result: xinetd is NOT running
2026-08-17 14:01:33 ====
2026-08-17 14:01:33 Skipped test INSE-8104 (Check for enabled xinet daemon)
2026-08-17 14:01:33 Reason to skip: Prerequisites not met (ie missing tool, other type of Linux distribution)
2026-08-17 14:01:33 ====
2026-08-17 14:01:33 Skipped test INSE-8106 (Check configuration of xinetd when disabled)
2026-08-17 14:01:33 Reason to skip: Prerequisites not met (ie missing tool, other type of Linux distribution)
2026-08-17 14:01:33 ====
2026-08-17 14:01:33 Skipped test INSE-8116 (Insecure services enabled via xinetd)
2026-08-17 14:01:33 Reason to skip: Prerequisites not met (ie missing tool, other type of Linux distribution)
2026-08-17 14:01:33 ====
2026-08-17 14:01:33 Skipped test INSE-8200 (Check if tcp_wrappers is installed when inetd/xinetd is active)
2026-08-17 14:01:33 Reason to skip: Prerequisites not met (ie missing tool, other type of Linux distribution)
2026-08-17 14:01:33 ====
2026-08-17 14:01:33 Performing test ID INSE-8300 (Check if rsh client is installed)
2026-08-17 14:01:33 Test: Checking if rsh client is installed
2026-08-17 14:01:33 Result: rsh client is NOT installed
2026-08-17 14:01:33 ====
2026-08-17 14:01:33 Performing test ID INSE-8304 (Check if rsh server is installed)
2026-08-17 14:01:33 Test: Checking if rsh server is installed
2026-08-17 14:01:33 Result: rsh server is NOT installed
2026-08-17 14:01:33 ====
2026-08-17 14:01:33 Performing test ID INSE-8310 (Check if telnet client is installed)
2026-08-17 14:01:33 Test: Checking if telnet client is installed
2026-08-17 14:01:33 Result: telnet client is NOT installed
2026-08-17 14:01:33 ====
2026-08-17 14:01:33 Performing test ID INSE-8322 (Check if telnet server is installed)
2026-08-17 14:01:33 Test: Checking if telnet server is installed
2026-08-17 14:01:33 Result: telnet server is NOT installed
2026-08-17 14:01:33 ====
2026-08-17 14:01:33 Performing test ID INSE-8314 (Check if NIS client is installed)
2026-08-17 14:01:33 Test: Checking if NIS client is installed
2026-08-17 14:01:33 Result: NIS client is NOT installed
2026-08-17 14:01:33 ====
2026-08-17 14:01:33 Performing test ID INSE-8316 (Check if NIS server is installed)
2026-08-17 14:01:33 Test: Checking if NIS server is installed
2026-08-17 14:01:33 Result: NIS server is NOT installed
2026-08-17 14:01:33 ====
2026-08-17 14:01:33 Performing test ID INSE-8318 (Check if TFTP client is installed)
2026-08-17 14:01:33 Test: Checking if TFTP client is installed
2026-08-17 14:01:33 Result: TFTP client is NOT installed
2026-08-17 14:01:33 ====
2026-08-17 14:01:33 Performing test ID INSE-8320 (Check if TFTP server is installed)
2026-08-17 14:01:33 Test: Checking if TFTP server is installed
2026-08-17 14:01:33 Result: TFTP server is NOT installed
2026-08-17 14:01:33 ====
2026-08-17 14:01:33 Skipped test INSE-8050 (Check for insecure services on macOS)
2026-08-17 14:01:33 Reason to skip: Incorrect guest OS (macOS only)
2026-08-17 14:01:33 Security check: file is normal
2026-08-17 14:01:33 Checking permissions of /usr/share/lynis/include/tests_banners
2026-08-17 14:01:33 File permissions are OK
2026-08-17 14:01:33 ====
2026-08-17 14:01:33 Action: Performing tests from category: Banners and identification
2026-08-17 14:01:33 ====
2026-08-17 14:01:33 Skipped test BANN-7113 (Check COPYRIGHT banner file)
2026-08-17 14:01:33 Reason to skip: Incorrect guest OS (FreeBSD only)
2026-08-17 14:01:33 ====
2026-08-17 14:01:33 Performing test ID BANN-7124 (Check issue banner file)
2026-08-17 14:01:33 Test: Checking file /etc/issue
2026-08-17 14:01:33 ====
2026-08-17 14:01:33 Performing test ID BANN-7126 (Check issue banner file contents)
2026-08-17 14:01:33 Test: Checking file /etc/issue contents for legal key words
2026-08-17 14:01:33 Result: Found only 0 key words (5 or more suggested), to warn unauthorized users and could be increased
2026-08-17 14:01:33 Suggestion: Add a legal banner to /etc/issue, to warn unauthorized users [test:BANN-7126] [details:-] [solution:-]
2026-08-17 14:01:33 Hardening: assigned partial number of hardening points (0 of 1). Currently having 80 points (out of 134)
2026-08-17 14:01:33 ====
2026-08-17 14:01:33 Performing test ID BANN-7128 (Check issue.net banner file)
2026-08-17 14:01:33 Test: Checking file /etc/issue.net
2026-08-17 14:01:33 Result: file /etc/issue.net exists
2026-08-17 14:01:33 ====
2026-08-17 14:01:33 Performing test ID BANN-7130 (Check issue.net banner file contents)
2026-08-17 14:01:33 Test: Checking file /etc/issue.net contents for legal key words
2026-08-17 14:01:33 Result: Found only 0 key words, to warn unauthorized users and could be increased
2026-08-17 14:01:33 Suggestion: Add legal banner to /etc/issue.net, to warn unauthorized users [test:BANN-7130] [details:-] [solution:-]
2026-08-17 14:01:33 Hardening: assigned partial number of hardening points (0 of 1). Currently having 80 points (out of 135)
2026-08-17 14:01:33 Security check: file is normal
2026-08-17 14:01:33 Checking permissions of /usr/share/lynis/include/tests_scheduling
2026-08-17 14:01:33 File permissions are OK
2026-08-17 14:01:33 ====
2026-08-17 14:01:33 Action: Performing tests from category: Scheduled tasks
2026-08-17 14:01:33 ====
2026-08-17 14:01:33 Performing test ID SCHD-7702 (Check status of cron daemon)
2026-08-17 14:01:33 Result: no cron daemon found
2026-08-17 14:01:33 ====
2026-08-17 14:01:33 Performing test ID SCHD-7704 (Check crontab/cronjobs)
2026-08-17 14:01:33 Found cronjob (/etc/crontab): 17,*,*,*,*,root,cd,/,&&,run-parts,--report,/etc/cron.hourly
2026-08-17 14:01:33 Found cronjob (/etc/crontab): 25,6,*,*,*,root,test,-x,/usr/sbin/anacron,||,{,cd,/,&&,run-parts,--report,/etc/cron.daily;,}
2026-08-17 14:01:33 Found cronjob (/etc/crontab): 47,6,*,*,7,root,test,-x,/usr/sbin/anacron,||,{,cd,/,&&,run-parts,--report,/etc/cron.weekly;,}
2026-08-17 14:01:33 Found cronjob (/etc/crontab): 52,6,1,*,*,root,test,-x,/usr/sbin/anacron,||,{,cd,/,&&,run-parts,--report,/etc/cron.monthly;,}
2026-08-17 14:01:33 Test: checking directory /etc/cron.d
2026-08-17 14:01:33 Test: check if we can access /etc/cron.d (escaped: /etc/cron.d)
2026-08-17 14:01:33 Result: file is not owned by current user ID (999), but UID 0
2026-08-17 14:01:33 Result: file /etc/cron.d is readable (or directory accessible).
2026-08-17 14:01:33 Result: found directory /etc/cron.d
2026-08-17 14:01:33 Test: searching files in /etc/cron.d
2026-08-17 14:01:33 Result: found one or more files in /etc/cron.d. Analyzing files..
2026-08-17 14:01:33 Result: Found cronjob (/etc/cron.d/e2scrub_all): 10,3,*,*,*,root,test,-e,/run/systemd/system,||,SERVICE_MODE=1,/sbin/e2scrub_all,-A,-r
2026-08-17 14:01:33 Result: Found cronjob (/etc/cron.d/e2scrub_all): 30,3,*,*,0,root,test,-e,/run/systemd/system,||,SERVICE_MODE=1,/usr/lib/x86_64-linux-gnu/e2fsprogs/e2scrub_all_cron
2026-08-17 14:01:33 Result: Found cronjob (/etc/cron.d/debsecan): 56,*,*,*,*,daemon,test,-x,/usr/bin/debsecan,&&,/usr/bin/debsecan,--cron
2026-08-17 14:01:33 Result: done with analyzing files in /etc/cron.d
2026-08-17 14:01:33 Test: checking directory /etc/cron.hourly
2026-08-17 14:01:33 Result: found directory /etc/cron.hourly
2026-08-17 14:01:33 Test: check if we can access /etc/cron.hourly (escaped: /etc/cron.hourly)
2026-08-17 14:01:33 Result: file is not owned by current user ID (999), but UID 0
2026-08-17 14:01:33 Result: file /etc/cron.hourly is readable (or directory accessible).
2026-08-17 14:01:33 Test: searching files in /etc/cron.hourly
2026-08-17 14:01:33 Result: no files found in /etc/cron.hourly
2026-08-17 14:01:33 Test: checking directory /etc/cron.daily
2026-08-17 14:01:33 Result: found directory /etc/cron.daily
2026-08-17 14:01:33 Test: check if we can access /etc/cron.daily (escaped: /etc/cron.daily)
2026-08-17 14:01:33 Result: file is not owned by current user ID (999), but UID 0
2026-08-17 14:01:33 Result: file /etc/cron.daily is readable (or directory accessible).
2026-08-17 14:01:33 Test: searching files in /etc/cron.daily
2026-08-17 14:01:33 Result: found one or more files in /etc/cron.daily. Analyzing files..
2026-08-17 14:01:33 Result: Found cronjob (/etc/cron.daily): /etc/cron.daily/apt-compat
2026-08-17 14:01:33 Result: Found cronjob (/etc/cron.daily): /etc/cron.daily/dpkg
2026-08-17 14:01:33 Result: done with analyzing files in /etc/cron.daily
2026-08-17 14:01:33 Test: checking directory /etc/cron.weekly
2026-08-17 14:01:33 Result: found directory /etc/cron.weekly
2026-08-17 14:01:33 Test: check if we can access /etc/cron.weekly (escaped: /etc/cron.weekly)
2026-08-17 14:01:33 Result: file is not owned by current user ID (999), but UID 0
2026-08-17 14:01:33 Result: file /etc/cron.weekly is readable (or directory accessible).
2026-08-17 14:01:33 Test: searching files in /etc/cron.weekly
2026-08-17 14:01:33 Result: no files found in /etc/cron.weekly
2026-08-17 14:01:33 Test: checking directory /etc/cron.monthly
2026-08-17 14:01:33 Result: found directory /etc/cron.monthly
2026-08-17 14:01:33 Test: check if we can access /etc/cron.monthly (escaped: /etc/cron.monthly)
2026-08-17 14:01:33 Result: file is not owned by current user ID (999), but UID 0
2026-08-17 14:01:33 Result: file /etc/cron.monthly is readable (or directory accessible).
2026-08-17 14:01:33 Test: searching files in /etc/cron.monthly
2026-08-17 14:01:33 Result: no files found in /etc/cron.monthly
2026-08-17 14:01:33 ====
2026-08-17 14:01:33 Performing test ID SCHD-7718 (Check at users)
2026-08-17 14:01:33 Test: Checking atd status
2026-08-17 14:01:33 Result: at daemon not active
2026-08-17 14:01:33 ====
2026-08-17 14:01:33 Skipped test SCHD-7720 (Check at users)
2026-08-17 14:01:33 Reason to skip: Prerequisites not met (ie missing tool, other type of Linux distribution)
2026-08-17 14:01:33 ====
2026-08-17 14:01:33 Skipped test SCHD-7724 (Check at jobs)
2026-08-17 14:01:33 Reason to skip: Prerequisites not met (ie missing tool, other type of Linux distribution)
2026-08-17 14:01:33 Result: no scheduled Lynis execution found (e.g. crontab, cronjob)
2026-08-17 14:01:33 Security check: file is normal
2026-08-17 14:01:33 Checking permissions of /usr/share/lynis/include/tests_accounting
2026-08-17 14:01:33 File permissions are OK
2026-08-17 14:01:33 ====
2026-08-17 14:01:33 Action: Performing tests from category: Accounting
2026-08-17 14:01:33 ====
2026-08-17 14:01:33 Skipped test ACCT-2754 (Check for available FreeBSD accounting information)
2026-08-17 14:01:33 Reason to skip: Incorrect guest OS (FreeBSD only)
2026-08-17 14:01:33 ====
2026-08-17 14:01:33 Skipped test ACCT-2760 (Check for available OpenBSD accounting information)
2026-08-17 14:01:33 Reason to skip: Incorrect guest OS (OpenBSD only)
2026-08-17 14:01:33 ====
2026-08-17 14:01:33 Performing test ID ACCT-9622 (Check for available Linux accounting information)
2026-08-17 14:01:33 Test: Check accounting information
2026-08-17 14:01:33 Result: No accounting information available (/var/account/pacct, /var/log/account/pacct nor /var/log/pacct exist)
2026-08-17 14:01:33 Remark: Possibly there is another location where the accounting data is stored
2026-08-17 14:01:33 Suggestion: Enable process accounting [test:ACCT-9622] [details:-] [solution:-]
2026-08-17 14:01:33 Hardening: assigned partial number of hardening points (2 of 3). Currently having 82 points (out of 138)
2026-08-17 14:01:33 ====
2026-08-17 14:01:33 Performing test ID ACCT-9626 (Check for sysstat accounting data)
2026-08-17 14:01:33 Test: check /etc/default/sysstat presence
2026-08-17 14:01:33 Result: sysstat not found via /etc/default/sysstat or /etc/cron.d/sysstat or as a systemd unit
2026-08-17 14:01:33 Suggestion: Enable sysstat to collect accounting (no results) [test:ACCT-9626] [details:-] [solution:-]
2026-08-17 14:01:33 ====
2026-08-17 14:01:33 Performing test ID ACCT-9628 (Check for auditd)
2026-08-17 14:01:33 Test: Check auditd status
2026-08-17 14:01:33 Performing ps scan using partial match and without uid
2026-08-17 14:01:33 IsRunning: process 'auditd' not found
2026-08-17 14:01:33 Result: auditd not active
2026-08-17 14:01:33 Suggestion: Enable auditd to collect audit information [test:ACCT-9628] [details:-] [solution:-]
2026-08-17 14:01:33 Hardening: assigned partial number of hardening points (0 of 1). Currently having 82 points (out of 139)
2026-08-17 14:01:33 ====
2026-08-17 14:01:33 Skipped test ACCT-9630 (Check for auditd rules)
2026-08-17 14:01:33 Reason to skip: Prerequisites not met (ie missing tool, other type of Linux distribution)
2026-08-17 14:01:33 ====
2026-08-17 14:01:33 Skipped test ACCT-9632 (Check for auditd configuration file)
2026-08-17 14:01:33 Reason to skip: Prerequisites not met (ie missing tool, other type of Linux distribution)
2026-08-17 14:01:33 ====
2026-08-17 14:01:33 Skipped test ACCT-9634 (Check for auditd log file)
2026-08-17 14:01:33 Reason to skip: Prerequisites not met (ie missing tool, other type of Linux distribution)
2026-08-17 14:01:33 ====
2026-08-17 14:01:33 Performing test ID ACCT-9636 (Check for Snoopy wrapper and logger)
2026-08-17 14:01:33 ====
2026-08-17 14:01:33 Skipped test ACCT-9650 (Check Solaris audit daemon)
2026-08-17 14:01:33 Reason to skip: Incorrect guest OS (Solaris only)
2026-08-17 14:01:33 ====
2026-08-17 14:01:33 Skipped test ACCT-9652 (Check auditd SMF status)
2026-08-17 14:01:33 Reason to skip: Incorrect guest OS (Solaris only)
2026-08-17 14:01:33 ====
2026-08-17 14:01:33 Skipped test ACCT-9654 (Check BSM auditing in /etc/system)
2026-08-17 14:01:33 Reason to skip: Incorrect guest OS (Solaris only)
2026-08-17 14:01:33 ====
2026-08-17 14:01:33 Skipped test ACCT-9656 (Check BSM auditing in module list)
2026-08-17 14:01:33 Reason to skip: Incorrect guest OS (Solaris only)
2026-08-17 14:01:33 ====
2026-08-17 14:01:34 Skipped test ACCT-9660 (Check location of audit events)
2026-08-17 14:01:34 Reason to skip: Incorrect guest OS (Solaris only)
2026-08-17 14:01:34 ====
2026-08-17 14:01:34 Skipped test ACCT-9662 (Check Solaris auditing stats)
2026-08-17 14:01:34 Reason to skip: Incorrect guest OS (Solaris only)
2026-08-17 14:01:34 ====
2026-08-17 14:01:34 Skipped test ACCT-9670 (Check for cmd)
2026-08-17 14:01:34 Reason to skip: Prerequisites not met (ie missing tool, other type of Linux distribution)
2026-08-17 14:01:34 ====
2026-08-17 14:01:34 Skipped test ACCT-9672 (Check for cmd configuration file)
2026-08-17 14:01:34 Reason to skip: Prerequisites not met (ie missing tool, other type of Linux distribution)
2026-08-17 14:01:34 Security check: file is normal
2026-08-17 14:01:34 Checking permissions of /usr/share/lynis/include/tests_time
2026-08-17 14:01:34 File permissions are OK
2026-08-17 14:01:34 ====
2026-08-17 14:01:34 Action: Performing tests from category: Time and Synchronization
2026-08-17 14:01:34 ====
2026-08-17 14:01:34 Performing test ID TIME-3104 (Check for running NTP daemon or client)
2026-08-17 14:01:34 Test: Searching for a running NTP daemon or available client
2026-08-17 14:01:34 Result: no chrony configuration found
2026-08-17 14:01:34 Performing ps scan using partial match and without uid
2026-08-17 14:01:34 IsRunning: process 'dntpd' not found
2026-08-17 14:01:34 Performing ps scan using partial match and without uid
2026-08-17 14:01:34 IsRunning: process 'timed' not found
2026-08-17 14:01:34 Result: crontab file /etc/anacrontab not found
2026-08-17 14:01:34 Test: checking for ntpdate, rdate, sntp or ntpdig in crontab file /etc/crontab
2026-08-17 14:01:34 Result: no ntpdate, rdate, sntp or ntpdig reference found in crontab file /etc/crontab
2026-08-17 14:01:34 Test: checking for ntpdate, rdate, sntp or ntpdig in /etc/cron.d/debsecan
2026-08-17 14:01:34 Test: checking for ntpdate, rdate, sntp or ntpdig in /etc/cron.d/e2scrub_all
2026-08-17 14:01:34 Test: checking for ntpdate, rdate, sntp or ntpdig in /etc/cron.daily/apt-compat
2026-08-17 14:01:34 Test: checking for ntpdate, rdate, sntp or ntpdig in /etc/cron.daily/dpkg
2026-08-17 14:01:34 Result: no ntpdate or rdate found in cron directories
2026-08-17 14:01:34 Test: checking for file /etc/network/if-up.d/ntpdate
2026-08-17 14:01:34 Result: file /etc/network/if-up.d/ntpdate does not exist
2026-08-17 14:01:34 Result: Could not find a NTP daemon or client
2026-08-17 14:01:34 Suggestion: Use NTP daemon or NTP client to prevent time issues. [test:TIME-3104] [details:-] [solution:-]
2026-08-17 14:01:34 Hardening: assigned partial number of hardening points (0 of 2). Currently having 82 points (out of 141)
2026-08-17 14:01:34 ====
2026-08-17 14:01:34 Skipped test TIME-3106 (Check systemd NTP time synchronization status)
2026-08-17 14:01:34 Reason to skip: Prerequisites not met (ie missing tool, other type of Linux distribution)
2026-08-17 14:01:34 ====
2026-08-17 14:01:34 Skipped test TIME-3112 (Check active NTP associations ID's)
2026-08-17 14:01:34 Reason to skip: Prerequisites not met (ie missing tool, other type of Linux distribution)
2026-08-17 14:01:34 ====
2026-08-17 14:01:34 Skipped test TIME-3116 (Check peers with stratum value of 16)
2026-08-17 14:01:34 Reason to skip: Prerequisites not met (ie missing tool, other type of Linux distribution)
2026-08-17 14:01:34 ====
2026-08-17 14:01:34 Skipped test TIME-3120 (Check unreliable NTP peers)
2026-08-17 14:01:34 Reason to skip: Prerequisites not met (ie missing tool, other type of Linux distribution)
2026-08-17 14:01:34 ====
2026-08-17 14:01:34 Skipped test TIME-3124 (Check selected time source)
2026-08-17 14:01:34 Reason to skip: Prerequisites not met (ie missing tool, other type of Linux distribution)
2026-08-17 14:01:34 ====
2026-08-17 14:01:34 Skipped test TIME-3128 (Check preferred time source)
2026-08-17 14:01:34 Reason to skip: Prerequisites not met (ie missing tool, other type of Linux distribution)
2026-08-17 14:01:34 ====
2026-08-17 14:01:34 Skipped test TIME-3132 (Check NTP falsetickers)
2026-08-17 14:01:34 Reason to skip: Prerequisites not met (ie missing tool, other type of Linux distribution)
2026-08-17 14:01:34 ====
2026-08-17 14:01:34 Skipped test TIME-3136 (Check NTP protocol version)
2026-08-17 14:01:34 Reason to skip: Prerequisites not met (ie missing tool, other type of Linux distribution)
2026-08-17 14:01:34 ====
2026-08-17 14:01:34 Performing test ID TIME-3148 (Check TZ variable)
2026-08-17 14:01:34 Test: testing for TZ variable
2026-08-17 14:01:34 Result: found TZ variable with value notset
2026-08-17 14:01:34 ====
2026-08-17 14:01:34 Skipped test TIME-3160 (Check empty NTP step-tickers)
2026-08-17 14:01:34 Reason to skip: Prerequisites not met (ie missing tool, other type of Linux distribution)
2026-08-17 14:01:34 ====
2026-08-17 14:01:34 Performing test ID TIME-3170 (Check configuration files)
2026-08-17 14:01:34 ====
2026-08-17 14:01:34 Skipped test TIME-3180 (Report if ntpctl cannot communicate with OpenNTPD)
2026-08-17 14:01:34 Reason to skip: Prerequisites not met (ie missing tool, other type of Linux distribution)
2026-08-17 14:01:34 ====
2026-08-17 14:01:34 Skipped test TIME-3181 (Check status of OpenNTPD time synchronisation)
2026-08-17 14:01:34 Reason to skip: Prerequisites not met (ie missing tool, other type of Linux distribution)
2026-08-17 14:01:34 ====
2026-08-17 14:01:34 Skipped test TIME-3182 (Check OpenNTPD has working peers)
2026-08-17 14:01:34 Reason to skip: Prerequisites not met (ie missing tool, other type of Linux distribution)
2026-08-17 14:01:34 ====
2026-08-17 14:01:34 Skipped test TIME-3185 (Check systemd-timesyncd synchronized time)
2026-08-17 14:01:34 Reason to skip: Prerequisites not met (ie missing tool, other type of Linux distribution)
2026-08-17 14:01:34 Security check: file is normal
2026-08-17 14:01:34 Checking permissions of /usr/share/lynis/include/tests_crypto
2026-08-17 14:01:34 File permissions are OK
2026-08-17 14:01:34 ====
2026-08-17 14:01:34 Action: Performing tests from category: Cryptography
2026-08-17 14:01:34 ====
2026-08-17 14:01:34 Performing test ID CRYP-7902 (Check expire date of SSL certificates)
2026-08-17 14:01:34 Paths to scan: /etc/apache2 /etc/dovecot /etc/httpd /etc/letsencrypt /etc/pki /etc/postfix /etc/refind.d/keys /etc/ssl /opt/psa/var/certificates /usr/local/psa/var/certificates /usr/local/share/ca-certificates /usr/share/ca-certificates /usr/share/gnupg /var/www /srv/www
2026-08-17 14:01:34 Paths to ignore: /etc/letsencrypt/archive
2026-08-17 14:01:34 Result: SSL path /etc/apache2 does not exist
2026-08-17 14:01:34 Result: SSL path /etc/dovecot does not exist
2026-08-17 14:01:34 Result: SSL path /etc/httpd does not exist
2026-08-17 14:01:34 Result: SSL path /etc/letsencrypt does not exist
2026-08-17 14:01:34 Result: SSL path /etc/pki does not exist
2026-08-17 14:01:34 Result: SSL path /etc/postfix does not exist
2026-08-17 14:01:34 Result: SSL path /etc/refind.d/keys does not exist
2026-08-17 14:01:34 Test: check if we can access /etc/ssl (escaped: /etc/ssl)
2026-08-17 14:01:34 Result: file is not owned by current user ID (999), but UID 0
2026-08-17 14:01:34 Result: file /etc/ssl is readable (or directory accessible).
2026-08-17 14:01:34 Result: found directory /etc/ssl
2026-08-17 14:01:34 Test: check if we can access /etc/ssl/certs/ca-certificates.crt (escaped: /etc/ssl/certs/ca-certificates.crt)
2026-08-17 14:01:34 Result: file is not owned by current user ID (999), but UID 0
2026-08-17 14:01:34 Result: file /etc/ssl/certs/ca-certificates.crt is readable (or directory accessible).
2026-08-17 14:01:34 Result: file '/etc/ssl/certs/ca-certificates.crt' does most likely not belong to a package
2026-08-17 14:01:34 Result: file is a certificate file
2026-08-17 14:01:34 Result: certificate /etc/ssl/certs/ca-certificates.crt seems to be correct and still valid
2026-08-17 14:01:34 Result: found 1 certificates in /etc/ssl
2026-08-17 14:01:34 Result: SSL path /opt/psa/var/certificates does not exist
2026-08-17 14:01:34 Result: SSL path /usr/local/psa/var/certificates does not exist
2026-08-17 14:01:34 Test: check if we can access /usr/local/share/ca-certificates (escaped: /usr/local/share/ca-certificates)
2026-08-17 14:01:34 Result: file is not owned by current user ID (999), but UID 0
2026-08-17 14:01:34 Result: file /usr/local/share/ca-certificates is readable (or directory accessible).
2026-08-17 14:01:34 Result: found directory /usr/local/share/ca-certificates
2026-08-17 14:01:34 Result: found 0 certificates in /usr/local/share/ca-certificates
2026-08-17 14:01:34 Test: check if we can access /usr/share/ca-certificates (escaped: /usr/share/ca-certificates)
2026-08-17 14:01:34 Result: file is not owned by current user ID (999), but UID 0
2026-08-17 14:01:34 Result: file /usr/share/ca-certificates is readable (or directory accessible).
2026-08-17 14:01:34 Result: found directory /usr/share/ca-certificates
2026-08-17 14:01:34 Test: check if we can access /usr/share/ca-certificates/mozilla/ACCVRAIZ1.crt (escaped: /usr/share/ca-certificates/mozilla/ACCVRAIZ1.crt)
2026-08-17 14:01:34 Result: file is not owned by current user ID (999), but UID 0
2026-08-17 14:01:34 Result: file /usr/share/ca-certificates/mozilla/ACCVRAIZ1.crt is readable (or directory accessible).
2026-08-17 14:01:34 Result: file '/usr/share/ca-certificates/mozilla/ACCVRAIZ1.crt' belongs to package (ca-certificates)
2026-08-17 14:01:34 Test: check if we can access /usr/share/ca-certificates/mozilla/AC_RAIZ_FNMT-RCM.crt (escaped: /usr/share/ca-certificates/mozilla/AC_RAIZ_FNMT-RCM.crt)
2026-08-17 14:01:34 Result: file is not owned by current user ID (999), but UID 0
2026-08-17 14:01:34 Result: file /usr/share/ca-certificates/mozilla/AC_RAIZ_FNMT-RCM.crt is readable (or directory accessible).
2026-08-17 14:01:34 Result: file '/usr/share/ca-certificates/mozilla/AC_RAIZ_FNMT-RCM.crt' belongs to package (ca-certificates)
2026-08-17 14:01:34 Test: check if we can access /usr/share/ca-certificates/mozilla/AC_RAIZ_FNMT-RCM_SERVIDORES_SEGUROS.crt (escaped: /usr/share/ca-certificates/mozilla/AC_RAIZ_FNMT-RCM_SERVIDORES_SEGUROS.crt)
2026-08-17 14:01:34 Result: file is not owned by current user ID (999), but UID 0
2026-08-17 14:01:34 Result: file /usr/share/ca-certificates/mozilla/AC_RAIZ_FNMT-RCM_SERVIDORES_SEGUROS.crt is readable (or directory accessible).
2026-08-17 14:01:34 Result: file '/usr/share/ca-certificates/mozilla/AC_RAIZ_FNMT-RCM_SERVIDORES_SEGUROS.crt' belongs to package (ca-certificates)
2026-08-17 14:01:34 Test: check if we can access /usr/share/ca-certificates/mozilla/ANF_Secure_Server_Root_CA.crt (escaped: /usr/share/ca-certificates/mozilla/ANF_Secure_Server_Root_CA.crt)
2026-08-17 14:01:34 Result: file is not owned by current user ID (999), but UID 0
2026-08-17 14:01:34 Result: file /usr/share/ca-certificates/mozilla/ANF_Secure_Server_Root_CA.crt is readable (or directory accessible).
2026-08-17 14:01:34 Result: file '/usr/share/ca-certificates/mozilla/ANF_Secure_Server_Root_CA.crt' belongs to package (ca-certificates)
2026-08-17 14:01:34 Test: check if we can access /usr/share/ca-certificates/mozilla/Actalis_Authentication_Root_CA.crt (escaped: /usr/share/ca-certificates/mozilla/Actalis_Authentication_Root_CA.crt)
2026-08-17 14:01:34 Result: file is not owned by current user ID (999), but UID 0
2026-08-17 14:01:34 Result: file /usr/share/ca-certificates/mozilla/Actalis_Authentication_Root_CA.crt is readable (or directory accessible).
2026-08-17 14:01:34 Result: file '/usr/share/ca-certificates/mozilla/Actalis_Authentication_Root_CA.crt' belongs to package (ca-certificates)
2026-08-17 14:01:34 Test: check if we can access /usr/share/ca-certificates/mozilla/AffirmTrust_Commercial.crt (escaped: /usr/share/ca-certificates/mozilla/AffirmTrust_Commercial.crt)
2026-08-17 14:01:34 Result: file is not owned by current user ID (999), but UID 0
2026-08-17 14:01:34 Result: file /usr/share/ca-certificates/mozilla/AffirmTrust_Commercial.crt is readable (or directory accessible).
2026-08-17 14:01:34 Result: file '/usr/share/ca-certificates/mozilla/AffirmTrust_Commercial.crt' belongs to package (ca-certificates)
2026-08-17 14:01:34 Test: check if we can access /usr/share/ca-certificates/mozilla/AffirmTrust_Networking.crt (escaped: /usr/share/ca-certificates/mozilla/AffirmTrust_Networking.crt)
2026-08-17 14:01:34 Result: file is not owned by current user ID (999), but UID 0
2026-08-17 14:01:34 Result: file /usr/share/ca-certificates/mozilla/AffirmTrust_Networking.crt is readable (or directory accessible).
2026-08-17 14:01:34 Result: file '/usr/share/ca-certificates/mozilla/AffirmTrust_Networking.crt' belongs to package (ca-certificates)
2026-08-17 14:01:34 Test: check if we can access /usr/share/ca-certificates/mozilla/AffirmTrust_Premium.crt (escaped: /usr/share/ca-certificates/mozilla/AffirmTrust_Premium.crt)
2026-08-17 14:01:34 Result: file is not owned by current user ID (999), but UID 0
2026-08-17 14:01:34 Result: file /usr/share/ca-certificates/mozilla/AffirmTrust_Premium.crt is readable (or directory accessible).
2026-08-17 14:01:34 Result: file '/usr/share/ca-certificates/mozilla/AffirmTrust_Premium.crt' belongs to package (ca-certificates)
2026-08-17 14:01:34 Test: check if we can access /usr/share/ca-certificates/mozilla/AffirmTrust_Premium_ECC.crt (escaped: /usr/share/ca-certificates/mozilla/AffirmTrust_Premium_ECC.crt)
2026-08-17 14:01:34 Result: file is not owned by current user ID (999), but UID 0
2026-08-17 14:01:34 Result: file /usr/share/ca-certificates/mozilla/AffirmTrust_Premium_ECC.crt is readable (or directory accessible).
2026-08-17 14:01:34 Result: file '/usr/share/ca-certificates/mozilla/AffirmTrust_Premium_ECC.crt' belongs to package (ca-certificates)
2026-08-17 14:01:34 Test: check if we can access /usr/share/ca-certificates/mozilla/Amazon_Root_CA_1.crt (escaped: /usr/share/ca-certificates/mozilla/Amazon_Root_CA_1.crt)
2026-08-17 14:01:34 Result: file is not owned by current user ID (999), but UID 0
2026-08-17 14:01:34 Result: file /usr/share/ca-certificates/mozilla/Amazon_Root_CA_1.crt is readable (or directory accessible).
2026-08-17 14:01:34 Result: file '/usr/share/ca-certificates/mozilla/Amazon_Root_CA_1.crt' belongs to package (ca-certificates)
2026-08-17 14:01:34 Test: check if we can access /usr/share/ca-certificates/mozilla/Amazon_Root_CA_2.crt (escaped: /usr/share/ca-certificates/mozilla/Amazon_Root_CA_2.crt)
2026-08-17 14:01:34 Result: file is not owned by current user ID (999), but UID 0
2026-08-17 14:01:34 Result: file /usr/share/ca-certificates/mozilla/Amazon_Root_CA_2.crt is readable (or directory accessible).
2026-08-17 14:01:34 Result: file '/usr/share/ca-certificates/mozilla/Amazon_Root_CA_2.crt' belongs to package (ca-certificates)
2026-08-17 14:01:34 Test: check if we can access /usr/share/ca-certificates/mozilla/Amazon_Root_CA_3.crt (escaped: /usr/share/ca-certificates/mozilla/Amazon_Root_CA_3.crt)
2026-08-17 14:01:34 Result: file is not owned by current user ID (999), but UID 0
2026-08-17 14:01:34 Result: file /usr/share/ca-certificates/mozilla/Amazon_Root_CA_3.crt is readable (or directory accessible).
2026-08-17 14:01:34 Result: file '/usr/share/ca-certificates/mozilla/Amazon_Root_CA_3.crt' belongs to package (ca-certificates)
2026-08-17 14:01:34 Test: check if we can access /usr/share/ca-certificates/mozilla/Amazon_Root_CA_4.crt (escaped: /usr/share/ca-certificates/mozilla/Amazon_Root_CA_4.crt)
2026-08-17 14:01:34 Result: file is not owned by current user ID (999), but UID 0
2026-08-17 14:01:34 Result: file /usr/share/ca-certificates/mozilla/Amazon_Root_CA_4.crt is readable (or directory accessible).
2026-08-17 14:01:34 Result: file '/usr/share/ca-certificates/mozilla/Amazon_Root_CA_4.crt' belongs to package (ca-certificates)
2026-08-17 14:01:34 Test: check if we can access /usr/share/ca-certificates/mozilla/Atos_TrustedRoot_2011.crt (escaped: /usr/share/ca-certificates/mozilla/Atos_TrustedRoot_2011.crt)
2026-08-17 14:01:34 Result: file is not owned by current user ID (999), but UID 0
2026-08-17 14:01:34 Result: file /usr/share/ca-certificates/mozilla/Atos_TrustedRoot_2011.crt is readable (or directory accessible).
2026-08-17 14:01:34 Result: file '/usr/share/ca-certificates/mozilla/Atos_TrustedRoot_2011.crt' belongs to package (ca-certificates)
2026-08-17 14:01:34 Test: check if we can access /usr/share/ca-certificates/mozilla/Atos_TrustedRoot_Root_CA_ECC_TLS_2021.crt (escaped: /usr/share/ca-certificates/mozilla/Atos_TrustedRoot_Root_CA_ECC_TLS_2021.crt)
2026-08-17 14:01:34 Result: file is not owned by current user ID (999), but UID 0
2026-08-17 14:01:34 Result: file /usr/share/ca-certificates/mozilla/Atos_TrustedRoot_Root_CA_ECC_TLS_2021.crt is readable (or directory accessible).
2026-08-17 14:01:34 Result: file '/usr/share/ca-certificates/mozilla/Atos_TrustedRoot_Root_CA_ECC_TLS_2021.crt' belongs to package (ca-certificates)
2026-08-17 14:01:34 Test: check if we can access /usr/share/ca-certificates/mozilla/Atos_TrustedRoot_Root_CA_RSA_TLS_2021.crt (escaped: /usr/share/ca-certificates/mozilla/Atos_TrustedRoot_Root_CA_RSA_TLS_2021.crt)
2026-08-17 14:01:34 Result: file is not owned by current user ID (999), but UID 0
2026-08-17 14:01:34 Result: file /usr/share/ca-certificates/mozilla/Atos_TrustedRoot_Root_CA_RSA_TLS_2021.crt is readable (or directory accessible).
2026-08-17 14:01:34 Result: file '/usr/share/ca-certificates/mozilla/Atos_TrustedRoot_Root_CA_RSA_TLS_2021.crt' belongs to package (ca-certificates)
2026-08-17 14:01:34 Test: check if we can access /usr/share/ca-certificates/mozilla/Autoridad_de_Certificacion_Firmaprofesional_CIF_A62634068.crt (escaped: /usr/share/ca-certificates/mozilla/Autoridad_de_Certificacion_Firmaprofesional_CIF_A62634068.crt)
2026-08-17 14:01:34 Result: file is not owned by current user ID (999), but UID 0
2026-08-17 14:01:34 Result: file /usr/share/ca-certificates/mozilla/Autoridad_de_Certificacion_Firmaprofesional_CIF_A62634068.crt is readable (or directory accessible).
2026-08-17 14:01:34 Result: file '/usr/share/ca-certificates/mozilla/Autoridad_de_Certificacion_Firmaprofesional_CIF_A62634068.crt' belongs to package (ca-certificates)
2026-08-17 14:01:34 Test: check if we can access /usr/share/ca-certificates/mozilla/BJCA_Global_Root_CA1.crt (escaped: /usr/share/ca-certificates/mozilla/BJCA_Global_Root_CA1.crt)
2026-08-17 14:01:34 Result: file is not owned by current user ID (999), but UID 0
2026-08-17 14:01:34 Result: file /usr/share/ca-certificates/mozilla/BJCA_Global_Root_CA1.crt is readable (or directory accessible).
2026-08-17 14:01:34 Result: file '/usr/share/ca-certificates/mozilla/BJCA_Global_Root_CA1.crt' belongs to package (ca-certificates)
2026-08-17 14:01:34 Test: check if we can access /usr/share/ca-certificates/mozilla/BJCA_Global_Root_CA2.crt (escaped: /usr/share/ca-certificates/mozilla/BJCA_Global_Root_CA2.crt)
2026-08-17 14:01:34 Result: file is not owned by current user ID (999), but UID 0
2026-08-17 14:01:34 Result: file /usr/share/ca-certificates/mozilla/BJCA_Global_Root_CA2.crt is readable (or directory accessible).
2026-08-17 14:01:34 Result: file '/usr/share/ca-certificates/mozilla/BJCA_Global_Root_CA2.crt' belongs to package (ca-certificates)
2026-08-17 14:01:34 Test: check if we can access /usr/share/ca-certificates/mozilla/Baltimore_CyberTrust_Root.crt (escaped: /usr/share/ca-certificates/mozilla/Baltimore_CyberTrust_Root.crt)
2026-08-17 14:01:34 Result: file is not owned by current user ID (999), but UID 0
2026-08-17 14:01:34 Result: file /usr/share/ca-certificates/mozilla/Baltimore_CyberTrust_Root.crt is readable (or directory accessible).
2026-08-17 14:01:34 Result: file '/usr/share/ca-certificates/mozilla/Baltimore_CyberTrust_Root.crt' belongs to package (ca-certificates)
2026-08-17 14:01:34 Test: check if we can access /usr/share/ca-certificates/mozilla/Buypass_Class_2_Root_CA.crt (escaped: /usr/share/ca-certificates/mozilla/Buypass_Class_2_Root_CA.crt)
2026-08-17 14:01:34 Result: file is not owned by current user ID (999), but UID 0
2026-08-17 14:01:34 Result: file /usr/share/ca-certificates/mozilla/Buypass_Class_2_Root_CA.crt is readable (or directory accessible).
2026-08-17 14:01:34 Result: file '/usr/share/ca-certificates/mozilla/Buypass_Class_2_Root_CA.crt' belongs to package (ca-certificates)
2026-08-17 14:01:34 Test: check if we can access /usr/share/ca-certificates/mozilla/Buypass_Class_3_Root_CA.crt (escaped: /usr/share/ca-certificates/mozilla/Buypass_Class_3_Root_CA.crt)
2026-08-17 14:01:34 Result: file is not owned by current user ID (999), but UID 0
2026-08-17 14:01:34 Result: file /usr/share/ca-certificates/mozilla/Buypass_Class_3_Root_CA.crt is readable (or directory accessible).
2026-08-17 14:01:34 Result: file '/usr/share/ca-certificates/mozilla/Buypass_Class_3_Root_CA.crt' belongs to package (ca-certificates)
2026-08-17 14:01:34 Test: check if we can access /usr/share/ca-certificates/mozilla/CA_Disig_Root_R2.crt (escaped: /usr/share/ca-certificates/mozilla/CA_Disig_Root_R2.crt)
2026-08-17 14:01:34 Result: file is not owned by current user ID (999), but UID 0
2026-08-17 14:01:34 Result: file /usr/share/ca-certificates/mozilla/CA_Disig_Root_R2.crt is readable (or directory accessible).
2026-08-17 14:01:34 Result: file '/usr/share/ca-certificates/mozilla/CA_Disig_Root_R2.crt' belongs to package (ca-certificates)
2026-08-17 14:01:34 Test: check if we can access /usr/share/ca-certificates/mozilla/CFCA_EV_ROOT.crt (escaped: /usr/share/ca-certificates/mozilla/CFCA_EV_ROOT.crt)
2026-08-17 14:01:34 Result: file is not owned by current user ID (999), but UID 0
2026-08-17 14:01:34 Result: file /usr/share/ca-certificates/mozilla/CFCA_EV_ROOT.crt is readable (or directory accessible).
2026-08-17 14:01:34 Result: file '/usr/share/ca-certificates/mozilla/CFCA_EV_ROOT.crt' belongs to package (ca-certificates)
2026-08-17 14:01:34 Test: check if we can access /usr/share/ca-certificates/mozilla/COMODO_Certification_Authority.crt (escaped: /usr/share/ca-certificates/mozilla/COMODO_Certification_Authority.crt)
2026-08-17 14:01:34 Result: file is not owned by current user ID (999), but UID 0
2026-08-17 14:01:34 Result: file /usr/share/ca-certificates/mozilla/COMODO_Certification_Authority.crt is readable (or directory accessible).
2026-08-17 14:01:34 Result: file '/usr/share/ca-certificates/mozilla/COMODO_Certification_Authority.crt' belongs to package (ca-certificates)
2026-08-17 14:01:34 Test: check if we can access /usr/share/ca-certificates/mozilla/COMODO_ECC_Certification_Authority.crt (escaped: /usr/share/ca-certificates/mozilla/COMODO_ECC_Certification_Authority.crt)
2026-08-17 14:01:34 Result: file is not owned by current user ID (999), but UID 0
2026-08-17 14:01:34 Result: file /usr/share/ca-certificates/mozilla/COMODO_ECC_Certification_Authority.crt is readable (or directory accessible).
2026-08-17 14:01:34 Result: file '/usr/share/ca-certificates/mozilla/COMODO_ECC_Certification_Authority.crt' belongs to package (ca-certificates)
2026-08-17 14:01:34 Test: check if we can access /usr/share/ca-certificates/mozilla/COMODO_RSA_Certification_Authority.crt (escaped: /usr/share/ca-certificates/mozilla/COMODO_RSA_Certification_Authority.crt)
2026-08-17 14:01:34 Result: file is not owned by current user ID (999), but UID 0
2026-08-17 14:01:34 Result: file /usr/share/ca-certificates/mozilla/COMODO_RSA_Certification_Authority.crt is readable (or directory accessible).
2026-08-17 14:01:34 Result: file '/usr/share/ca-certificates/mozilla/COMODO_RSA_Certification_Authority.crt' belongs to package (ca-certificates)
2026-08-17 14:01:34 Test: check if we can access /usr/share/ca-certificates/mozilla/Certainly_Root_E1.crt (escaped: /usr/share/ca-certificates/mozilla/Certainly_Root_E1.crt)
2026-08-17 14:01:34 Result: file is not owned by current user ID (999), but UID 0
2026-08-17 14:01:34 Result: file /usr/share/ca-certificates/mozilla/Certainly_Root_E1.crt is readable (or directory accessible).
2026-08-17 14:01:34 Result: file '/usr/share/ca-certificates/mozilla/Certainly_Root_E1.crt' belongs to package (ca-certificates)
2026-08-17 14:01:34 Test: check if we can access /usr/share/ca-certificates/mozilla/Certainly_Root_R1.crt (escaped: /usr/share/ca-certificates/mozilla/Certainly_Root_R1.crt)
2026-08-17 14:01:34 Result: file is not owned by current user ID (999), but UID 0
2026-08-17 14:01:34 Result: file /usr/share/ca-certificates/mozilla/Certainly_Root_R1.crt is readable (or directory accessible).
2026-08-17 14:01:34 Result: file '/usr/share/ca-certificates/mozilla/Certainly_Root_R1.crt' belongs to package (ca-certificates)
2026-08-17 14:01:34 Test: check if we can access /usr/share/ca-certificates/mozilla/Certigna.crt (escaped: /usr/share/ca-certificates/mozilla/Certigna.crt)
2026-08-17 14:01:34 Result: file is not owned by current user ID (999), but UID 0
2026-08-17 14:01:34 Result: file /usr/share/ca-certificates/mozilla/Certigna.crt is readable (or directory accessible).
2026-08-17 14:01:34 Result: file '/usr/share/ca-certificates/mozilla/Certigna.crt' belongs to package (ca-certificates)
2026-08-17 14:01:34 Test: check if we can access /usr/share/ca-certificates/mozilla/Certigna_Root_CA.crt (escaped: /usr/share/ca-certificates/mozilla/Certigna_Root_CA.crt)
2026-08-17 14:01:34 Result: file is not owned by current user ID (999), but UID 0
2026-08-17 14:01:34 Result: file /usr/share/ca-certificates/mozilla/Certigna_Root_CA.crt is readable (or directory accessible).
2026-08-17 14:01:35 Result: file '/usr/share/ca-certificates/mozilla/Certigna_Root_CA.crt' belongs to package (ca-certificates)
2026-08-17 14:01:35 Test: check if we can access /usr/share/ca-certificates/mozilla/Certum_EC-384_CA.crt (escaped: /usr/share/ca-certificates/mozilla/Certum_EC-384_CA.crt)
2026-08-17 14:01:35 Result: file is not owned by current user ID (999), but UID 0
2026-08-17 14:01:35 Result: file /usr/share/ca-certificates/mozilla/Certum_EC-384_CA.crt is readable (or directory accessible).
2026-08-17 14:01:35 Result: file '/usr/share/ca-certificates/mozilla/Certum_EC-384_CA.crt' belongs to package (ca-certificates)
2026-08-17 14:01:35 Test: check if we can access /usr/share/ca-certificates/mozilla/Certum_Trusted_Network_CA.crt (escaped: /usr/share/ca-certificates/mozilla/Certum_Trusted_Network_CA.crt)
2026-08-17 14:01:35 Result: file is not owned by current user ID (999), but UID 0
2026-08-17 14:01:35 Result: file /usr/share/ca-certificates/mozilla/Certum_Trusted_Network_CA.crt is readable (or directory accessible).
2026-08-17 14:01:35 Result: file '/usr/share/ca-certificates/mozilla/Certum_Trusted_Network_CA.crt' belongs to package (ca-certificates)
2026-08-17 14:01:35 Test: check if we can access /usr/share/ca-certificates/mozilla/Certum_Trusted_Network_CA_2.crt (escaped: /usr/share/ca-certificates/mozilla/Certum_Trusted_Network_CA_2.crt)
2026-08-17 14:01:35 Result: file is not owned by current user ID (999), but UID 0
2026-08-17 14:01:35 Result: file /usr/share/ca-certificates/mozilla/Certum_Trusted_Network_CA_2.crt is readable (or directory accessible).
2026-08-17 14:01:35 Result: file '/usr/share/ca-certificates/mozilla/Certum_Trusted_Network_CA_2.crt' belongs to package (ca-certificates)
2026-08-17 14:01:35 Test: check if we can access /usr/share/ca-certificates/mozilla/Certum_Trusted_Root_CA.crt (escaped: /usr/share/ca-certificates/mozilla/Certum_Trusted_Root_CA.crt)
2026-08-17 14:01:35 Result: file is not owned by current user ID (999), but UID 0
2026-08-17 14:01:35 Result: file /usr/share/ca-certificates/mozilla/Certum_Trusted_Root_CA.crt is readable (or directory accessible).
2026-08-17 14:01:35 Result: file '/usr/share/ca-certificates/mozilla/Certum_Trusted_Root_CA.crt' belongs to package (ca-certificates)
2026-08-17 14:01:35 Test: check if we can access /usr/share/ca-certificates/mozilla/CommScope_Public_Trust_ECC_Root-01.crt (escaped: /usr/share/ca-certificates/mozilla/CommScope_Public_Trust_ECC_Root-01.crt)
2026-08-17 14:01:35 Result: file is not owned by current user ID (999), but UID 0
2026-08-17 14:01:35 Result: file /usr/share/ca-certificates/mozilla/CommScope_Public_Trust_ECC_Root-01.crt is readable (or directory accessible).
2026-08-17 14:01:35 Result: file '/usr/share/ca-certificates/mozilla/CommScope_Public_Trust_ECC_Root-01.crt' belongs to package (ca-certificates)
2026-08-17 14:01:35 Test: check if we can access /usr/share/ca-certificates/mozilla/CommScope_Public_Trust_ECC_Root-02.crt (escaped: /usr/share/ca-certificates/mozilla/CommScope_Public_Trust_ECC_Root-02.crt)
2026-08-17 14:01:35 Result: file is not owned by current user ID (999), but UID 0
2026-08-17 14:01:35 Result: file /usr/share/ca-certificates/mozilla/CommScope_Public_Trust_ECC_Root-02.crt is readable (or directory accessible).
2026-08-17 14:01:35 Result: file '/usr/share/ca-certificates/mozilla/CommScope_Public_Trust_ECC_Root-02.crt' belongs to package (ca-certificates)
2026-08-17 14:01:35 Test: check if we can access /usr/share/ca-certificates/mozilla/CommScope_Public_Trust_RSA_Root-01.crt (escaped: /usr/share/ca-certificates/mozilla/CommScope_Public_Trust_RSA_Root-01.crt)
2026-08-17 14:01:35 Result: file is not owned by current user ID (999), but UID 0
2026-08-17 14:01:35 Result: file /usr/share/ca-certificates/mozilla/CommScope_Public_Trust_RSA_Root-01.crt is readable (or directory accessible).
2026-08-17 14:01:35 Result: file '/usr/share/ca-certificates/mozilla/CommScope_Public_Trust_RSA_Root-01.crt' belongs to package (ca-certificates)
2026-08-17 14:01:35 Test: check if we can access /usr/share/ca-certificates/mozilla/CommScope_Public_Trust_RSA_Root-02.crt (escaped: /usr/share/ca-certificates/mozilla/CommScope_Public_Trust_RSA_Root-02.crt)
2026-08-17 14:01:35 Result: file is not owned by current user ID (999), but UID 0
2026-08-17 14:01:35 Result: file /usr/share/ca-certificates/mozilla/CommScope_Public_Trust_RSA_Root-02.crt is readable (or directory accessible).
2026-08-17 14:01:35 Result: file '/usr/share/ca-certificates/mozilla/CommScope_Public_Trust_RSA_Root-02.crt' belongs to package (ca-certificates)
2026-08-17 14:01:35 Test: check if we can access /usr/share/ca-certificates/mozilla/Comodo_AAA_Services_root.crt (escaped: /usr/share/ca-certificates/mozilla/Comodo_AAA_Services_root.crt)
2026-08-17 14:01:35 Result: file is not owned by current user ID (999), but UID 0
2026-08-17 14:01:35 Result: file /usr/share/ca-certificates/mozilla/Comodo_AAA_Services_root.crt is readable (or directory accessible).
2026-08-17 14:01:35 Result: file '/usr/share/ca-certificates/mozilla/Comodo_AAA_Services_root.crt' belongs to package (ca-certificates)
2026-08-17 14:01:35 Test: check if we can access /usr/share/ca-certificates/mozilla/D-TRUST_BR_Root_CA_1_2020.crt (escaped: /usr/share/ca-certificates/mozilla/D-TRUST_BR_Root_CA_1_2020.crt)
2026-08-17 14:01:35 Result: file is not owned by current user ID (999), but UID 0
2026-08-17 14:01:35 Result: file /usr/share/ca-certificates/mozilla/D-TRUST_BR_Root_CA_1_2020.crt is readable (or directory accessible).
2026-08-17 14:01:35 Result: file '/usr/share/ca-certificates/mozilla/D-TRUST_BR_Root_CA_1_2020.crt' belongs to package (ca-certificates)
2026-08-17 14:01:35 Test: check if we can access /usr/share/ca-certificates/mozilla/D-TRUST_BR_Root_CA_2_2023.crt (escaped: /usr/share/ca-certificates/mozilla/D-TRUST_BR_Root_CA_2_2023.crt)
2026-08-17 14:01:35 Result: file is not owned by current user ID (999), but UID 0
2026-08-17 14:01:35 Result: file /usr/share/ca-certificates/mozilla/D-TRUST_BR_Root_CA_2_2023.crt is readable (or directory accessible).
2026-08-17 14:01:35 Result: file '/usr/share/ca-certificates/mozilla/D-TRUST_BR_Root_CA_2_2023.crt' belongs to package (ca-certificates)
2026-08-17 14:01:35 Test: check if we can access /usr/share/ca-certificates/mozilla/D-TRUST_EV_Root_CA_1_2020.crt (escaped: /usr/share/ca-certificates/mozilla/D-TRUST_EV_Root_CA_1_2020.crt)
2026-08-17 14:01:35 Result: file is not owned by current user ID (999), but UID 0
2026-08-17 14:01:35 Result: file /usr/share/ca-certificates/mozilla/D-TRUST_EV_Root_CA_1_2020.crt is readable (or directory accessible).
2026-08-17 14:01:35 Result: file '/usr/share/ca-certificates/mozilla/D-TRUST_EV_Root_CA_1_2020.crt' belongs to package (ca-certificates)
2026-08-17 14:01:35 Test: check if we can access /usr/share/ca-certificates/mozilla/D-TRUST_EV_Root_CA_2_2023.crt (escaped: /usr/share/ca-certificates/mozilla/D-TRUST_EV_Root_CA_2_2023.crt)
2026-08-17 14:01:35 Result: file is not owned by current user ID (999), but UID 0
2026-08-17 14:01:35 Result: file /usr/share/ca-certificates/mozilla/D-TRUST_EV_Root_CA_2_2023.crt is readable (or directory accessible).
2026-08-17 14:01:35 Result: file '/usr/share/ca-certificates/mozilla/D-TRUST_EV_Root_CA_2_2023.crt' belongs to package (ca-certificates)
2026-08-17 14:01:35 Test: check if we can access /usr/share/ca-certificates/mozilla/D-TRUST_Root_Class_3_CA_2_2009.crt (escaped: /usr/share/ca-certificates/mozilla/D-TRUST_Root_Class_3_CA_2_2009.crt)
2026-08-17 14:01:35 Result: file is not owned by current user ID (999), but UID 0
2026-08-17 14:01:35 Result: file /usr/share/ca-certificates/mozilla/D-TRUST_Root_Class_3_CA_2_2009.crt is readable (or directory accessible).
2026-08-17 14:01:35 Result: file '/usr/share/ca-certificates/mozilla/D-TRUST_Root_Class_3_CA_2_2009.crt' belongs to package (ca-certificates)
2026-08-17 14:01:35 Test: check if we can access /usr/share/ca-certificates/mozilla/D-TRUST_Root_Class_3_CA_2_EV_2009.crt (escaped: /usr/share/ca-certificates/mozilla/D-TRUST_Root_Class_3_CA_2_EV_2009.crt)
2026-08-17 14:01:35 Result: file is not owned by current user ID (999), but UID 0
2026-08-17 14:01:35 Result: file /usr/share/ca-certificates/mozilla/D-TRUST_Root_Class_3_CA_2_EV_2009.crt is readable (or directory accessible).
2026-08-17 14:01:35 Result: file '/usr/share/ca-certificates/mozilla/D-TRUST_Root_Class_3_CA_2_EV_2009.crt' belongs to package (ca-certificates)
2026-08-17 14:01:35 Test: check if we can access /usr/share/ca-certificates/mozilla/DigiCert_Assured_ID_Root_CA.crt (escaped: /usr/share/ca-certificates/mozilla/DigiCert_Assured_ID_Root_CA.crt)
2026-08-17 14:01:35 Result: file is not owned by current user ID (999), but UID 0
2026-08-17 14:01:35 Result: file /usr/share/ca-certificates/mozilla/DigiCert_Assured_ID_Root_CA.crt is readable (or directory accessible).
2026-08-17 14:01:35 Result: file '/usr/share/ca-certificates/mozilla/DigiCert_Assured_ID_Root_CA.crt' belongs to package (ca-certificates)
2026-08-17 14:01:35 Test: check if we can access /usr/share/ca-certificates/mozilla/DigiCert_Assured_ID_Root_G2.crt (escaped: /usr/share/ca-certificates/mozilla/DigiCert_Assured_ID_Root_G2.crt)
2026-08-17 14:01:35 Result: file is not owned by current user ID (999), but UID 0
2026-08-17 14:01:35 Result: file /usr/share/ca-certificates/mozilla/DigiCert_Assured_ID_Root_G2.crt is readable (or directory accessible).
2026-08-17 14:01:35 Result: file '/usr/share/ca-certificates/mozilla/DigiCert_Assured_ID_Root_G2.crt' belongs to package (ca-certificates)
2026-08-17 14:01:35 Test: check if we can access /usr/share/ca-certificates/mozilla/DigiCert_Assured_ID_Root_G3.crt (escaped: /usr/share/ca-certificates/mozilla/DigiCert_Assured_ID_Root_G3.crt)
2026-08-17 14:01:35 Result: file is not owned by current user ID (999), but UID 0
2026-08-17 14:01:35 Result: file /usr/share/ca-certificates/mozilla/DigiCert_Assured_ID_Root_G3.crt is readable (or directory accessible).
2026-08-17 14:01:35 Result: file '/usr/share/ca-certificates/mozilla/DigiCert_Assured_ID_Root_G3.crt' belongs to package (ca-certificates)
2026-08-17 14:01:35 Test: check if we can access /usr/share/ca-certificates/mozilla/DigiCert_Global_Root_CA.crt (escaped: /usr/share/ca-certificates/mozilla/DigiCert_Global_Root_CA.crt)
2026-08-17 14:01:35 Result: file is not owned by current user ID (999), but UID 0
2026-08-17 14:01:35 Result: file /usr/share/ca-certificates/mozilla/DigiCert_Global_Root_CA.crt is readable (or directory accessible).
2026-08-17 14:01:35 Result: file '/usr/share/ca-certificates/mozilla/DigiCert_Global_Root_CA.crt' belongs to package (ca-certificates)
2026-08-17 14:01:35 Test: check if we can access /usr/share/ca-certificates/mozilla/DigiCert_Global_Root_G2.crt (escaped: /usr/share/ca-certificates/mozilla/DigiCert_Global_Root_G2.crt)
2026-08-17 14:01:35 Result: file is not owned by current user ID (999), but UID 0
2026-08-17 14:01:35 Result: file /usr/share/ca-certificates/mozilla/DigiCert_Global_Root_G2.crt is readable (or directory accessible).
2026-08-17 14:01:35 Result: file '/usr/share/ca-certificates/mozilla/DigiCert_Global_Root_G2.crt' belongs to package (ca-certificates)
2026-08-17 14:01:35 Test: check if we can access /usr/share/ca-certificates/mozilla/DigiCert_Global_Root_G3.crt (escaped: /usr/share/ca-certificates/mozilla/DigiCert_Global_Root_G3.crt)
2026-08-17 14:01:35 Result: file is not owned by current user ID (999), but UID 0
2026-08-17 14:01:35 Result: file /usr/share/ca-certificates/mozilla/DigiCert_Global_Root_G3.crt is readable (or directory accessible).
2026-08-17 14:01:35 Result: file '/usr/share/ca-certificates/mozilla/DigiCert_Global_Root_G3.crt' belongs to package (ca-certificates)
2026-08-17 14:01:35 Test: check if we can access /usr/share/ca-certificates/mozilla/DigiCert_High_Assurance_EV_Root_CA.crt (escaped: /usr/share/ca-certificates/mozilla/DigiCert_High_Assurance_EV_Root_CA.crt)
2026-08-17 14:01:35 Result: file is not owned by current user ID (999), but UID 0
2026-08-17 14:01:35 Result: file /usr/share/ca-certificates/mozilla/DigiCert_High_Assurance_EV_Root_CA.crt is readable (or directory accessible).
2026-08-17 14:01:35 Result: file '/usr/share/ca-certificates/mozilla/DigiCert_High_Assurance_EV_Root_CA.crt' belongs to package (ca-certificates)
2026-08-17 14:01:35 Test: check if we can access /usr/share/ca-certificates/mozilla/DigiCert_TLS_ECC_P384_Root_G5.crt (escaped: /usr/share/ca-certificates/mozilla/DigiCert_TLS_ECC_P384_Root_G5.crt)
2026-08-17 14:01:35 Result: file is not owned by current user ID (999), but UID 0
2026-08-17 14:01:35 Result: file /usr/share/ca-certificates/mozilla/DigiCert_TLS_ECC_P384_Root_G5.crt is readable (or directory accessible).
2026-08-17 14:01:35 Result: file '/usr/share/ca-certificates/mozilla/DigiCert_TLS_ECC_P384_Root_G5.crt' belongs to package (ca-certificates)
2026-08-17 14:01:35 Test: check if we can access /usr/share/ca-certificates/mozilla/DigiCert_TLS_RSA4096_Root_G5.crt (escaped: /usr/share/ca-certificates/mozilla/DigiCert_TLS_RSA4096_Root_G5.crt)
2026-08-17 14:01:35 Result: file is not owned by current user ID (999), but UID 0
2026-08-17 14:01:35 Result: file /usr/share/ca-certificates/mozilla/DigiCert_TLS_RSA4096_Root_G5.crt is readable (or directory accessible).
2026-08-17 14:01:35 Result: file '/usr/share/ca-certificates/mozilla/DigiCert_TLS_RSA4096_Root_G5.crt' belongs to package (ca-certificates)
2026-08-17 14:01:35 Test: check if we can access /usr/share/ca-certificates/mozilla/DigiCert_Trusted_Root_G4.crt (escaped: /usr/share/ca-certificates/mozilla/DigiCert_Trusted_Root_G4.crt)
2026-08-17 14:01:35 Result: file is not owned by current user ID (999), but UID 0
2026-08-17 14:01:35 Result: file /usr/share/ca-certificates/mozilla/DigiCert_Trusted_Root_G4.crt is readable (or directory accessible).
2026-08-17 14:01:35 Result: file '/usr/share/ca-certificates/mozilla/DigiCert_Trusted_Root_G4.crt' belongs to package (ca-certificates)
2026-08-17 14:01:35 Test: check if we can access /usr/share/ca-certificates/mozilla/Entrust.net_Premium_2048_Secure_Server_CA.crt (escaped: /usr/share/ca-certificates/mozilla/Entrust.net_Premium_2048_Secure_Server_CA.crt)
2026-08-17 14:01:35 Result: file is not owned by current user ID (999), but UID 0
2026-08-17 14:01:35 Result: file /usr/share/ca-certificates/mozilla/Entrust.net_Premium_2048_Secure_Server_CA.crt is readable (or directory accessible).
2026-08-17 14:01:35 Result: file '/usr/share/ca-certificates/mozilla/Entrust.net_Premium_2048_Secure_Server_CA.crt' belongs to package (ca-certificates)
2026-08-17 14:01:35 Test: check if we can access /usr/share/ca-certificates/mozilla/Entrust_Root_Certification_Authority.crt (escaped: /usr/share/ca-certificates/mozilla/Entrust_Root_Certification_Authority.crt)
2026-08-17 14:01:35 Result: file is not owned by current user ID (999), but UID 0
2026-08-17 14:01:35 Result: file /usr/share/ca-certificates/mozilla/Entrust_Root_Certification_Authority.crt is readable (or directory accessible).
2026-08-17 14:01:35 Result: file '/usr/share/ca-certificates/mozilla/Entrust_Root_Certification_Authority.crt' belongs to package (ca-certificates)
2026-08-17 14:01:35 Test: check if we can access /usr/share/ca-certificates/mozilla/Entrust_Root_Certification_Authority_-_EC1.crt (escaped: /usr/share/ca-certificates/mozilla/Entrust_Root_Certification_Authority_-_EC1.crt)
2026-08-17 14:01:35 Result: file is not owned by current user ID (999), but UID 0
2026-08-17 14:01:35 Result: file /usr/share/ca-certificates/mozilla/Entrust_Root_Certification_Authority_-_EC1.crt is readable (or directory accessible).
2026-08-17 14:01:35 Result: file '/usr/share/ca-certificates/mozilla/Entrust_Root_Certification_Authority_-_EC1.crt' belongs to package (ca-certificates)
2026-08-17 14:01:35 Test: check if we can access /usr/share/ca-certificates/mozilla/Entrust_Root_Certification_Authority_-_G2.crt (escaped: /usr/share/ca-certificates/mozilla/Entrust_Root_Certification_Authority_-_G2.crt)
2026-08-17 14:01:35 Result: file is not owned by current user ID (999), but UID 0
2026-08-17 14:01:35 Result: file /usr/share/ca-certificates/mozilla/Entrust_Root_Certification_Authority_-_G2.crt is readable (or directory accessible).
2026-08-17 14:01:35 Result: file '/usr/share/ca-certificates/mozilla/Entrust_Root_Certification_Authority_-_G2.crt' belongs to package (ca-certificates)
2026-08-17 14:01:35 Test: check if we can access /usr/share/ca-certificates/mozilla/FIRMAPROFESIONAL_CA_ROOT-A_WEB.crt (escaped: /usr/share/ca-certificates/mozilla/FIRMAPROFESIONAL_CA_ROOT-A_WEB.crt)
2026-08-17 14:01:35 Result: file is not owned by current user ID (999), but UID 0
2026-08-17 14:01:35 Result: file /usr/share/ca-certificates/mozilla/FIRMAPROFESIONAL_CA_ROOT-A_WEB.crt is readable (or directory accessible).
2026-08-17 14:01:35 Result: file '/usr/share/ca-certificates/mozilla/FIRMAPROFESIONAL_CA_ROOT-A_WEB.crt' belongs to package (ca-certificates)
2026-08-17 14:01:35 Test: check if we can access /usr/share/ca-certificates/mozilla/GDCA_TrustAUTH_R5_ROOT.crt (escaped: /usr/share/ca-certificates/mozilla/GDCA_TrustAUTH_R5_ROOT.crt)
2026-08-17 14:01:35 Result: file is not owned by current user ID (999), but UID 0
2026-08-17 14:01:35 Result: file /usr/share/ca-certificates/mozilla/GDCA_TrustAUTH_R5_ROOT.crt is readable (or directory accessible).
2026-08-17 14:01:35 Result: file '/usr/share/ca-certificates/mozilla/GDCA_TrustAUTH_R5_ROOT.crt' belongs to package (ca-certificates)
2026-08-17 14:01:35 Test: check if we can access /usr/share/ca-certificates/mozilla/GLOBALTRUST_2020.crt (escaped: /usr/share/ca-certificates/mozilla/GLOBALTRUST_2020.crt)
2026-08-17 14:01:35 Result: file is not owned by current user ID (999), but UID 0
2026-08-17 14:01:35 Result: file /usr/share/ca-certificates/mozilla/GLOBALTRUST_2020.crt is readable (or directory accessible).
2026-08-17 14:01:35 Result: file '/usr/share/ca-certificates/mozilla/GLOBALTRUST_2020.crt' belongs to package (ca-certificates)
2026-08-17 14:01:35 Test: check if we can access /usr/share/ca-certificates/mozilla/GTS_Root_R1.crt (escaped: /usr/share/ca-certificates/mozilla/GTS_Root_R1.crt)
2026-08-17 14:01:35 Result: file is not owned by current user ID (999), but UID 0
2026-08-17 14:01:35 Result: file /usr/share/ca-certificates/mozilla/GTS_Root_R1.crt is readable (or directory accessible).
2026-08-17 14:01:35 Result: file '/usr/share/ca-certificates/mozilla/GTS_Root_R1.crt' belongs to package (ca-certificates)
2026-08-17 14:01:35 Test: check if we can access /usr/share/ca-certificates/mozilla/GTS_Root_R2.crt (escaped: /usr/share/ca-certificates/mozilla/GTS_Root_R2.crt)
2026-08-17 14:01:35 Result: file is not owned by current user ID (999), but UID 0
2026-08-17 14:01:35 Result: file /usr/share/ca-certificates/mozilla/GTS_Root_R2.crt is readable (or directory accessible).
2026-08-17 14:01:35 Result: file '/usr/share/ca-certificates/mozilla/GTS_Root_R2.crt' belongs to package (ca-certificates)
2026-08-17 14:01:35 Test: check if we can access /usr/share/ca-certificates/mozilla/GTS_Root_R3.crt (escaped: /usr/share/ca-certificates/mozilla/GTS_Root_R3.crt)
2026-08-17 14:01:35 Result: file is not owned by current user ID (999), but UID 0
2026-08-17 14:01:35 Result: file /usr/share/ca-certificates/mozilla/GTS_Root_R3.crt is readable (or directory accessible).
2026-08-17 14:01:35 Result: file '/usr/share/ca-certificates/mozilla/GTS_Root_R3.crt' belongs to package (ca-certificates)
2026-08-17 14:01:35 Test: check if we can access /usr/share/ca-certificates/mozilla/GTS_Root_R4.crt (escaped: /usr/share/ca-certificates/mozilla/GTS_Root_R4.crt)
2026-08-17 14:01:35 Result: file is not owned by current user ID (999), but UID 0
2026-08-17 14:01:35 Result: file /usr/share/ca-certificates/mozilla/GTS_Root_R4.crt is readable (or directory accessible).
2026-08-17 14:01:35 Result: file '/usr/share/ca-certificates/mozilla/GTS_Root_R4.crt' belongs to package (ca-certificates)
2026-08-17 14:01:35 Test: check if we can access /usr/share/ca-certificates/mozilla/GlobalSign_ECC_Root_CA_-_R4.crt (escaped: /usr/share/ca-certificates/mozilla/GlobalSign_ECC_Root_CA_-_R4.crt)
2026-08-17 14:01:35 Result: file is not owned by current user ID (999), but UID 0
2026-08-17 14:01:35 Result: file /usr/share/ca-certificates/mozilla/GlobalSign_ECC_Root_CA_-_R4.crt is readable (or directory accessible).
2026-08-17 14:01:35 Result: file '/usr/share/ca-certificates/mozilla/GlobalSign_ECC_Root_CA_-_R4.crt' belongs to package (ca-certificates)
2026-08-17 14:01:35 Test: check if we can access /usr/share/ca-certificates/mozilla/GlobalSign_ECC_Root_CA_-_R5.crt (escaped: /usr/share/ca-certificates/mozilla/GlobalSign_ECC_Root_CA_-_R5.crt)
2026-08-17 14:01:35 Result: file is not owned by current user ID (999), but UID 0
2026-08-17 14:01:35 Result: file /usr/share/ca-certificates/mozilla/GlobalSign_ECC_Root_CA_-_R5.crt is readable (or directory accessible).
2026-08-17 14:01:35 Result: file '/usr/share/ca-certificates/mozilla/GlobalSign_ECC_Root_CA_-_R5.crt' belongs to package (ca-certificates)
2026-08-17 14:01:35 Test: check if we can access /usr/share/ca-certificates/mozilla/GlobalSign_Root_CA.crt (escaped: /usr/share/ca-certificates/mozilla/GlobalSign_Root_CA.crt)
2026-08-17 14:01:35 Result: file is not owned by current user ID (999), but UID 0
2026-08-17 14:01:35 Result: file /usr/share/ca-certificates/mozilla/GlobalSign_Root_CA.crt is readable (or directory accessible).
2026-08-17 14:01:35 Result: file '/usr/share/ca-certificates/mozilla/GlobalSign_Root_CA.crt' belongs to package (ca-certificates)
2026-08-17 14:01:35 Test: check if we can access /usr/share/ca-certificates/mozilla/GlobalSign_Root_CA_-_R3.crt (escaped: /usr/share/ca-certificates/mozilla/GlobalSign_Root_CA_-_R3.crt)
2026-08-17 14:01:35 Result: file is not owned by current user ID (999), but UID 0
2026-08-17 14:01:35 Result: file /usr/share/ca-certificates/mozilla/GlobalSign_Root_CA_-_R3.crt is readable (or directory accessible).
2026-08-17 14:01:35 Result: file '/usr/share/ca-certificates/mozilla/GlobalSign_Root_CA_-_R3.crt' belongs to package (ca-certificates)
2026-08-17 14:01:35 Test: check if we can access /usr/share/ca-certificates/mozilla/GlobalSign_Root_CA_-_R6.crt (escaped: /usr/share/ca-certificates/mozilla/GlobalSign_Root_CA_-_R6.crt)
2026-08-17 14:01:35 Result: file is not owned by current user ID (999), but UID 0
2026-08-17 14:01:35 Result: file /usr/share/ca-certificates/mozilla/GlobalSign_Root_CA_-_R6.crt is readable (or directory accessible).
2026-08-17 14:01:35 Result: file '/usr/share/ca-certificates/mozilla/GlobalSign_Root_CA_-_R6.crt' belongs to package (ca-certificates)
2026-08-17 14:01:35 Test: check if we can access /usr/share/ca-certificates/mozilla/GlobalSign_Root_E46.crt (escaped: /usr/share/ca-certificates/mozilla/GlobalSign_Root_E46.crt)
2026-08-17 14:01:35 Result: file is not owned by current user ID (999), but UID 0
2026-08-17 14:01:35 Result: file /usr/share/ca-certificates/mozilla/GlobalSign_Root_E46.crt is readable (or directory accessible).
2026-08-17 14:01:35 Result: file '/usr/share/ca-certificates/mozilla/GlobalSign_Root_E46.crt' belongs to package (ca-certificates)
2026-08-17 14:01:35 Test: check if we can access /usr/share/ca-certificates/mozilla/GlobalSign_Root_R46.crt (escaped: /usr/share/ca-certificates/mozilla/GlobalSign_Root_R46.crt)
2026-08-17 14:01:35 Result: file is not owned by current user ID (999), but UID 0
2026-08-17 14:01:35 Result: file /usr/share/ca-certificates/mozilla/GlobalSign_Root_R46.crt is readable (or directory accessible).
2026-08-17 14:01:35 Result: file '/usr/share/ca-certificates/mozilla/GlobalSign_Root_R46.crt' belongs to package (ca-certificates)
2026-08-17 14:01:35 Test: check if we can access /usr/share/ca-certificates/mozilla/Go_Daddy_Class_2_CA.crt (escaped: /usr/share/ca-certificates/mozilla/Go_Daddy_Class_2_CA.crt)
2026-08-17 14:01:35 Result: file is not owned by current user ID (999), but UID 0
2026-08-17 14:01:35 Result: file /usr/share/ca-certificates/mozilla/Go_Daddy_Class_2_CA.crt is readable (or directory accessible).
2026-08-17 14:01:35 Result: file '/usr/share/ca-certificates/mozilla/Go_Daddy_Class_2_CA.crt' belongs to package (ca-certificates)
2026-08-17 14:01:35 Test: check if we can access /usr/share/ca-certificates/mozilla/Go_Daddy_Root_Certificate_Authority_-_G2.crt (escaped: /usr/share/ca-certificates/mozilla/Go_Daddy_Root_Certificate_Authority_-_G2.crt)
2026-08-17 14:01:35 Result: file is not owned by current user ID (999), but UID 0
2026-08-17 14:01:35 Result: file /usr/share/ca-certificates/mozilla/Go_Daddy_Root_Certificate_Authority_-_G2.crt is readable (or directory accessible).
2026-08-17 14:01:35 Result: file '/usr/share/ca-certificates/mozilla/Go_Daddy_Root_Certificate_Authority_-_G2.crt' belongs to package (ca-certificates)
2026-08-17 14:01:35 Test: check if we can access /usr/share/ca-certificates/mozilla/HARICA_TLS_ECC_Root_CA_2021.crt (escaped: /usr/share/ca-certificates/mozilla/HARICA_TLS_ECC_Root_CA_2021.crt)
2026-08-17 14:01:35 Result: file is not owned by current user ID (999), but UID 0
2026-08-17 14:01:35 Result: file /usr/share/ca-certificates/mozilla/HARICA_TLS_ECC_Root_CA_2021.crt is readable (or directory accessible).
2026-08-17 14:01:35 Result: file '/usr/share/ca-certificates/mozilla/HARICA_TLS_ECC_Root_CA_2021.crt' belongs to package (ca-certificates)
2026-08-17 14:01:35 Test: check if we can access /usr/share/ca-certificates/mozilla/HARICA_TLS_RSA_Root_CA_2021.crt (escaped: /usr/share/ca-certificates/mozilla/HARICA_TLS_RSA_Root_CA_2021.crt)
2026-08-17 14:01:35 Result: file is not owned by current user ID (999), but UID 0
2026-08-17 14:01:35 Result: file /usr/share/ca-certificates/mozilla/HARICA_TLS_RSA_Root_CA_2021.crt is readable (or directory accessible).
2026-08-17 14:01:35 Result: file '/usr/share/ca-certificates/mozilla/HARICA_TLS_RSA_Root_CA_2021.crt' belongs to package (ca-certificates)
2026-08-17 14:01:35 Test: check if we can access /usr/share/ca-certificates/mozilla/Hellenic_Academic_and_Research_Institutions_ECC_RootCA_2015.crt (escaped: /usr/share/ca-certificates/mozilla/Hellenic_Academic_and_Research_Institutions_ECC_RootCA_2015.crt)
2026-08-17 14:01:35 Result: file is not owned by current user ID (999), but UID 0
2026-08-17 14:01:35 Result: file /usr/share/ca-certificates/mozilla/Hellenic_Academic_and_Research_Institutions_ECC_RootCA_2015.crt is readable (or directory accessible).
2026-08-17 14:01:35 Result: file '/usr/share/ca-certificates/mozilla/Hellenic_Academic_and_Research_Institutions_ECC_RootCA_2015.crt' belongs to package (ca-certificates)
2026-08-17 14:01:35 Test: check if we can access /usr/share/ca-certificates/mozilla/Hellenic_Academic_and_Research_Institutions_RootCA_2015.crt (escaped: /usr/share/ca-certificates/mozilla/Hellenic_Academic_and_Research_Institutions_RootCA_2015.crt)
2026-08-17 14:01:35 Result: file is not owned by current user ID (999), but UID 0
2026-08-17 14:01:35 Result: file /usr/share/ca-certificates/mozilla/Hellenic_Academic_and_Research_Institutions_RootCA_2015.crt is readable (or directory accessible).
2026-08-17 14:01:35 Result: file '/usr/share/ca-certificates/mozilla/Hellenic_Academic_and_Research_Institutions_RootCA_2015.crt' belongs to package (ca-certificates)
2026-08-17 14:01:35 Test: check if we can access /usr/share/ca-certificates/mozilla/HiPKI_Root_CA_-_G1.crt (escaped: /usr/share/ca-certificates/mozilla/HiPKI_Root_CA_-_G1.crt)
2026-08-17 14:01:36 Result: file is not owned by current user ID (999), but UID 0
2026-08-17 14:01:36 Result: file /usr/share/ca-certificates/mozilla/HiPKI_Root_CA_-_G1.crt is readable (or directory accessible).
2026-08-17 14:01:36 Result: file '/usr/share/ca-certificates/mozilla/HiPKI_Root_CA_-_G1.crt' belongs to package (ca-certificates)
2026-08-17 14:01:36 Test: check if we can access /usr/share/ca-certificates/mozilla/Hongkong_Post_Root_CA_3.crt (escaped: /usr/share/ca-certificates/mozilla/Hongkong_Post_Root_CA_3.crt)
2026-08-17 14:01:36 Result: file is not owned by current user ID (999), but UID 0
2026-08-17 14:01:36 Result: file /usr/share/ca-certificates/mozilla/Hongkong_Post_Root_CA_3.crt is readable (or directory accessible).
2026-08-17 14:01:36 Result: file '/usr/share/ca-certificates/mozilla/Hongkong_Post_Root_CA_3.crt' belongs to package (ca-certificates)
2026-08-17 14:01:36 Test: check if we can access /usr/share/ca-certificates/mozilla/ISRG_Root_X1.crt (escaped: /usr/share/ca-certificates/mozilla/ISRG_Root_X1.crt)
2026-08-17 14:01:36 Result: file is not owned by current user ID (999), but UID 0
2026-08-17 14:01:36 Result: file /usr/share/ca-certificates/mozilla/ISRG_Root_X1.crt is readable (or directory accessible).
2026-08-17 14:01:36 Result: file '/usr/share/ca-certificates/mozilla/ISRG_Root_X1.crt' belongs to package (ca-certificates)
2026-08-17 14:01:36 Test: check if we can access /usr/share/ca-certificates/mozilla/ISRG_Root_X2.crt (escaped: /usr/share/ca-certificates/mozilla/ISRG_Root_X2.crt)
2026-08-17 14:01:36 Result: file is not owned by current user ID (999), but UID 0
2026-08-17 14:01:36 Result: file /usr/share/ca-certificates/mozilla/ISRG_Root_X2.crt is readable (or directory accessible).
2026-08-17 14:01:36 Result: file '/usr/share/ca-certificates/mozilla/ISRG_Root_X2.crt' belongs to package (ca-certificates)
2026-08-17 14:01:36 Test: check if we can access /usr/share/ca-certificates/mozilla/IdenTrust_Commercial_Root_CA_1.crt (escaped: /usr/share/ca-certificates/mozilla/IdenTrust_Commercial_Root_CA_1.crt)
2026-08-17 14:01:36 Result: file is not owned by current user ID (999), but UID 0
2026-08-17 14:01:36 Result: file /usr/share/ca-certificates/mozilla/IdenTrust_Commercial_Root_CA_1.crt is readable (or directory accessible).
2026-08-17 14:01:36 Result: file '/usr/share/ca-certificates/mozilla/IdenTrust_Commercial_Root_CA_1.crt' belongs to package (ca-certificates)
2026-08-17 14:01:36 Test: check if we can access /usr/share/ca-certificates/mozilla/IdenTrust_Public_Sector_Root_CA_1.crt (escaped: /usr/share/ca-certificates/mozilla/IdenTrust_Public_Sector_Root_CA_1.crt)
2026-08-17 14:01:36 Result: file is not owned by current user ID (999), but UID 0
2026-08-17 14:01:36 Result: file /usr/share/ca-certificates/mozilla/IdenTrust_Public_Sector_Root_CA_1.crt is readable (or directory accessible).
2026-08-17 14:01:36 Result: file '/usr/share/ca-certificates/mozilla/IdenTrust_Public_Sector_Root_CA_1.crt' belongs to package (ca-certificates)
2026-08-17 14:01:36 Test: check if we can access /usr/share/ca-certificates/mozilla/Izenpe.com.crt (escaped: /usr/share/ca-certificates/mozilla/Izenpe.com.crt)
2026-08-17 14:01:36 Result: file is not owned by current user ID (999), but UID 0
2026-08-17 14:01:36 Result: file /usr/share/ca-certificates/mozilla/Izenpe.com.crt is readable (or directory accessible).
2026-08-17 14:01:36 Result: file '/usr/share/ca-certificates/mozilla/Izenpe.com.crt' belongs to package (ca-certificates)
2026-08-17 14:01:36 Test: check if we can access /usr/share/ca-certificates/mozilla/Microsec_e-Szigno_Root_CA_2009.crt (escaped: /usr/share/ca-certificates/mozilla/Microsec_e-Szigno_Root_CA_2009.crt)
2026-08-17 14:01:36 Result: file is not owned by current user ID (999), but UID 0
2026-08-17 14:01:36 Result: file /usr/share/ca-certificates/mozilla/Microsec_e-Szigno_Root_CA_2009.crt is readable (or directory accessible).
2026-08-17 14:01:36 Result: file '/usr/share/ca-certificates/mozilla/Microsec_e-Szigno_Root_CA_2009.crt' belongs to package (ca-certificates)
2026-08-17 14:01:36 Test: check if we can access /usr/share/ca-certificates/mozilla/Microsoft_ECC_Root_Certificate_Authority_2017.crt (escaped: /usr/share/ca-certificates/mozilla/Microsoft_ECC_Root_Certificate_Authority_2017.crt)
2026-08-17 14:01:36 Result: file is not owned by current user ID (999), but UID 0
2026-08-17 14:01:36 Result: file /usr/share/ca-certificates/mozilla/Microsoft_ECC_Root_Certificate_Authority_2017.crt is readable (or directory accessible).
2026-08-17 14:01:36 Result: file '/usr/share/ca-certificates/mozilla/Microsoft_ECC_Root_Certificate_Authority_2017.crt' belongs to package (ca-certificates)
2026-08-17 14:01:36 Test: check if we can access /usr/share/ca-certificates/mozilla/Microsoft_RSA_Root_Certificate_Authority_2017.crt (escaped: /usr/share/ca-certificates/mozilla/Microsoft_RSA_Root_Certificate_Authority_2017.crt)
2026-08-17 14:01:36 Result: file is not owned by current user ID (999), but UID 0
2026-08-17 14:01:36 Result: file /usr/share/ca-certificates/mozilla/Microsoft_RSA_Root_Certificate_Authority_2017.crt is readable (or directory accessible).
2026-08-17 14:01:36 Result: file '/usr/share/ca-certificates/mozilla/Microsoft_RSA_Root_Certificate_Authority_2017.crt' belongs to package (ca-certificates)
2026-08-17 14:01:36 Test: check if we can access /usr/share/ca-certificates/mozilla/NAVER_Global_Root_Certification_Authority.crt (escaped: /usr/share/ca-certificates/mozilla/NAVER_Global_Root_Certification_Authority.crt)
2026-08-17 14:01:36 Result: file is not owned by current user ID (999), but UID 0
2026-08-17 14:01:36 Result: file /usr/share/ca-certificates/mozilla/NAVER_Global_Root_Certification_Authority.crt is readable (or directory accessible).
2026-08-17 14:01:36 Result: file '/usr/share/ca-certificates/mozilla/NAVER_Global_Root_Certification_Authority.crt' belongs to package (ca-certificates)
2026-08-17 14:01:36 Test: check if we can access /usr/share/ca-certificates/mozilla/NetLock_Arany_=Class_Gold=_Főtanúsítvány.crt (escaped: /usr/share/ca-certificates/mozilla/NetLock_Arany_=Class_Gold=_Főtanúsítvány.crt)
2026-08-17 14:01:36 Result: file is not owned by current user ID (999), but UID 0
2026-08-17 14:01:36 Result: file /usr/share/ca-certificates/mozilla/NetLock_Arany_=Class_Gold=_Főtanúsítvány.crt is readable (or directory accessible).
2026-08-17 14:01:36 Result: file '/usr/share/ca-certificates/mozilla/NetLock_Arany_=Class_Gold=_Főtanúsítvány.crt' belongs to package (ca-certificates)
2026-08-17 14:01:36 Test: check if we can access /usr/share/ca-certificates/mozilla/OISTE_WISeKey_Global_Root_GB_CA.crt (escaped: /usr/share/ca-certificates/mozilla/OISTE_WISeKey_Global_Root_GB_CA.crt)
2026-08-17 14:01:36 Result: file is not owned by current user ID (999), but UID 0
2026-08-17 14:01:36 Result: file /usr/share/ca-certificates/mozilla/OISTE_WISeKey_Global_Root_GB_CA.crt is readable (or directory accessible).
2026-08-17 14:01:36 Result: file '/usr/share/ca-certificates/mozilla/OISTE_WISeKey_Global_Root_GB_CA.crt' belongs to package (ca-certificates)
2026-08-17 14:01:36 Test: check if we can access /usr/share/ca-certificates/mozilla/OISTE_WISeKey_Global_Root_GC_CA.crt (escaped: /usr/share/ca-certificates/mozilla/OISTE_WISeKey_Global_Root_GC_CA.crt)
2026-08-17 14:01:36 Result: file is not owned by current user ID (999), but UID 0
2026-08-17 14:01:36 Result: file /usr/share/ca-certificates/mozilla/OISTE_WISeKey_Global_Root_GC_CA.crt is readable (or directory accessible).
2026-08-17 14:01:36 Result: file '/usr/share/ca-certificates/mozilla/OISTE_WISeKey_Global_Root_GC_CA.crt' belongs to package (ca-certificates)
2026-08-17 14:01:36 Test: check if we can access /usr/share/ca-certificates/mozilla/QuoVadis_Root_CA_1_G3.crt (escaped: /usr/share/ca-certificates/mozilla/QuoVadis_Root_CA_1_G3.crt)
2026-08-17 14:01:36 Result: file is not owned by current user ID (999), but UID 0
2026-08-17 14:01:36 Result: file /usr/share/ca-certificates/mozilla/QuoVadis_Root_CA_1_G3.crt is readable (or directory accessible).
2026-08-17 14:01:36 Result: file '/usr/share/ca-certificates/mozilla/QuoVadis_Root_CA_1_G3.crt' belongs to package (ca-certificates)
2026-08-17 14:01:36 Test: check if we can access /usr/share/ca-certificates/mozilla/QuoVadis_Root_CA_2.crt (escaped: /usr/share/ca-certificates/mozilla/QuoVadis_Root_CA_2.crt)
2026-08-17 14:01:36 Result: file is not owned by current user ID (999), but UID 0
2026-08-17 14:01:36 Result: file /usr/share/ca-certificates/mozilla/QuoVadis_Root_CA_2.crt is readable (or directory accessible).
2026-08-17 14:01:36 Result: file '/usr/share/ca-certificates/mozilla/QuoVadis_Root_CA_2.crt' belongs to package (ca-certificates)
2026-08-17 14:01:36 Test: check if we can access /usr/share/ca-certificates/mozilla/QuoVadis_Root_CA_2_G3.crt (escaped: /usr/share/ca-certificates/mozilla/QuoVadis_Root_CA_2_G3.crt)
2026-08-17 14:01:36 Result: file is not owned by current user ID (999), but UID 0
2026-08-17 14:01:36 Result: file /usr/share/ca-certificates/mozilla/QuoVadis_Root_CA_2_G3.crt is readable (or directory accessible).
2026-08-17 14:01:36 Result: file '/usr/share/ca-certificates/mozilla/QuoVadis_Root_CA_2_G3.crt' belongs to package (ca-certificates)
2026-08-17 14:01:36 Test: check if we can access /usr/share/ca-certificates/mozilla/QuoVadis_Root_CA_3.crt (escaped: /usr/share/ca-certificates/mozilla/QuoVadis_Root_CA_3.crt)
2026-08-17 14:01:36 Result: file is not owned by current user ID (999), but UID 0
2026-08-17 14:01:36 Result: file /usr/share/ca-certificates/mozilla/QuoVadis_Root_CA_3.crt is readable (or directory accessible).
2026-08-17 14:01:36 Result: file '/usr/share/ca-certificates/mozilla/QuoVadis_Root_CA_3.crt' belongs to package (ca-certificates)
2026-08-17 14:01:36 Test: check if we can access /usr/share/ca-certificates/mozilla/QuoVadis_Root_CA_3_G3.crt (escaped: /usr/share/ca-certificates/mozilla/QuoVadis_Root_CA_3_G3.crt)
2026-08-17 14:01:36 Result: file is not owned by current user ID (999), but UID 0
2026-08-17 14:01:36 Result: file /usr/share/ca-certificates/mozilla/QuoVadis_Root_CA_3_G3.crt is readable (or directory accessible).
2026-08-17 14:01:36 Result: file '/usr/share/ca-certificates/mozilla/QuoVadis_Root_CA_3_G3.crt' belongs to package (ca-certificates)
2026-08-17 14:01:36 Test: check if we can access /usr/share/ca-certificates/mozilla/SSL.com_EV_Root_Certification_Authority_ECC.crt (escaped: /usr/share/ca-certificates/mozilla/SSL.com_EV_Root_Certification_Authority_ECC.crt)
2026-08-17 14:01:36 Result: file is not owned by current user ID (999), but UID 0
2026-08-17 14:01:36 Result: file /usr/share/ca-certificates/mozilla/SSL.com_EV_Root_Certification_Authority_ECC.crt is readable (or directory accessible).
2026-08-17 14:01:36 Result: file '/usr/share/ca-certificates/mozilla/SSL.com_EV_Root_Certification_Authority_ECC.crt' belongs to package (ca-certificates)
2026-08-17 14:01:36 Test: check if we can access /usr/share/ca-certificates/mozilla/SSL.com_EV_Root_Certification_Authority_RSA_R2.crt (escaped: /usr/share/ca-certificates/mozilla/SSL.com_EV_Root_Certification_Authority_RSA_R2.crt)
2026-08-17 14:01:36 Result: file is not owned by current user ID (999), but UID 0
2026-08-17 14:01:36 Result: file /usr/share/ca-certificates/mozilla/SSL.com_EV_Root_Certification_Authority_RSA_R2.crt is readable (or directory accessible).
2026-08-17 14:01:36 Result: file '/usr/share/ca-certificates/mozilla/SSL.com_EV_Root_Certification_Authority_RSA_R2.crt' belongs to package (ca-certificates)
2026-08-17 14:01:36 Test: check if we can access /usr/share/ca-certificates/mozilla/SSL.com_Root_Certification_Authority_ECC.crt (escaped: /usr/share/ca-certificates/mozilla/SSL.com_Root_Certification_Authority_ECC.crt)
2026-08-17 14:01:36 Result: file is not owned by current user ID (999), but UID 0
2026-08-17 14:01:36 Result: file /usr/share/ca-certificates/mozilla/SSL.com_Root_Certification_Authority_ECC.crt is readable (or directory accessible).
2026-08-17 14:01:36 Result: file '/usr/share/ca-certificates/mozilla/SSL.com_Root_Certification_Authority_ECC.crt' belongs to package (ca-certificates)
2026-08-17 14:01:36 Test: check if we can access /usr/share/ca-certificates/mozilla/SSL.com_Root_Certification_Authority_RSA.crt (escaped: /usr/share/ca-certificates/mozilla/SSL.com_Root_Certification_Authority_RSA.crt)
2026-08-17 14:01:36 Result: file is not owned by current user ID (999), but UID 0
2026-08-17 14:01:36 Result: file /usr/share/ca-certificates/mozilla/SSL.com_Root_Certification_Authority_RSA.crt is readable (or directory accessible).
2026-08-17 14:01:36 Result: file '/usr/share/ca-certificates/mozilla/SSL.com_Root_Certification_Authority_RSA.crt' belongs to package (ca-certificates)
2026-08-17 14:01:36 Test: check if we can access /usr/share/ca-certificates/mozilla/SSL.com_TLS_ECC_Root_CA_2022.crt (escaped: /usr/share/ca-certificates/mozilla/SSL.com_TLS_ECC_Root_CA_2022.crt)
2026-08-17 14:01:36 Result: file is not owned by current user ID (999), but UID 0
2026-08-17 14:01:36 Result: file /usr/share/ca-certificates/mozilla/SSL.com_TLS_ECC_Root_CA_2022.crt is readable (or directory accessible).
2026-08-17 14:01:36 Result: file '/usr/share/ca-certificates/mozilla/SSL.com_TLS_ECC_Root_CA_2022.crt' belongs to package (ca-certificates)
2026-08-17 14:01:36 Test: check if we can access /usr/share/ca-certificates/mozilla/SSL.com_TLS_RSA_Root_CA_2022.crt (escaped: /usr/share/ca-certificates/mozilla/SSL.com_TLS_RSA_Root_CA_2022.crt)
2026-08-17 14:01:36 Result: file is not owned by current user ID (999), but UID 0
2026-08-17 14:01:36 Result: file /usr/share/ca-certificates/mozilla/SSL.com_TLS_RSA_Root_CA_2022.crt is readable (or directory accessible).
2026-08-17 14:01:36 Result: file '/usr/share/ca-certificates/mozilla/SSL.com_TLS_RSA_Root_CA_2022.crt' belongs to package (ca-certificates)
2026-08-17 14:01:36 Test: check if we can access /usr/share/ca-certificates/mozilla/SZAFIR_ROOT_CA2.crt (escaped: /usr/share/ca-certificates/mozilla/SZAFIR_ROOT_CA2.crt)
2026-08-17 14:01:36 Result: file is not owned by current user ID (999), but UID 0
2026-08-17 14:01:36 Result: file /usr/share/ca-certificates/mozilla/SZAFIR_ROOT_CA2.crt is readable (or directory accessible).
2026-08-17 14:01:36 Result: file '/usr/share/ca-certificates/mozilla/SZAFIR_ROOT_CA2.crt' belongs to package (ca-certificates)
2026-08-17 14:01:36 Test: check if we can access /usr/share/ca-certificates/mozilla/Sectigo_Public_Server_Authentication_Root_E46.crt (escaped: /usr/share/ca-certificates/mozilla/Sectigo_Public_Server_Authentication_Root_E46.crt)
2026-08-17 14:01:36 Result: file is not owned by current user ID (999), but UID 0
2026-08-17 14:01:36 Result: file /usr/share/ca-certificates/mozilla/Sectigo_Public_Server_Authentication_Root_E46.crt is readable (or directory accessible).
2026-08-17 14:01:36 Result: file '/usr/share/ca-certificates/mozilla/Sectigo_Public_Server_Authentication_Root_E46.crt' belongs to package (ca-certificates)
2026-08-17 14:01:36 Test: check if we can access /usr/share/ca-certificates/mozilla/Sectigo_Public_Server_Authentication_Root_R46.crt (escaped: /usr/share/ca-certificates/mozilla/Sectigo_Public_Server_Authentication_Root_R46.crt)
2026-08-17 14:01:36 Result: file is not owned by current user ID (999), but UID 0
2026-08-17 14:01:36 Result: file /usr/share/ca-certificates/mozilla/Sectigo_Public_Server_Authentication_Root_R46.crt is readable (or directory accessible).
2026-08-17 14:01:36 Result: file '/usr/share/ca-certificates/mozilla/Sectigo_Public_Server_Authentication_Root_R46.crt' belongs to package (ca-certificates)
2026-08-17 14:01:36 Test: check if we can access /usr/share/ca-certificates/mozilla/SecureSign_Root_CA12.crt (escaped: /usr/share/ca-certificates/mozilla/SecureSign_Root_CA12.crt)
2026-08-17 14:01:36 Result: file is not owned by current user ID (999), but UID 0
2026-08-17 14:01:36 Result: file /usr/share/ca-certificates/mozilla/SecureSign_Root_CA12.crt is readable (or directory accessible).
2026-08-17 14:01:36 Result: file '/usr/share/ca-certificates/mozilla/SecureSign_Root_CA12.crt' belongs to package (ca-certificates)
2026-08-17 14:01:36 Test: check if we can access /usr/share/ca-certificates/mozilla/SecureSign_Root_CA14.crt (escaped: /usr/share/ca-certificates/mozilla/SecureSign_Root_CA14.crt)
2026-08-17 14:01:36 Result: file is not owned by current user ID (999), but UID 0
2026-08-17 14:01:36 Result: file /usr/share/ca-certificates/mozilla/SecureSign_Root_CA14.crt is readable (or directory accessible).
2026-08-17 14:01:36 Result: file '/usr/share/ca-certificates/mozilla/SecureSign_Root_CA14.crt' belongs to package (ca-certificates)
2026-08-17 14:01:36 Test: check if we can access /usr/share/ca-certificates/mozilla/SecureSign_Root_CA15.crt (escaped: /usr/share/ca-certificates/mozilla/SecureSign_Root_CA15.crt)
2026-08-17 14:01:36 Result: file is not owned by current user ID (999), but UID 0
2026-08-17 14:01:36 Result: file /usr/share/ca-certificates/mozilla/SecureSign_Root_CA15.crt is readable (or directory accessible).
2026-08-17 14:01:36 Result: file '/usr/share/ca-certificates/mozilla/SecureSign_Root_CA15.crt' belongs to package (ca-certificates)
2026-08-17 14:01:36 Test: check if we can access /usr/share/ca-certificates/mozilla/SecureTrust_CA.crt (escaped: /usr/share/ca-certificates/mozilla/SecureTrust_CA.crt)
2026-08-17 14:01:36 Result: file is not owned by current user ID (999), but UID 0
2026-08-17 14:01:36 Result: file /usr/share/ca-certificates/mozilla/SecureTrust_CA.crt is readable (or directory accessible).
2026-08-17 14:01:36 Result: file '/usr/share/ca-certificates/mozilla/SecureTrust_CA.crt' belongs to package (ca-certificates)
2026-08-17 14:01:36 Test: check if we can access /usr/share/ca-certificates/mozilla/Secure_Global_CA.crt (escaped: /usr/share/ca-certificates/mozilla/Secure_Global_CA.crt)
2026-08-17 14:01:36 Result: file is not owned by current user ID (999), but UID 0
2026-08-17 14:01:36 Result: file /usr/share/ca-certificates/mozilla/Secure_Global_CA.crt is readable (or directory accessible).
2026-08-17 14:01:36 Result: file '/usr/share/ca-certificates/mozilla/Secure_Global_CA.crt' belongs to package (ca-certificates)
2026-08-17 14:01:36 Test: check if we can access /usr/share/ca-certificates/mozilla/Security_Communication_ECC_RootCA1.crt (escaped: /usr/share/ca-certificates/mozilla/Security_Communication_ECC_RootCA1.crt)
2026-08-17 14:01:36 Result: file is not owned by current user ID (999), but UID 0
2026-08-17 14:01:36 Result: file /usr/share/ca-certificates/mozilla/Security_Communication_ECC_RootCA1.crt is readable (or directory accessible).
2026-08-17 14:01:36 Result: file '/usr/share/ca-certificates/mozilla/Security_Communication_ECC_RootCA1.crt' belongs to package (ca-certificates)
2026-08-17 14:01:36 Test: check if we can access /usr/share/ca-certificates/mozilla/Security_Communication_RootCA2.crt (escaped: /usr/share/ca-certificates/mozilla/Security_Communication_RootCA2.crt)
2026-08-17 14:01:36 Result: file is not owned by current user ID (999), but UID 0
2026-08-17 14:01:36 Result: file /usr/share/ca-certificates/mozilla/Security_Communication_RootCA2.crt is readable (or directory accessible).
2026-08-17 14:01:36 Result: file '/usr/share/ca-certificates/mozilla/Security_Communication_RootCA2.crt' belongs to package (ca-certificates)
2026-08-17 14:01:36 Test: check if we can access /usr/share/ca-certificates/mozilla/Starfield_Class_2_CA.crt (escaped: /usr/share/ca-certificates/mozilla/Starfield_Class_2_CA.crt)
2026-08-17 14:01:36 Result: file is not owned by current user ID (999), but UID 0
2026-08-17 14:01:36 Result: file /usr/share/ca-certificates/mozilla/Starfield_Class_2_CA.crt is readable (or directory accessible).
2026-08-17 14:01:36 Result: file '/usr/share/ca-certificates/mozilla/Starfield_Class_2_CA.crt' belongs to package (ca-certificates)
2026-08-17 14:01:36 Test: check if we can access /usr/share/ca-certificates/mozilla/Starfield_Root_Certificate_Authority_-_G2.crt (escaped: /usr/share/ca-certificates/mozilla/Starfield_Root_Certificate_Authority_-_G2.crt)
2026-08-17 14:01:36 Result: file is not owned by current user ID (999), but UID 0
2026-08-17 14:01:36 Result: file /usr/share/ca-certificates/mozilla/Starfield_Root_Certificate_Authority_-_G2.crt is readable (or directory accessible).
2026-08-17 14:01:36 Result: file '/usr/share/ca-certificates/mozilla/Starfield_Root_Certificate_Authority_-_G2.crt' belongs to package (ca-certificates)
2026-08-17 14:01:36 Test: check if we can access /usr/share/ca-certificates/mozilla/Starfield_Services_Root_Certificate_Authority_-_G2.crt (escaped: /usr/share/ca-certificates/mozilla/Starfield_Services_Root_Certificate_Authority_-_G2.crt)
2026-08-17 14:01:36 Result: file is not owned by current user ID (999), but UID 0
2026-08-17 14:01:36 Result: file /usr/share/ca-certificates/mozilla/Starfield_Services_Root_Certificate_Authority_-_G2.crt is readable (or directory accessible).
2026-08-17 14:01:36 Result: file '/usr/share/ca-certificates/mozilla/Starfield_Services_Root_Certificate_Authority_-_G2.crt' belongs to package (ca-certificates)
2026-08-17 14:01:36 Test: check if we can access /usr/share/ca-certificates/mozilla/SwissSign_Gold_CA_-_G2.crt (escaped: /usr/share/ca-certificates/mozilla/SwissSign_Gold_CA_-_G2.crt)
2026-08-17 14:01:36 Result: file is not owned by current user ID (999), but UID 0
2026-08-17 14:01:36 Result: file /usr/share/ca-certificates/mozilla/SwissSign_Gold_CA_-_G2.crt is readable (or directory accessible).
2026-08-17 14:01:36 Result: file '/usr/share/ca-certificates/mozilla/SwissSign_Gold_CA_-_G2.crt' belongs to package (ca-certificates)
2026-08-17 14:01:36 Test: check if we can access /usr/share/ca-certificates/mozilla/T-TeleSec_GlobalRoot_Class_2.crt (escaped: /usr/share/ca-certificates/mozilla/T-TeleSec_GlobalRoot_Class_2.crt)
2026-08-17 14:01:36 Result: file is not owned by current user ID (999), but UID 0
2026-08-17 14:01:36 Result: file /usr/share/ca-certificates/mozilla/T-TeleSec_GlobalRoot_Class_2.crt is readable (or directory accessible).
2026-08-17 14:01:36 Result: file '/usr/share/ca-certificates/mozilla/T-TeleSec_GlobalRoot_Class_2.crt' belongs to package (ca-certificates)
2026-08-17 14:01:36 Test: check if we can access /usr/share/ca-certificates/mozilla/T-TeleSec_GlobalRoot_Class_3.crt (escaped: /usr/share/ca-certificates/mozilla/T-TeleSec_GlobalRoot_Class_3.crt)
2026-08-17 14:01:36 Result: file is not owned by current user ID (999), but UID 0
2026-08-17 14:01:36 Result: file /usr/share/ca-certificates/mozilla/T-TeleSec_GlobalRoot_Class_3.crt is readable (or directory accessible).
2026-08-17 14:01:36 Result: file '/usr/share/ca-certificates/mozilla/T-TeleSec_GlobalRoot_Class_3.crt' belongs to package (ca-certificates)
2026-08-17 14:01:36 Test: check if we can access /usr/share/ca-certificates/mozilla/TUBITAK_Kamu_SM_SSL_Kok_Sertifikasi_-_Surum_1.crt (escaped: /usr/share/ca-certificates/mozilla/TUBITAK_Kamu_SM_SSL_Kok_Sertifikasi_-_Surum_1.crt)
2026-08-17 14:01:36 Result: file is not owned by current user ID (999), but UID 0
2026-08-17 14:01:36 Result: file /usr/share/ca-certificates/mozilla/TUBITAK_Kamu_SM_SSL_Kok_Sertifikasi_-_Surum_1.crt is readable (or directory accessible).
2026-08-17 14:01:36 Result: file '/usr/share/ca-certificates/mozilla/TUBITAK_Kamu_SM_SSL_Kok_Sertifikasi_-_Surum_1.crt' belongs to package (ca-certificates)
2026-08-17 14:01:36 Test: check if we can access /usr/share/ca-certificates/mozilla/TWCA_CYBER_Root_CA.crt (escaped: /usr/share/ca-certificates/mozilla/TWCA_CYBER_Root_CA.crt)
2026-08-17 14:01:36 Result: file is not owned by current user ID (999), but UID 0
2026-08-17 14:01:36 Result: file /usr/share/ca-certificates/mozilla/TWCA_CYBER_Root_CA.crt is readable (or directory accessible).
2026-08-17 14:01:36 Result: file '/usr/share/ca-certificates/mozilla/TWCA_CYBER_Root_CA.crt' belongs to package (ca-certificates)
2026-08-17 14:01:36 Test: check if we can access /usr/share/ca-certificates/mozilla/TWCA_Global_Root_CA.crt (escaped: /usr/share/ca-certificates/mozilla/TWCA_Global_Root_CA.crt)
2026-08-17 14:01:36 Result: file is not owned by current user ID (999), but UID 0
2026-08-17 14:01:36 Result: file /usr/share/ca-certificates/mozilla/TWCA_Global_Root_CA.crt is readable (or directory accessible).
2026-08-17 14:01:36 Result: file '/usr/share/ca-certificates/mozilla/TWCA_Global_Root_CA.crt' belongs to package (ca-certificates)
2026-08-17 14:01:36 Test: check if we can access /usr/share/ca-certificates/mozilla/TWCA_Root_Certification_Authority.crt (escaped: /usr/share/ca-certificates/mozilla/TWCA_Root_Certification_Authority.crt)
2026-08-17 14:01:36 Result: file is not owned by current user ID (999), but UID 0
2026-08-17 14:01:36 Result: file /usr/share/ca-certificates/mozilla/TWCA_Root_Certification_Authority.crt is readable (or directory accessible).
2026-08-17 14:01:36 Result: file '/usr/share/ca-certificates/mozilla/TWCA_Root_Certification_Authority.crt' belongs to package (ca-certificates)
2026-08-17 14:01:36 Test: check if we can access /usr/share/ca-certificates/mozilla/Telekom_Security_TLS_ECC_Root_2020.crt (escaped: /usr/share/ca-certificates/mozilla/Telekom_Security_TLS_ECC_Root_2020.crt)
2026-08-17 14:01:36 Result: file is not owned by current user ID (999), but UID 0
2026-08-17 14:01:36 Result: file /usr/share/ca-certificates/mozilla/Telekom_Security_TLS_ECC_Root_2020.crt is readable (or directory accessible).
2026-08-17 14:01:36 Result: file '/usr/share/ca-certificates/mozilla/Telekom_Security_TLS_ECC_Root_2020.crt' belongs to package (ca-certificates)
2026-08-17 14:01:36 Test: check if we can access /usr/share/ca-certificates/mozilla/Telekom_Security_TLS_RSA_Root_2023.crt (escaped: /usr/share/ca-certificates/mozilla/Telekom_Security_TLS_RSA_Root_2023.crt)
2026-08-17 14:01:36 Result: file is not owned by current user ID (999), but UID 0
2026-08-17 14:01:36 Result: file /usr/share/ca-certificates/mozilla/Telekom_Security_TLS_RSA_Root_2023.crt is readable (or directory accessible).
2026-08-17 14:01:36 Result: file '/usr/share/ca-certificates/mozilla/Telekom_Security_TLS_RSA_Root_2023.crt' belongs to package (ca-certificates)
2026-08-17 14:01:36 Test: check if we can access /usr/share/ca-certificates/mozilla/TeliaSonera_Root_CA_v1.crt (escaped: /usr/share/ca-certificates/mozilla/TeliaSonera_Root_CA_v1.crt)
2026-08-17 14:01:36 Result: file is not owned by current user ID (999), but UID 0
2026-08-17 14:01:36 Result: file /usr/share/ca-certificates/mozilla/TeliaSonera_Root_CA_v1.crt is readable (or directory accessible).
2026-08-17 14:01:36 Result: file '/usr/share/ca-certificates/mozilla/TeliaSonera_Root_CA_v1.crt' belongs to package (ca-certificates)
2026-08-17 14:01:36 Test: check if we can access /usr/share/ca-certificates/mozilla/Telia_Root_CA_v2.crt (escaped: /usr/share/ca-certificates/mozilla/Telia_Root_CA_v2.crt)
2026-08-17 14:01:36 Result: file is not owned by current user ID (999), but UID 0
2026-08-17 14:01:36 Result: file /usr/share/ca-certificates/mozilla/Telia_Root_CA_v2.crt is readable (or directory accessible).
2026-08-17 14:01:36 Result: file '/usr/share/ca-certificates/mozilla/Telia_Root_CA_v2.crt' belongs to package (ca-certificates)
2026-08-17 14:01:36 Test: check if we can access /usr/share/ca-certificates/mozilla/TrustAsia_Global_Root_CA_G3.crt (escaped: /usr/share/ca-certificates/mozilla/TrustAsia_Global_Root_CA_G3.crt)
2026-08-17 14:01:36 Result: file is not owned by current user ID (999), but UID 0
2026-08-17 14:01:36 Result: file /usr/share/ca-certificates/mozilla/TrustAsia_Global_Root_CA_G3.crt is readable (or directory accessible).
2026-08-17 14:01:36 Result: file '/usr/share/ca-certificates/mozilla/TrustAsia_Global_Root_CA_G3.crt' belongs to package (ca-certificates)
2026-08-17 14:01:36 Test: check if we can access /usr/share/ca-certificates/mozilla/TrustAsia_Global_Root_CA_G4.crt (escaped: /usr/share/ca-certificates/mozilla/TrustAsia_Global_Root_CA_G4.crt)
2026-08-17 14:01:37 Result: file is not owned by current user ID (999), but UID 0
2026-08-17 14:01:37 Result: file /usr/share/ca-certificates/mozilla/TrustAsia_Global_Root_CA_G4.crt is readable (or directory accessible).
2026-08-17 14:01:37 Result: file '/usr/share/ca-certificates/mozilla/TrustAsia_Global_Root_CA_G4.crt' belongs to package (ca-certificates)
2026-08-17 14:01:37 Test: check if we can access /usr/share/ca-certificates/mozilla/Trustwave_Global_Certification_Authority.crt (escaped: /usr/share/ca-certificates/mozilla/Trustwave_Global_Certification_Authority.crt)
2026-08-17 14:01:37 Result: file is not owned by current user ID (999), but UID 0
2026-08-17 14:01:37 Result: file /usr/share/ca-certificates/mozilla/Trustwave_Global_Certification_Authority.crt is readable (or directory accessible).
2026-08-17 14:01:37 Result: file '/usr/share/ca-certificates/mozilla/Trustwave_Global_Certification_Authority.crt' belongs to package (ca-certificates)
2026-08-17 14:01:37 Test: check if we can access /usr/share/ca-certificates/mozilla/Trustwave_Global_ECC_P256_Certification_Authority.crt (escaped: /usr/share/ca-certificates/mozilla/Trustwave_Global_ECC_P256_Certification_Authority.crt)
2026-08-17 14:01:37 Result: file is not owned by current user ID (999), but UID 0
2026-08-17 14:01:37 Result: file /usr/share/ca-certificates/mozilla/Trustwave_Global_ECC_P256_Certification_Authority.crt is readable (or directory accessible).
2026-08-17 14:01:37 Result: file '/usr/share/ca-certificates/mozilla/Trustwave_Global_ECC_P256_Certification_Authority.crt' belongs to package (ca-certificates)
2026-08-17 14:01:37 Test: check if we can access /usr/share/ca-certificates/mozilla/Trustwave_Global_ECC_P384_Certification_Authority.crt (escaped: /usr/share/ca-certificates/mozilla/Trustwave_Global_ECC_P384_Certification_Authority.crt)
2026-08-17 14:01:37 Result: file is not owned by current user ID (999), but UID 0
2026-08-17 14:01:37 Result: file /usr/share/ca-certificates/mozilla/Trustwave_Global_ECC_P384_Certification_Authority.crt is readable (or directory accessible).
2026-08-17 14:01:37 Result: file '/usr/share/ca-certificates/mozilla/Trustwave_Global_ECC_P384_Certification_Authority.crt' belongs to package (ca-certificates)
2026-08-17 14:01:37 Test: check if we can access /usr/share/ca-certificates/mozilla/TunTrust_Root_CA.crt (escaped: /usr/share/ca-certificates/mozilla/TunTrust_Root_CA.crt)
2026-08-17 14:01:37 Result: file is not owned by current user ID (999), but UID 0
2026-08-17 14:01:37 Result: file /usr/share/ca-certificates/mozilla/TunTrust_Root_CA.crt is readable (or directory accessible).
2026-08-17 14:01:37 Result: file '/usr/share/ca-certificates/mozilla/TunTrust_Root_CA.crt' belongs to package (ca-certificates)
2026-08-17 14:01:37 Test: check if we can access /usr/share/ca-certificates/mozilla/UCA_Extended_Validation_Root.crt (escaped: /usr/share/ca-certificates/mozilla/UCA_Extended_Validation_Root.crt)
2026-08-17 14:01:37 Result: file is not owned by current user ID (999), but UID 0
2026-08-17 14:01:37 Result: file /usr/share/ca-certificates/mozilla/UCA_Extended_Validation_Root.crt is readable (or directory accessible).
2026-08-17 14:01:37 Result: file '/usr/share/ca-certificates/mozilla/UCA_Extended_Validation_Root.crt' belongs to package (ca-certificates)
2026-08-17 14:01:37 Test: check if we can access /usr/share/ca-certificates/mozilla/UCA_Global_G2_Root.crt (escaped: /usr/share/ca-certificates/mozilla/UCA_Global_G2_Root.crt)
2026-08-17 14:01:37 Result: file is not owned by current user ID (999), but UID 0
2026-08-17 14:01:37 Result: file /usr/share/ca-certificates/mozilla/UCA_Global_G2_Root.crt is readable (or directory accessible).
2026-08-17 14:01:37 Result: file '/usr/share/ca-certificates/mozilla/UCA_Global_G2_Root.crt' belongs to package (ca-certificates)
2026-08-17 14:01:37 Test: check if we can access /usr/share/ca-certificates/mozilla/USERTrust_ECC_Certification_Authority.crt (escaped: /usr/share/ca-certificates/mozilla/USERTrust_ECC_Certification_Authority.crt)
2026-08-17 14:01:37 Result: file is not owned by current user ID (999), but UID 0
2026-08-17 14:01:37 Result: file /usr/share/ca-certificates/mozilla/USERTrust_ECC_Certification_Authority.crt is readable (or directory accessible).
2026-08-17 14:01:37 Result: file '/usr/share/ca-certificates/mozilla/USERTrust_ECC_Certification_Authority.crt' belongs to package (ca-certificates)
2026-08-17 14:01:37 Test: check if we can access /usr/share/ca-certificates/mozilla/USERTrust_RSA_Certification_Authority.crt (escaped: /usr/share/ca-certificates/mozilla/USERTrust_RSA_Certification_Authority.crt)
2026-08-17 14:01:37 Result: file is not owned by current user ID (999), but UID 0
2026-08-17 14:01:37 Result: file /usr/share/ca-certificates/mozilla/USERTrust_RSA_Certification_Authority.crt is readable (or directory accessible).
2026-08-17 14:01:37 Result: file '/usr/share/ca-certificates/mozilla/USERTrust_RSA_Certification_Authority.crt' belongs to package (ca-certificates)
2026-08-17 14:01:37 Test: check if we can access /usr/share/ca-certificates/mozilla/XRamp_Global_CA_Root.crt (escaped: /usr/share/ca-certificates/mozilla/XRamp_Global_CA_Root.crt)
2026-08-17 14:01:37 Result: file is not owned by current user ID (999), but UID 0
2026-08-17 14:01:37 Result: file /usr/share/ca-certificates/mozilla/XRamp_Global_CA_Root.crt is readable (or directory accessible).
2026-08-17 14:01:37 Result: file '/usr/share/ca-certificates/mozilla/XRamp_Global_CA_Root.crt' belongs to package (ca-certificates)
2026-08-17 14:01:37 Test: check if we can access /usr/share/ca-certificates/mozilla/certSIGN_ROOT_CA.crt (escaped: /usr/share/ca-certificates/mozilla/certSIGN_ROOT_CA.crt)
2026-08-17 14:01:37 Result: file is not owned by current user ID (999), but UID 0
2026-08-17 14:01:37 Result: file /usr/share/ca-certificates/mozilla/certSIGN_ROOT_CA.crt is readable (or directory accessible).
2026-08-17 14:01:37 Result: file '/usr/share/ca-certificates/mozilla/certSIGN_ROOT_CA.crt' belongs to package (ca-certificates)
2026-08-17 14:01:37 Test: check if we can access /usr/share/ca-certificates/mozilla/certSIGN_Root_CA_G2.crt (escaped: /usr/share/ca-certificates/mozilla/certSIGN_Root_CA_G2.crt)
2026-08-17 14:01:37 Result: file is not owned by current user ID (999), but UID 0
2026-08-17 14:01:37 Result: file /usr/share/ca-certificates/mozilla/certSIGN_Root_CA_G2.crt is readable (or directory accessible).
2026-08-17 14:01:37 Result: file '/usr/share/ca-certificates/mozilla/certSIGN_Root_CA_G2.crt' belongs to package (ca-certificates)
2026-08-17 14:01:37 Test: check if we can access /usr/share/ca-certificates/mozilla/e-Szigno_Root_CA_2017.crt (escaped: /usr/share/ca-certificates/mozilla/e-Szigno_Root_CA_2017.crt)
2026-08-17 14:01:37 Result: file is not owned by current user ID (999), but UID 0
2026-08-17 14:01:37 Result: file /usr/share/ca-certificates/mozilla/e-Szigno_Root_CA_2017.crt is readable (or directory accessible).
2026-08-17 14:01:37 Result: file '/usr/share/ca-certificates/mozilla/e-Szigno_Root_CA_2017.crt' belongs to package (ca-certificates)
2026-08-17 14:01:37 Test: check if we can access /usr/share/ca-certificates/mozilla/ePKI_Root_Certification_Authority.crt (escaped: /usr/share/ca-certificates/mozilla/ePKI_Root_Certification_Authority.crt)
2026-08-17 14:01:37 Result: file is not owned by current user ID (999), but UID 0
2026-08-17 14:01:37 Result: file /usr/share/ca-certificates/mozilla/ePKI_Root_Certification_Authority.crt is readable (or directory accessible).
2026-08-17 14:01:37 Result: file '/usr/share/ca-certificates/mozilla/ePKI_Root_Certification_Authority.crt' belongs to package (ca-certificates)
2026-08-17 14:01:37 Test: check if we can access /usr/share/ca-certificates/mozilla/emSign_ECC_Root_CA_-_C3.crt (escaped: /usr/share/ca-certificates/mozilla/emSign_ECC_Root_CA_-_C3.crt)
2026-08-17 14:01:37 Result: file is not owned by current user ID (999), but UID 0
2026-08-17 14:01:37 Result: file /usr/share/ca-certificates/mozilla/emSign_ECC_Root_CA_-_C3.crt is readable (or directory accessible).
2026-08-17 14:01:37 Result: file '/usr/share/ca-certificates/mozilla/emSign_ECC_Root_CA_-_C3.crt' belongs to package (ca-certificates)
2026-08-17 14:01:37 Test: check if we can access /usr/share/ca-certificates/mozilla/emSign_ECC_Root_CA_-_G3.crt (escaped: /usr/share/ca-certificates/mozilla/emSign_ECC_Root_CA_-_G3.crt)
2026-08-17 14:01:37 Result: file is not owned by current user ID (999), but UID 0
2026-08-17 14:01:37 Result: file /usr/share/ca-certificates/mozilla/emSign_ECC_Root_CA_-_G3.crt is readable (or directory accessible).
2026-08-17 14:01:37 Result: file '/usr/share/ca-certificates/mozilla/emSign_ECC_Root_CA_-_G3.crt' belongs to package (ca-certificates)
2026-08-17 14:01:37 Test: check if we can access /usr/share/ca-certificates/mozilla/emSign_Root_CA_-_C1.crt (escaped: /usr/share/ca-certificates/mozilla/emSign_Root_CA_-_C1.crt)
2026-08-17 14:01:37 Result: file is not owned by current user ID (999), but UID 0
2026-08-17 14:01:37 Result: file /usr/share/ca-certificates/mozilla/emSign_Root_CA_-_C1.crt is readable (or directory accessible).
2026-08-17 14:01:37 Result: file '/usr/share/ca-certificates/mozilla/emSign_Root_CA_-_C1.crt' belongs to package (ca-certificates)
2026-08-17 14:01:37 Test: check if we can access /usr/share/ca-certificates/mozilla/emSign_Root_CA_-_G1.crt (escaped: /usr/share/ca-certificates/mozilla/emSign_Root_CA_-_G1.crt)
2026-08-17 14:01:37 Result: file is not owned by current user ID (999), but UID 0
2026-08-17 14:01:37 Result: file /usr/share/ca-certificates/mozilla/emSign_Root_CA_-_G1.crt is readable (or directory accessible).
2026-08-17 14:01:37 Result: file '/usr/share/ca-certificates/mozilla/emSign_Root_CA_-_G1.crt' belongs to package (ca-certificates)
2026-08-17 14:01:37 Test: check if we can access /usr/share/ca-certificates/mozilla/vTrus_ECC_Root_CA.crt (escaped: /usr/share/ca-certificates/mozilla/vTrus_ECC_Root_CA.crt)
2026-08-17 14:01:37 Result: file is not owned by current user ID (999), but UID 0
2026-08-17 14:01:37 Result: file /usr/share/ca-certificates/mozilla/vTrus_ECC_Root_CA.crt is readable (or directory accessible).
2026-08-17 14:01:37 Result: file '/usr/share/ca-certificates/mozilla/vTrus_ECC_Root_CA.crt' belongs to package (ca-certificates)
2026-08-17 14:01:37 Test: check if we can access /usr/share/ca-certificates/mozilla/vTrus_Root_CA.crt (escaped: /usr/share/ca-certificates/mozilla/vTrus_Root_CA.crt)
2026-08-17 14:01:37 Result: file is not owned by current user ID (999), but UID 0
2026-08-17 14:01:37 Result: file /usr/share/ca-certificates/mozilla/vTrus_Root_CA.crt is readable (or directory accessible).
2026-08-17 14:01:37 Result: file '/usr/share/ca-certificates/mozilla/vTrus_Root_CA.crt' belongs to package (ca-certificates)
2026-08-17 14:01:37 Result: found 150 certificates in /usr/share/ca-certificates
2026-08-17 14:01:37 Result: SSL path /usr/share/gnupg does not exist
2026-08-17 14:01:37 Result: SSL path /var/www does not exist
2026-08-17 14:01:37 Result: SSL path /srv/www does not exist
2026-08-17 14:01:37 Result: found a total of 151 certificates
2026-08-17 14:01:37 ====
2026-08-17 14:01:37 Skipped test CRYP-7930 (Determine if system uses LUKS block device encryption)
2026-08-17 14:01:37 Reason to skip: This test needs root permissions
2026-08-17 14:01:37 ====
2026-08-17 14:01:37 Skipped test CRYP-7931 (Determine if system uses encrypted swap)
2026-08-17 14:01:37 Reason to skip: Prerequisites not met (ie missing tool, other type of Linux distribution)
2026-08-17 14:01:37 ====
2026-08-17 14:01:37 Performing test ID CRYP-8002 (Gather available kernel entropy)
2026-08-17 14:01:37 Result: found kernel entropy value of 256
2026-08-17 14:01:37 ====
2026-08-17 14:01:37 Performing test ID CRYP-8004 (Presence of hardware random number generators)
2026-08-17 14:01:37 Test: looking for /sys/class/misc/hw_random/rng_current
2026-08-17 14:01:37 Result: no HW RNG available
2026-08-17 14:01:37 ====
2026-08-17 14:01:37 Performing test ID CRYP-8005 (Presence of software pseudo random number generators)
2026-08-17 14:01:37 Test: looking for software pseudo random number generators
2026-08-17 14:01:37 Performing ps scan using exact match and without uid
2026-08-17 14:01:37 IsRunning: process 'audio-entropyd' not found
2026-08-17 14:01:37 Performing ps scan using exact match and without uid
2026-08-17 14:01:37 IsRunning: process 'haveged' not found
2026-08-17 14:01:37 Performing ps scan using exact match and without uid
2026-08-17 14:01:37 IsRunning: process 'jitterentropy-rngd' not found
2026-08-17 14:01:37 ====
2026-08-17 14:01:37 Performing test ID CRYP-8006 (MemoryOverwriteRequest-bit set)
2026-08-17 14:01:37 Test: looking for /sys/firmware/efi/efivars/MemoryOverwriteRequestControl-e20939be-32d4-41be-a150-897f85d49829
2026-08-17 14:01:37 Result: could not find /sys/firmware/efi/efivars/MemoryOverwriteRequestControl-e20939be-32d4-41be-a150-897f85d49829
2026-08-17 14:01:37 Security check: file is normal
2026-08-17 14:01:37 Checking permissions of /usr/share/lynis/include/tests_virtualization
2026-08-17 14:01:37 File permissions are OK
2026-08-17 14:01:37 ====
2026-08-17 14:01:37 Action: Performing tests from category: Virtualization
2026-08-17 14:01:37 Security check: file is normal
2026-08-17 14:01:37 Checking permissions of /usr/share/lynis/include/tests_containers
2026-08-17 14:01:37 File permissions are OK
2026-08-17 14:01:37 ====
2026-08-17 14:01:37 Action: Performing tests from category: Containers
2026-08-17 14:01:37 ====
2026-08-17 14:01:37 Skipped test CONT-8004 (Query running Solaris zones)
2026-08-17 14:01:37 Reason to skip: Incorrect guest OS (Solaris only)
2026-08-17 14:01:37 ====
2026-08-17 14:01:37 Performing test ID CONT-8102 (Checking Docker status and information)
2026-08-17 14:01:37 Performing ps scan using partial match and without uid
2026-08-17 14:01:37 IsRunning: process 'dockerd' not found
2026-08-17 14:01:37 ====
2026-08-17 14:01:37 Skipped test CONT-8104 (Checking Docker info for any warnings)
2026-08-17 14:01:37 Reason to skip: Prerequisites not met (ie missing tool, other type of Linux distribution)
2026-08-17 14:01:37 ====
2026-08-17 14:01:37 Skipped test CONT-8106 (Gather basic stats from Docker)
2026-08-17 14:01:37 Reason to skip: Prerequisites not met (ie missing tool, other type of Linux distribution)
2026-08-17 14:01:37 ====
2026-08-17 14:01:37 Skipped test CONT-8107 (Check number of Docker containers)
2026-08-17 14:01:37 Reason to skip: Prerequisites not met (ie missing tool, other type of Linux distribution)
2026-08-17 14:01:37 ====
2026-08-17 14:01:37 Skipped test CONT-8108 (Check file permissions for Docker files)
2026-08-17 14:01:37 Reason to skip: Prerequisites not met (ie missing tool, other type of Linux distribution)
2026-08-17 14:01:37 Security check: file is normal
2026-08-17 14:01:37 Checking permissions of /usr/share/lynis/include/tests_mac_frameworks
2026-08-17 14:01:37 File permissions are OK
2026-08-17 14:01:37 ====
2026-08-17 14:01:37 Action: Performing tests from category: Security frameworks
2026-08-17 14:01:37 ====
2026-08-17 14:01:37 Performing test ID MACF-6204 (Check AppArmor presence)
2026-08-17 14:01:37 Result: aa-status binary not found, AppArmor not installed
2026-08-17 14:01:37 ====
2026-08-17 14:01:37 Skipped test MACF-6208 (Check if AppArmor is enabled)
2026-08-17 14:01:37 Reason to skip: Prerequisites not met (ie missing tool, other type of Linux distribution)
2026-08-17 14:01:37 ====
2026-08-17 14:01:37 Performing test ID MACF-6232 (Check SELINUX presence)
2026-08-17 14:01:37 Test: checking if we have sestatus binary
2026-08-17 14:01:37 Result: sestatus binary NOT found
2026-08-17 14:01:37 ====
2026-08-17 14:01:37 Skipped test MACF-6234 (Check SELINUX status)
2026-08-17 14:01:37 Reason to skip: Prerequisites not met (ie missing tool, other type of Linux distribution)
2026-08-17 14:01:37 ====
2026-08-17 14:01:37 Performing test ID MACF-6240 (Check TOMOYO Linux presence)
2026-08-17 14:01:37 Test: checking if we have tomoyo-init binary
2026-08-17 14:01:37 Result: tomoyo-init binary not found
2026-08-17 14:01:37 ====
2026-08-17 14:01:37 Skipped test MACF-6242 (Check TOMOYO Linux status)
2026-08-17 14:01:37 Reason to skip: Prerequisites not met (ie missing tool, other type of Linux distribution)
2026-08-17 14:01:37 ====
2026-08-17 14:01:37 Performing test ID RBAC-6272 (Check grsecurity presence)
2026-08-17 14:01:37 ====
2026-08-17 14:01:37 Performing test ID MACF-6290 (Check for implemented MAC framework)
2026-08-17 14:01:37 Hardening: assigned partial number of hardening points (2 of 3). Currently having 84 points (out of 144)
2026-08-17 14:01:37 Result: found no implemented MAC framework
2026-08-17 14:01:37 Security check: file is normal
2026-08-17 14:01:37 Checking permissions of /usr/share/lynis/include/tests_file_integrity
2026-08-17 14:01:37 File permissions are OK
2026-08-17 14:01:37 ====
2026-08-17 14:01:37 Action: Performing tests from category: Software: file integrity
2026-08-17 14:01:37 ====
2026-08-17 14:01:37 Performing test ID FINT-4310 (AFICK availability)
2026-08-17 14:01:37 Test: Checking AFICK binary
2026-08-17 14:01:37 Result: AFICK is not installed
2026-08-17 14:01:37 ====
2026-08-17 14:01:37 Performing test ID FINT-4314 (AIDE availability)
2026-08-17 14:01:37 Test: Checking AIDE binary
2026-08-17 14:01:37 Result: AIDE is not installed
2026-08-17 14:01:37 ====
2026-08-17 14:01:37 Skipped test FINT-4315 (Check AIDE configuration file)
2026-08-17 14:01:37 Reason to skip: Prerequisites not met (ie missing tool, other type of Linux distribution)
2026-08-17 14:01:37 ====
2026-08-17 14:01:37 Skipped test FINT-4316 (Presence of AIDE database and size check)
2026-08-17 14:01:37 Reason to skip: Prerequisites not met (ie missing tool, other type of Linux distribution)
2026-08-17 14:01:37 ====
2026-08-17 14:01:37 Performing test ID FINT-4318 (Osiris availability)
2026-08-17 14:01:37 Test: Checking Osiris binary
2026-08-17 14:01:37 Result: Osiris is not installed
2026-08-17 14:01:37 ====
2026-08-17 14:01:37 Performing test ID FINT-4322 (Samhain availability)
2026-08-17 14:01:37 Test: Checking Samhain binary
2026-08-17 14:01:37 Result: Samhain is not installed
2026-08-17 14:01:37 ====
2026-08-17 14:01:37 Performing test ID FINT-4326 (Tripwire availability)
2026-08-17 14:01:37 Test: Checking Tripwire binary
2026-08-17 14:01:37 Result: Tripwire is not installed
2026-08-17 14:01:37 ====
2026-08-17 14:01:37 Performing test ID FINT-4328 (OSSEC syscheck daemon running)
2026-08-17 14:01:37 Test: Checking if OSSEC syscheck daemon is running
2026-08-17 14:01:37 Performing ps scan using partial match and without uid
2026-08-17 14:01:37 IsRunning: process 'ossec-syscheckd' not found
2026-08-17 14:01:37 Result: syscheck (OSSEC) is not active
2026-08-17 14:01:37 ====
2026-08-17 14:01:37 Performing test ID FINT-4330 (mtree availability)
2026-08-17 14:01:37 Test: Checking mtree binary
2026-08-17 14:01:37 Result: mtree is not installed
2026-08-17 14:01:37 ====
2026-08-17 14:01:37 Skipped test FINT-4334 (Check lfd daemon status)
2026-08-17 14:01:37 Reason to skip: Prerequisites not met (ie missing tool, other type of Linux distribution)
2026-08-17 14:01:37 ====
2026-08-17 14:01:37 Skipped test FINT-4336 (Check lfd configuration status)
2026-08-17 14:01:37 Reason to skip: Prerequisites not met (ie missing tool, other type of Linux distribution)
2026-08-17 14:01:37 ====
2026-08-17 14:01:37 Performing test ID FINT-4338 (osqueryd syscheck daemon running)
2026-08-17 14:01:37 Test: Checking if osqueryd syscheck daemon is running
2026-08-17 14:01:37 Performing ps scan using partial match and without uid
2026-08-17 14:01:37 IsRunning: process 'osqueryd' not found
2026-08-17 14:01:37 Result: syscheck (osquery) not installed
2026-08-17 14:01:37 ====
2026-08-17 14:01:37 Skipped test FINT-4339 (Check IMA/EVM status)
2026-08-17 14:01:37 Reason to skip: No evmctl binary found
2026-08-17 14:01:37 ====
2026-08-17 14:01:37 Skipped test FINT-4340 (Check dm-integrity status)
2026-08-17 14:01:37 Reason to skip: No integritysetup binary found
2026-08-17 14:01:37 ====
2026-08-17 14:01:37 Skipped test FINT-4341 (Check dm-verity status)
2026-08-17 14:01:37 Reason to skip: No veritysetup binary found
2026-08-17 14:01:37 ====
2026-08-17 14:01:37 Skipped test FINT-4402 (AIDE configuration: Checksums (SHA256 or SHA512))
2026-08-17 14:01:37 Reason to skip: Prerequisites not met (ie missing tool, other type of Linux distribution)
2026-08-17 14:01:37 ====
2026-08-17 14:01:37 Performing test ID FINT-4350 (File integrity software installed)
2026-08-17 14:01:37 Test: Check if at least on file integrity tool is available/installed
2026-08-17 14:01:37 Result: No file integrity tools found
2026-08-17 14:01:37 Suggestion: Install a file integrity tool to monitor changes to critical and sensitive files [test:FINT-4350] [details:-] [solution:-]
2026-08-17 14:01:37 Hardening: assigned partial number of hardening points (0 of 5). Currently having 84 points (out of 149)
2026-08-17 14:01:37 Security check: file is normal
2026-08-17 14:01:37 Checking permissions of /usr/share/lynis/include/tests_tooling
2026-08-17 14:01:37 File permissions are OK
2026-08-17 14:01:37 ====
2026-08-17 14:01:37 Action: Performing tests from category: Software: System tooling
2026-08-17 14:01:37 ====
2026-08-17 14:01:37 Performing test ID TOOL-5002 (Checking for automation tools)
2026-08-17 14:01:37 Test: checking if directory /home/brahmadanda/.ansible exists
2026-08-17 14:01:37 Result: directory /home/brahmadanda/.ansible NOT found
2026-08-17 14:01:37 Test: checking if directory /etc/ansible exists
2026-08-17 14:01:37 Result: directory /etc/ansible NOT found
2026-08-17 14:01:37 Test: checking if directory /root/.ansible exists
2026-08-17 14:01:37 Result: directory /root/.ansible NOT found
2026-08-17 14:01:37 Test: checking if directory /tmp/.ansible exists
2026-08-17 14:01:37 Result: directory /tmp/.ansible NOT found
2026-08-17 14:01:37 Test: checking if file /var/log/ansible.log exists
2026-08-17 14:01:37 Result: file /var/log/ansible.log NOT found
2026-08-17 14:01:37 Test: checking if file ~/.ansible-retry exists
2026-08-17 14:01:37 Result: file ~/.ansible-retry NOT found
2026-08-17 14:01:37 Performing ps scan using exact match and without uid
2026-08-17 14:01:37 IsRunning: process 'puppet master' not found
2026-08-17 14:01:37 Suggestion: Determine if automation tools are present for system management [test:TOOL-5002] [details:-] [solution:-]
2026-08-17 14:01:37 ====
2026-08-17 14:01:37 Performing test ID TOOL-5102 (Check for presence of Fail2ban)
2026-08-17 14:01:37 Result: Fail2ban not present (fail2ban-server not found)
2026-08-17 14:01:37 Checking Fail2ban configuration file
2026-08-17 14:01:37 ====
2026-08-17 14:01:37 Skipped test TOOL-5104 (Enabled tests in Fail2ban)
2026-08-17 14:01:37 Reason to skip: Prerequisites not met (ie missing tool, other type of Linux distribution)
2026-08-17 14:01:37 ====
2026-08-17 14:01:37 Performing test ID TOOL-5120 (Check for presence of Snort)
2026-08-17 14:01:37 Performing ps scan using partial match and without uid
2026-08-17 14:01:37 IsRunning: process 'snort' not found
2026-08-17 14:01:37 Result: Snort not present (Snort not running)
2026-08-17 14:01:37 ====
2026-08-17 14:01:37 Performing test ID TOOL-5122 (Check Snort configuration file)
2026-08-17 14:01:37 ====
2026-08-17 14:01:37 Performing test ID TOOL-5130 (Check for active Suricata daemon)
2026-08-17 14:01:37 Result: Suricata not installed (suricata not found)
2026-08-17 14:01:37 ====
2026-08-17 14:01:37 Performing test ID TOOL-5126 (Check for active OSSEC daemon)
2026-08-17 14:01:37 Performing ps scan using partial match and without uid
2026-08-17 14:01:37 IsRunning: process 'ossec-analysisd' not found
2026-08-17 14:01:37 Result: OSSEC analysis daemon not active
2026-08-17 14:01:37 Performing ps scan using partial match and without uid
2026-08-17 14:01:37 IsRunning: process 'ossec-agentd' not found
2026-08-17 14:01:37 Result: OSSEC agent daemon not active
2026-08-17 14:01:37 ====
2026-08-17 14:01:37 Performing test ID TOOL-5190 (Check presence of IDS/IPS tool)
2026-08-17 14:01:37 Hardening: assigned partial number of hardening points (0 of 2). Currently having 84 points (out of 151)
2026-08-17 14:01:37 Security check: file is normal
2026-08-17 14:01:37 Checking permissions of /usr/share/lynis/include/tests_malware
2026-08-17 14:01:37 File permissions are OK
2026-08-17 14:01:37 ====
2026-08-17 14:01:37 Action: Performing tests from category: Software: Malware
2026-08-17 14:01:37 ====
2026-08-17 14:01:37 Performing test ID MALW-3274 (Check for McAfee VirusScan Command Line)
2026-08-17 14:01:37 Test: checking presence McAfee VirusScan for Command Line
2026-08-17 14:01:37 Result: McAfee VirusScan for Command Line not found
2026-08-17 14:01:37 ====
2026-08-17 14:01:37 Performing test ID MALW-3275 (Check for chkrootkit)
2026-08-17 14:01:37 Test: checking presence chkrootkit
2026-08-17 14:01:37 Result: chkrootkit not found
2026-08-17 14:01:37 ====
2026-08-17 14:01:37 Performing test ID MALW-3276 (Check for Rootkit Hunter)
2026-08-17 14:01:37 Test: checking presence Rootkit Hunter
2026-08-17 14:01:37 Result: Rootkit Hunter not found
2026-08-17 14:01:37 ====
2026-08-17 14:01:37 Performing test ID MALW-3278 (Check for LMD)
2026-08-17 14:01:37 Test: checking presence LMD
2026-08-17 14:01:37 Result: LMD not found
2026-08-17 14:01:37 ====
2026-08-17 14:01:37 Performing test ID MALW-3280 (Check if anti-virus tool is installed)
2026-08-17 14:01:37 Test: checking process com.avast.daemon
2026-08-17 14:01:37 Performing ps scan using partial match and without uid
2026-08-17 14:01:37 IsRunning: process 'com.avast.daemon' not found
2026-08-17 14:01:37 Test: checking process Avira daemon
2026-08-17 14:01:37 Performing ps scan using partial match and without uid
2026-08-17 14:01:37 IsRunning: process 'avqmd' not found
2026-08-17 14:01:37 Test: checking process epagd
2026-08-17 14:01:37 Performing ps scan using partial match and without uid
2026-08-17 14:01:37 IsRunning: process 'bdagentd' not found
2026-08-17 14:01:37 Performing ps scan using partial match and without uid
2026-08-17 14:01:37 IsRunning: process 'epagd' not found
2026-08-17 14:01:37 Test: checking process falcon-sensor (CrowdStrike)
2026-08-17 14:01:37 Performing ps scan using partial match and without uid
2026-08-17 14:01:37 IsRunning: process 'falcon-sensor' not found
2026-08-17 14:01:37 Test: checking process CylanceSvc
2026-08-17 14:01:37 Performing ps scan using partial match and without uid
2026-08-17 14:01:37 IsRunning: process 'CylanceSvc' not found
2026-08-17 14:01:37 Test: checking process esets_daemon
2026-08-17 14:01:37 Performing ps scan using partial match and without uid
2026-08-17 14:01:37 IsRunning: process 'esets_daemon' not found
2026-08-17 14:01:37 Test: checking process wdserver or klnagent (Kaspersky)
2026-08-17 14:01:37 Performing ps scan using partial match and without uid
2026-08-17 14:01:37 IsRunning: process 'klnagent' not found
2026-08-17 14:01:37 Test: checking process cma or cmdagent (McAfee)
2026-08-17 14:01:37 Performing ps scan using partial match and without uid
2026-08-17 14:01:37 IsRunning: process 'cmdagent' not found
2026-08-17 14:01:37 Test: checking process savscand
2026-08-17 14:01:37 Performing ps scan using partial match and without uid
2026-08-17 14:01:37 IsRunning: process 'savscand' not found
2026-08-17 14:01:37 Test: checking process SophosScanD
2026-08-17 14:01:37 Performing ps scan using partial match and without uid
2026-08-17 14:01:37 IsRunning: process 'SophosScanD' not found
2026-08-17 14:01:37 Test: checking process rtvscand
2026-08-17 14:01:37 Performing ps scan using partial match and without uid
2026-08-17 14:01:37 IsRunning: process 'rtvscand' not found
2026-08-17 14:01:37 Test: checking process Symantec management client service
2026-08-17 14:01:37 Performing ps scan using partial match and without uid
2026-08-17 14:01:37 IsRunning: process 'smcd' not found
2026-08-17 14:01:37 Test: checking process Symantec Endpoint Protection configuration service
2026-08-17 14:01:37 Performing ps scan using partial match and without uid
2026-08-17 14:01:37 IsRunning: process 'symcfgd' not found
2026-08-17 14:01:37 Test: checking process synoavd
2026-08-17 14:01:37 Performing ps scan using partial match and without uid
2026-08-17 14:01:37 IsRunning: process 'synoavd' not found
2026-08-17 14:01:37 Test: checking process ds_agent to test for Trend Micro Deep Anti Malware component
2026-08-17 14:01:37 Performing ps scan using partial match and without uid
2026-08-17 14:01:37 IsRunning: process 'ds_am' not found
2026-08-17 14:01:37 Test: checking process TmccMac to test for Trend Micro anti-virus (macOS)
2026-08-17 14:01:37 Performing ps scan using partial match and without uid
2026-08-17 14:01:37 IsRunning: process 'TmccMac' not found
2026-08-17 14:01:37 Result: no commercial anti-virus tools found
2026-08-17 14:01:37 Hardening: assigned partial number of hardening points (0 of 3). Currently having 84 points (out of 154)
2026-08-17 14:01:37 ====
2026-08-17 14:01:37 Performing test ID MALW-3282 (Check for clamscan)
2026-08-17 14:01:37 Test: checking presence clamscan
2026-08-17 14:01:37 Result: clamscan couldn't be found
2026-08-17 14:01:37 ====
2026-08-17 14:01:37 Performing test ID MALW-3284 (Check for clamd)
2026-08-17 14:01:37 Test: checking running ClamAV daemon (clamd)
2026-08-17 14:01:37 Performing ps scan using partial match and without uid
2026-08-17 14:01:37 IsRunning: process 'clamd' not found
2026-08-17 14:01:37 Result: clamd not running
2026-08-17 14:01:37 ====
2026-08-17 14:01:37 Skipped test MALW-3286 (Check for freshclam)
2026-08-17 14:01:37 Reason to skip: Prerequisites not met (ie missing tool, other type of Linux distribution)
2026-08-17 14:01:37 ====
2026-08-17 14:01:37 Skipped test MALW-3288 (Check for ClamXav)
2026-08-17 14:01:37 Reason to skip: Prerequisites not met (ie missing tool, other type of Linux distribution)
2026-08-17 14:01:37 ====
2026-08-17 14:01:37 Performing test ID MALW-3290 (Presence of for malware detection)
2026-08-17 14:01:37 Security check: file is normal
2026-08-17 14:01:37 Checking permissions of /usr/share/lynis/include/tests_file_permissions
2026-08-17 14:01:37 File permissions are OK
2026-08-17 14:01:37 ====
2026-08-17 14:01:37 Action: Performing tests from category: File Permissions
2026-08-17 14:01:37 ====
2026-08-17 14:01:37 Performing test ID FILE-7524 (Perform file permissions check)
2026-08-17 14:01:37 Test: Checking file permissions
2026-08-17 14:01:37 Using profile /etc/lynis/default.prf for baseline.
2026-08-17 14:01:37 Test: checking file/directory /boot/grub/grub.cfg
2026-08-17 14:01:37 Skipping file/directory /boot/grub/grub.cfg as it does not exist on this system
2026-08-17 14:01:37 Test: checking file/directory /boot/grub2/grub.cfg
2026-08-17 14:01:37 Skipping file/directory /boot/grub2/grub.cfg as it does not exist on this system
2026-08-17 14:01:37 Test: checking file/directory /boot/grub2/user.cfg
2026-08-17 14:01:37 Skipping file/directory /boot/grub2/user.cfg as it does not exist on this system
2026-08-17 14:01:37 Test: checking file/directory /etc/at.allow
2026-08-17 14:01:37 Skipping file/directory /etc/at.allow as it does not exist on this system
2026-08-17 14:01:37 Test: checking file/directory /etc/at.deny
2026-08-17 14:01:37 Skipping file/directory /etc/at.deny as it does not exist on this system
2026-08-17 14:01:37 Test: checking file/directory /etc/cron.allow
2026-08-17 14:01:37 Skipping file/directory /etc/cron.allow as it does not exist on this system
2026-08-17 14:01:37 Test: checking file/directory /etc/cron.deny
2026-08-17 14:01:37 Skipping file/directory /etc/cron.deny as it does not exist on this system
2026-08-17 14:01:37 Test: checking file/directory /etc/crontab
2026-08-17 14:01:37 Test: checking if file /etc/crontab has the permissions set to 600 (rw-------) or more restrictive
2026-08-17 14:01:37 Outcome: permissions of file /etc/crontab are not matching expected value (644 != 600)
2026-08-17 14:01:37 Test: checking file/directory /etc/group
2026-08-17 14:01:37 Test: checking if file /etc/group has the permissions set to 644 (rw-r--r--) or more restrictive
2026-08-17 14:01:37 Outcome: correct permissions (644)
2026-08-17 14:01:38 Test: checking file/directory /etc/group-
2026-08-17 14:01:38 Test: checking if file /etc/group- has the permissions set to 644 (rw-r--r--) or more restrictive
2026-08-17 14:01:38 Outcome: correct permissions (644)
2026-08-17 14:01:38 Test: checking file/directory /etc/hosts.allow
2026-08-17 14:01:38 Skipping file/directory /etc/hosts.allow as it does not exist on this system
2026-08-17 14:01:38 Test: checking file/directory /etc/hosts.deny
2026-08-17 14:01:38 Skipping file/directory /etc/hosts.deny as it does not exist on this system
2026-08-17 14:01:38 Test: checking file/directory /etc/issue
2026-08-17 14:01:38 Test: checking if file /etc/issue has the permissions set to 644 (rw-r--r--) or more restrictive
2026-08-17 14:01:38 Outcome: correct permissions (644)
2026-08-17 14:01:38 Test: checking file/directory /etc/issue.net
2026-08-17 14:01:38 Test: checking if file /etc/issue.net has the permissions set to 644 (rw-r--r--) or more restrictive
2026-08-17 14:01:38 Outcome: correct permissions (644)
2026-08-17 14:01:38 Test: checking file/directory /etc/lilo.conf
2026-08-17 14:01:38 Skipping file/directory /etc/lilo.conf as it does not exist on this system
2026-08-17 14:01:38 Test: checking file/directory /etc/motd
2026-08-17 14:01:38 Test: checking if file /etc/motd has the permissions set to 644 (rw-r--r--) or more restrictive
2026-08-17 14:01:38 Outcome: correct permissions (644)
2026-08-17 14:01:38 Test: checking file/directory /etc/passwd
2026-08-17 14:01:38 Test: checking if file /etc/passwd has the permissions set to 644 (rw-r--r--) or more restrictive
2026-08-17 14:01:38 Outcome: correct permissions (644)
2026-08-17 14:01:38 Test: checking file/directory /etc/passwd-
2026-08-17 14:01:38 Test: checking if file /etc/passwd- has the permissions set to 644 (rw-r--r--) or more restrictive
2026-08-17 14:01:38 Outcome: correct permissions (644)
2026-08-17 14:01:38 Test: checking file/directory /etc/ssh/sshd_config
2026-08-17 14:01:38 Skipping file/directory /etc/ssh/sshd_config as it does not exist on this system
2026-08-17 14:01:38 Test: checking file/directory /etc/hosts.equiv
2026-08-17 14:01:38 Skipping file/directory /etc/hosts.equiv as it does not exist on this system
2026-08-17 14:01:38 Test: checking file/directory /etc/shosts.equiv
2026-08-17 14:01:38 Skipping file/directory /etc/shosts.equiv as it does not exist on this system
2026-08-17 14:01:38 Test: checking file/directory /root/.rhosts
2026-08-17 14:01:38 Skipping file/directory /root/.rhosts as it does not exist on this system
2026-08-17 14:01:38 Test: checking file/directory /root/.rlogin
2026-08-17 14:01:38 Skipping file/directory /root/.rlogin as it does not exist on this system
2026-08-17 14:01:38 Test: checking file/directory /root/.shosts
2026-08-17 14:01:38 Skipping file/directory /root/.shosts as it does not exist on this system
2026-08-17 14:01:38 Test: checking file/directory /root/.ssh
2026-08-17 14:01:38 Skipping file/directory /root/.ssh as it does not exist on this system
2026-08-17 14:01:38 Test: checking file/directory /etc/cron.d
2026-08-17 14:01:38 Test: checking if file /etc/cron.d has the permissions set to 700 (rwx------) or more restrictive
2026-08-17 14:01:38 Outcome: permissions of file /etc/cron.d are not matching expected value (755 != 700)
2026-08-17 14:01:38 Test: checking file/directory /etc/cron.daily
2026-08-17 14:01:38 Test: checking if file /etc/cron.daily has the permissions set to 700 (rwx------) or more restrictive
2026-08-17 14:01:38 Outcome: permissions of file /etc/cron.daily are not matching expected value (755 != 700)
2026-08-17 14:01:38 Test: checking file/directory /etc/cron.hourly
2026-08-17 14:01:38 Test: checking if file /etc/cron.hourly has the permissions set to 700 (rwx------) or more restrictive
2026-08-17 14:01:38 Outcome: permissions of file /etc/cron.hourly are not matching expected value (755 != 700)
2026-08-17 14:01:38 Test: checking file/directory /etc/cron.weekly
2026-08-17 14:01:38 Test: checking if file /etc/cron.weekly has the permissions set to 700 (rwx------) or more restrictive
2026-08-17 14:01:38 Outcome: permissions of file /etc/cron.weekly are not matching expected value (755 != 700)
2026-08-17 14:01:38 Test: checking file/directory /etc/cron.monthly
2026-08-17 14:01:38 Test: checking if file /etc/cron.monthly has the permissions set to 700 (rwx------) or more restrictive
2026-08-17 14:01:38 Outcome: permissions of file /etc/cron.monthly are not matching expected value (755 != 700)
2026-08-17 14:01:38 Suggestion: Consider restricting file permissions [test:FILE-7524] [details:See screen output or log file] [solution:text:Use chmod to change file permissions]
2026-08-17 14:01:38 Security check: file is normal
2026-08-17 14:01:38 Checking permissions of /usr/share/lynis/include/tests_homedirs
2026-08-17 14:01:38 File permissions are OK
2026-08-17 14:01:38 ====
2026-08-17 14:01:38 Action: Performing tests from category: Home directories
2026-08-17 14:01:38 ====
2026-08-17 14:01:38 Performing test ID HOME-9302 (Create list with home directories)
2026-08-17 14:01:38 Test: query /etc/passwd to obtain home directories
2026-08-17 14:01:38 Result: found home directory: /bin (directory exists)
2026-08-17 14:01:38 Result: found home directory: /dev (directory exists)
2026-08-17 14:01:38 Result: found home directory: /home/brahmadanda (directory exists)
2026-08-17 14:01:38 Result: found home directory: /nonexistent (directory does not exist)
2026-08-17 14:01:38 Result: found home directory: /root (directory exists)
2026-08-17 14:01:38 Result: found home directory: /run/ircd (directory does not exist)
2026-08-17 14:01:38 Result: found home directory: /usr/games (directory exists)
2026-08-17 14:01:38 Result: found home directory: /usr/sbin (directory exists)
2026-08-17 14:01:38 Result: found home directory: /var/backups (directory exists)
2026-08-17 14:01:38 Result: found home directory: /var/cache/man (directory does not exist)
2026-08-17 14:01:38 Result: found home directory: /var/list (directory does not exist)
2026-08-17 14:01:38 Result: found home directory: /var/mail (directory exists)
2026-08-17 14:01:38 Result: found home directory: /var/spool/lpd (directory does not exist)
2026-08-17 14:01:38 Result: found home directory: /var/spool/news (directory does not exist)
2026-08-17 14:01:38 Result: found home directory: /var/spool/uucp (directory does not exist)
2026-08-17 14:01:38 Result: found home directory: /var/www (directory does not exist)
2026-08-17 14:01:38 ====
2026-08-17 14:01:38 Performing test ID HOME-9304 (Check if users' home directories permissions are 750 or more restrictive)
2026-08-17 14:01:38 Test: checking directory '/home/brahmadanda' for user 'brahmadanda'
2026-08-17 14:01:38 Result: permissions of home directory /home/brahmadanda of user brahmadanda are not strict enough. Should be 750 or more restrictive. Change with: chmod 750 /home/brahmadanda
2026-08-17 14:01:38 Suggestion: Double check the permissions of home directories as some might be not strict enough. [test:HOME-9304] [details:-] [solution:-]
2026-08-17 14:01:38 ====
2026-08-17 14:01:38 Performing test ID HOME-9306 (Check if users own their home directories)
2026-08-17 14:01:38 Test: checking directory '/home/brahmadanda' for user 'brahmadanda'
2026-08-17 14:01:38 Result: ownership of home directory /home/brahmadanda for user brahmadanda looks to be correct
2026-08-17 14:01:38 Result: OK, all users own their home directories
2026-08-17 14:01:38 ====
2026-08-17 14:01:38 Performing test ID HOME-9310 (Checking for suspicious shell history files)
2026-08-17 14:01:38 Result: Ok, history files are type 'file'.
2026-08-17 14:01:38 Remark: History files are normally of the type 'file'. Symbolic links and other types are suspicious.
2026-08-17 14:01:38 ====
2026-08-17 14:01:38 Performing test ID HOME-9350 (Collecting information from home directories)
2026-08-17 14:01:38 Result: IGNORE_HOME_DIRS empty, no paths excluded
2026-08-17 14:01:38 Security check: file is normal
2026-08-17 14:01:38 Checking permissions of /usr/share/lynis/include/tests_kernel_hardening
2026-08-17 14:01:38 File permissions are OK
2026-08-17 14:01:38 ====
2026-08-17 14:01:38 Action: Performing tests from category: Kernel Hardening
2026-08-17 14:01:38 ====
2026-08-17 14:01:38 Performing test ID KRNL-6000 (Check sysctl key pairs in scan profile)
2026-08-17 14:01:38 Result: key dev.tty.ldisc_autoload does not exist on this machine
2026-08-17 14:01:38 Result: key fs.protected_fifos does not exist on this machine
2026-08-17 14:01:38 Result: key fs.protected_hardlinks does not exist on this machine
2026-08-17 14:01:38 Result: key fs.protected_regular does not exist on this machine
2026-08-17 14:01:38 Result: key fs.protected_symlinks does not exist on this machine
2026-08-17 14:01:38 Result: key fs.suid_dumpable does not exist on this machine
2026-08-17 14:01:38 Result: key hw.kbd.keymap_restrict_change does not exist on this machine
2026-08-17 14:01:38 Result: key kern.sugid_coredump does not exist on this machine
2026-08-17 14:01:38 Result: key kernel.core_setuid_ok does not exist on this machine
2026-08-17 14:01:38 Result: key kernel.core_uses_pid does not exist on this machine
2026-08-17 14:01:38 Result: key kernel.ctrl-alt-del does not exist on this machine
2026-08-17 14:01:38 Result: key kernel.dmesg_restrict does not exist on this machine
2026-08-17 14:01:38 Result: key kernel.exec-shield-randomize does not exist on this machine
2026-08-17 14:01:38 Result: key kernel.exec-shield does not exist on this machine
2026-08-17 14:01:38 Result: key kernel.kptr_restrict does not exist on this machine
2026-08-17 14:01:38 Result: key kernel.maps_protect does not exist on this machine
2026-08-17 14:01:38 Result: key kernel.modules_disabled does not exist on this machine
2026-08-17 14:01:38 Result: key kernel.perf_event_paranoid does not exist on this machine
2026-08-17 14:01:38 Result: key kernel.randomize_va_space does not exist on this machine
2026-08-17 14:01:38 Result: key kernel.suid_dumpable does not exist on this machine
2026-08-17 14:01:38 Result: key kernel.sysrq does not exist on this machine
2026-08-17 14:01:38 Result: key kernel.unprivileged_bpf_disabled does not exist on this machine
2026-08-17 14:01:38 Result: key kernel.use-nx does not exist on this machine
2026-08-17 14:01:38 Result: key kernel.yama.ptrace_scope does not exist on this machine
2026-08-17 14:01:38 Result: key net.core.bpf_jit_harden does not exist on this machine
2026-08-17 14:01:38 Result: key net.inet.icmp.bmcastecho does not exist on this machine
2026-08-17 14:01:38 Result: key net.inet.icmp.drop_redirect does not exist on this machine
2026-08-17 14:01:38 Result: key net.inet.icmp.rediraccept does not exist on this machine
2026-08-17 14:01:38 Result: key net.inet.icmp.timestamp does not exist on this machine
2026-08-17 14:01:38 Result: key net.inet.ip.accept_sourceroute does not exist on this machine
2026-08-17 14:01:38 Result: key net.inet.ip.check_interface does not exist on this machine
2026-08-17 14:01:38 Result: key net.inet.ip.forwarding does not exist on this machine
2026-08-17 14:01:38 Result: key net.inet.ip.linklocal.in.allowbadttl does not exist on this machine
2026-08-17 14:01:38 Result: key net.inet.ip.process_options does not exist on this machine
2026-08-17 14:01:38 Result: key net.inet.ip.random_id does not exist on this machine
2026-08-17 14:01:38 Result: key net.inet.ip.redirect does not exist on this machine
2026-08-17 14:01:38 Result: key net.inet.ip.sourceroute does not exist on this machine
2026-08-17 14:01:38 Result: key net.inet.ip6.redirect does not exist on this machine
2026-08-17 14:01:38 Result: key net.inet.tcp.always_keepalive does not exist on this machine
2026-08-17 14:01:38 Result: key net.inet.tcp.blackhole does not exist on this machine
2026-08-17 14:01:38 Result: key net.inet.tcp.drop_synfin does not exist on this machine
2026-08-17 14:01:38 Result: key net.inet.tcp.icmp_may_rst does not exist on this machine
2026-08-17 14:01:38 Result: key net.inet.tcp.nolocaltimewait does not exist on this machine
2026-08-17 14:01:38 Result: key net.inet.tcp.path_mtu_discovery does not exist on this machine
2026-08-17 14:01:38 Result: key net.inet.udp.blackhole does not exist on this machine
2026-08-17 14:01:38 Result: key net.inet6.icmp6.rediraccept does not exist on this machine
2026-08-17 14:01:38 Result: key net.inet6.ip6.forwarding does not exist on this machine
2026-08-17 14:01:38 Result: key net.inet6.ip6.fw.enable does not exist on this machine
2026-08-17 14:01:38 Result: key net.inet6.ip6.redirect does not exist on this machine
2026-08-17 14:01:38 Result: key net.ipv4.conf.all.accept_redirects does not exist on this machine
2026-08-17 14:01:38 Result: key net.ipv4.conf.all.accept_source_route does not exist on this machine
2026-08-17 14:01:38 Result: key net.ipv4.conf.all.bootp_relay does not exist on this machine
2026-08-17 14:01:38 Result: key net.ipv4.conf.all.forwarding does not exist on this machine
2026-08-17 14:01:38 Result: key net.ipv4.conf.all.log_martians does not exist on this machine
2026-08-17 14:01:38 Result: key net.ipv4.conf.all.mc_forwarding does not exist on this machine
2026-08-17 14:01:38 Result: key net.ipv4.conf.all.proxy_arp does not exist on this machine
2026-08-17 14:01:38 Result: key net.ipv4.conf.all.rp_filter does not exist on this machine
2026-08-17 14:01:38 Result: key net.ipv4.conf.all.send_redirects does not exist on this machine
2026-08-17 14:01:38 Result: key net.ipv4.conf.default.accept_redirects does not exist on this machine
2026-08-17 14:01:38 Result: key net.ipv4.conf.default.accept_source_route does not exist on this machine
2026-08-17 14:01:38 Result: key net.ipv4.conf.default.log_martians does not exist on this machine
2026-08-17 14:01:38 Result: key net.ipv4.icmp_echo_ignore_broadcasts does not exist on this machine
2026-08-17 14:01:38 Result: key net.ipv4.icmp_ignore_bogus_error_responses does not exist on this machine
2026-08-17 14:01:38 Result: key net.ipv4.tcp_syncookies does not exist on this machine
2026-08-17 14:01:38 Result: key net.ipv4.tcp_timestamps does not exist on this machine
2026-08-17 14:01:38 Result: key net.ipv6.conf.all.accept_redirects does not exist on this machine
2026-08-17 14:01:38 Result: key net.ipv6.conf.all.accept_source_route does not exist on this machine
2026-08-17 14:01:38 Result: key net.ipv6.conf.all.send_redirects does not exist on this machine
2026-08-17 14:01:38 Result: key net.ipv6.conf.default.accept_redirects does not exist on this machine
2026-08-17 14:01:38 Result: key net.ipv6.conf.default.accept_source_route does not exist on this machine
2026-08-17 14:01:38 Result: key security.bsd.hardlink_check_gid does not exist on this machine
2026-08-17 14:01:38 Result: key security.bsd.hardlink_check_uid does not exist on this machine
2026-08-17 14:01:38 Result: key security.bsd.see_other_gids does not exist on this machine
2026-08-17 14:01:38 Result: key security.bsd.see_other_uids does not exist on this machine
2026-08-17 14:01:38 Result: key security.bsd.stack_guard_page does not exist on this machine
2026-08-17 14:01:38 Result: key security.bsd.unprivileged_proc_debug does not exist on this machine
2026-08-17 14:01:38 Result: key security.bsd.unprivileged_read_msgbuf does not exist on this machine
2026-08-17 14:01:38 Security check: file is normal
2026-08-17 14:01:38 Checking permissions of /usr/share/lynis/include/tests_hardening
2026-08-17 14:01:38 File permissions are OK
2026-08-17 14:01:38 ====
2026-08-17 14:01:38 Action: Performing tests from category: Hardening
2026-08-17 14:01:38 ====
2026-08-17 14:01:38 Performing test ID HRDN-7220 (Check if one or more compilers are installed)
2026-08-17 14:01:38 Test: Check if one or more compilers can be found on the system
2026-08-17 14:01:38 Result: no compilers found
2026-08-17 14:01:38 Hardening: assigned maximum number of hardening points for this item (3). Currently having 87 points (out of 157)
2026-08-17 14:01:38 ====
2026-08-17 14:01:38 Performing test ID HRDN-7222 (Check compiler permissions)
2026-08-17 14:01:38 Test: Check if one or more compilers can be found on the system
2026-08-17 14:01:38 Result: no compilers found
2026-08-17 14:01:38 ====
2026-08-17 14:01:38 Performing test ID HRDN-7230 (Check for malware scanner)
2026-08-17 14:01:38 Test: Check if a malware scanner is installed
2026-08-17 14:01:38 Result: no malware scanner found
2026-08-17 14:01:38 Suggestion: Harden the system by installing at least one malware scanner, to perform periodic file system scans [test:HRDN-7230] [details:-] [solution:Install a tool like rkhunter, chkrootkit, OSSEC]
2026-08-17 14:01:38 Hardening: assigned partial number of hardening points (1 of 3). Currently having 88 points (out of 160)
2026-08-17 14:01:38 Result: no malware scanner found
2026-08-17 14:01:38 ====
2026-08-17 14:01:38 Performing test ID HRDN-7231 (Check for registered non-native binary formats)
2026-08-17 14:01:38 Test: Check for registered non-native binary formats
2026-08-17 14:01:38 Result: no non-native binary formats found
2026-08-17 14:01:38 ====
2026-08-17 14:01:38 Action: Performing tests from category: Custom tests
2026-08-17 14:01:38 Test: Checking for tests_custom file
2026-08-17 14:01:38 ====
2026-08-17 14:01:38 Action: Performing plugin tests
2026-08-17 14:01:38 Result: Found 1 plugins of which 1 are enabled
2026-08-17 14:01:38 Result: Plugins phase 2 finished
2026-08-17 14:01:38 Checking permissions of /usr/share/lynis/include/report
2026-08-17 14:01:38 File permissions are OK
2026-08-17 14:01:38 Hardening index : [55] [###########         ]
2026-08-17 14:01:38 Hardening strength: System has been hardened, but could use additional hardening
2026-08-17 14:01:38 ====
2026-08-17 14:01:39 Checking permissions of /usr/share/lynis/include/tool_tips
2026-08-17 14:01:39 File permissions are OK
2026-08-17 14:01:39 Tool tips: enabled
2026-08-17 14:01:39 ================================================================================
2026-08-17 14:01:39 Tests performed:     218
2026-08-17 14:01:39 Total tests:         453
2026-08-17 14:01:39 Active plugins:      1
2026-08-17 14:01:39 Total plugins:       1
2026-08-17 14:01:39 ================================================================================
2026-08-17 14:01:39 Lynis 3.0.8
2026-08-17 14:01:39 2007-2021, CISOfy - https://cisofy.com/lynis/
2026-08-17 14:01:39 Enterprise support available (compliance, plugins, interface and tools)
2026-08-17 14:01:39 Program ended successfully
2026-08-17 14:01:39 ================================================================================
2026-08-17 14:01:39 PID file not found (/home/brahmadanda/lynis.pid)
2026-08-17 14:01:39 Temporary files:  /tmp/lynis.j8AwkBtE1l /tmp/lynis.mNQQt5fJ3u /tmp/lynis.AZGQnwPLd5
2026-08-17 14:01:39 Action: removing temporary file /tmp/lynis.j8AwkBtE1l
2026-08-17 14:01:39 Info: temporary file /tmp/lynis.mNQQt5fJ3u was already removed
2026-08-17 14:01:39 Info: temporary file /tmp/lynis.AZGQnwPLd5 was already removed
2026-08-17 14:01:39 Lynis ended successfully.
